"GET /api/session/ HTTP/1.1" 200 23
"GET /api/session/ HTTP/1.1" 200 23
"GET /api/session/ HTTP/1.1" 200 23
"GET /api/session/ HTTP/1.1" 200 23
"GET /api/health/ HTTP/1.1" 200 16
"GET /api/csrf/ HTTP/1.1" 200 120
"GET /api/session/ HTTP/1.1" 200 23
"GET /api/session/ HTTP/1.1" 200 23
(0.018) SELECT "auth_user"."id", "auth_user"."password", "auth_user"."last_login", "auth_user"."is_superuser", "auth_user"."username", "auth_user"."first_name", "auth_user"."last_name", "auth_user"."email", "auth_user"."is_staff", "auth_user"."is_active", "auth_user"."date_joined" FROM "auth_user" WHERE "auth_user"."username" = 'kipsang825@gmail.com' LIMIT 21; args=('kipsang825@gmail.com',); alias=default
(0.002) SELECT 1 AS "a" FROM "django_session" WHERE "django_session"."session_key" = '147qlgn9my4ww2uk493c1tv0exm1ugez' LIMIT 1; args=(1, '147qlgn9my4ww2uk493c1tv0exm1ugez'); alias=default
(0.000) BEGIN; args=None; alias=default
(0.004) INSERT INTO "django_session" ("session_key", "session_data", "expire_date") VALUES ('147qlgn9my4ww2uk493c1tv0exm1ugez', 'eyJzZXNzaW9uX3ZlcnNpb24iOjF9:1w7aJG:BKVeRVbXcTTycLkHZoT89zPyYnmpU1WEe6a2RCf8KPQ', '2026-03-31T14:53:14.948488+00:00'::timestamptz); args=('147qlgn9my4ww2uk493c1tv0exm1ugez', 'eyJzZXNzaW9uX3ZlcnNpb24iOjF9:1w7aJG:BKVeRVbXcTTycLkHZoT89zPyYnmpU1WEe6a2RCf8KPQ', datetime.datetime(2026, 3, 31, 14, 53, 14, 948488, tzinfo=datetime.timezone.utc)); alias=default
(0.006) COMMIT; args=None; alias=default
(0.001) SELECT "auth_user"."id", "auth_user"."password", "auth_user"."last_login", "auth_user"."is_superuser", "auth_user"."username", "auth_user"."first_name", "auth_user"."last_name", "auth_user"."email", "auth_user"."is_staff", "auth_user"."is_active", "auth_user"."date_joined" FROM "auth_user" WHERE "auth_user"."id" = 51 LIMIT 21; args=(51,); alias=default
(0.005) UPDATE "auth_user" SET "last_login" = '2026-03-31T14:43:14.965395+00:00'::timestamptz WHERE "auth_user"."id" = 51; args=(datetime.datetime(2026, 3, 31, 14, 43, 14, 965395, tzinfo=datetime.timezone.utc), 51); alias=default
(0.000) BEGIN; args=None; alias=default
(0.002) UPDATE "django_session" SET "session_data" = '.eJxVjrGOwyAQRP-FNhe0y2IwlOnTXY8Ws5x9F9mSca6J8u-xpTSpRpp5M5qHatLatMzpX9ZDVcQvlfi-jeneZE1TUVF1qD7MzMOfzEdSfnn-WfSwzNs6ZX0g-p02fV2K3C5v9mNg5Dbu7SHUvpacbSCqpXDuxWXvoVLospDDCiCI1fVDzz50xRljfAXOzhEX2kdv3LbURPbjyoBxZ6Az4TfaaCmi1cFbg_4EEAHU8wVCv0sH:1w7aJG:jqd5tCjQp2xRo-n86e3IwATkDD53mLkLBHt6unpNYHg', "expire_date" = '2026-03-31T14:53:14.974692+00:00'::timestamptz WHERE "django_session"."session_key" = '147qlgn9my4ww2uk493c1tv0exm1ugez'; args=('.eJxVjrGOwyAQRP-FNhe0y2IwlOnTXY8Ws5x9F9mSca6J8u-xpTSpRpp5M5qHatLatMzpX9ZDVcQvlfi-jeneZE1TUVF1qD7MzMOfzEdSfnn-WfSwzNs6ZX0g-p02fV2K3C5v9mNg5Dbu7SHUvpacbSCqpXDuxWXvoVLospDDCiCI1fVDzz50xRljfAXOzhEX2kdv3LbURPbjyoBxZ6Az4TfaaCmi1cFbg_4EEAHU8wVCv0sH:1w7aJG:jqd5tCjQp2xRo-n86e3IwATkDD53mLkLBHt6unpNYHg', datetime.datetime(2026, 3, 31, 14, 53, 14, 974692, tzinfo=datetime.timezone.utc), '147qlgn9my4ww2uk493c1tv0exm1ugez'); alias=default
(0.005) COMMIT; args=None; alias=default
"POST /api/login/ HTTP/1.1" 200 135
(0.004) SELECT "django_session"."session_key", "django_session"."session_data", "django_session"."expire_date" FROM "django_session" WHERE ("django_session"."expire_date" > '2026-03-31T14:43:15.024656+00:00'::timestamptz AND "django_session"."session_key" = '147qlgn9my4ww2uk493c1tv0exm1ugez') LIMIT 21; args=(datetime.datetime(2026, 3, 31, 14, 43, 15, 24656, tzinfo=datetime.timezone.utc), '147qlgn9my4ww2uk493c1tv0exm1ugez'); alias=default
(0.001) SELECT "auth_user"."id", "auth_user"."password", "auth_user"."last_login", "auth_user"."is_superuser", "auth_user"."username", "auth_user"."first_name", "auth_user"."last_name", "auth_user"."email", "auth_user"."is_staff", "auth_user"."is_active", "auth_user"."date_joined" FROM "auth_user" WHERE "auth_user"."id" = 51 LIMIT 21; args=(51,); alias=default
(0.000) BEGIN; args=None; alias=default
(0.001) UPDATE "django_session" SET "session_data" = '.eJxVjrFuhDAQRP_Fbe6sXS_YxmX6dOmtNV4HcggkzKU53b8HJBqqkWbejOalqtQ6LnP8k_VQFfCmIj-3IT6rrHHMKqgW1cVM3D9kPpL8y_PPovtl3tYx6QPRZ1r115Jl-jzZy8DAddjbfVd8ySk1HVHJmZMXm5yDQl2bhCwWAEEs1veeXddma4xxBThZS5xpH524brGK7MeVAWPvQHfCb2xCQwFbDc5bjx8AAUC9_wFCvUsI:1w7aJH:5HQvEIWDk9RMUhNKLYWPU7ra3Ac5T26FxFhn44-69f8', "expire_date" = '2026-03-31T14:53:15.079937+00:00'::timestamptz WHERE "django_session"."session_key" = '147qlgn9my4ww2uk493c1tv0exm1ugez'; args=('.eJxVjrFuhDAQRP_Fbe6sXS_YxmX6dOmtNV4HcggkzKU53b8HJBqqkWbejOalqtQ6LnP8k_VQFfCmIj-3IT6rrHHMKqgW1cVM3D9kPpL8y_PPovtl3tYx6QPRZ1r115Jl-jzZy8DAddjbfVd8ySk1HVHJmZMXm5yDQl2bhCwWAEEs1veeXddma4xxBThZS5xpH524brGK7MeVAWPvQHfCb2xCQwFbDc5bjx8AAUC9_wFCvUsI:1w7aJH:5HQvEIWDk9RMUhNKLYWPU7ra3Ac5T26FxFhn44-69f8', datetime.datetime(2026, 3, 31, 14, 53, 15, 79937, tzinfo=datetime.timezone.utc), '147qlgn9my4ww2uk493c1tv0exm1ugez'); alias=default
(0.004) COMMIT; args=None; alias=default
"GET /api/session/ HTTP/1.1" 200 144
(0.004) SELECT "django_session"."session_key", "django_session"."session_data", "django_session"."expire_date" FROM "django_session" WHERE ("django_session"."expire_date" > '2026-03-31T14:43:15.167048+00:00'::timestamptz AND "django_session"."session_key" = '147qlgn9my4ww2uk493c1tv0exm1ugez') LIMIT 21; args=(datetime.datetime(2026, 3, 31, 14, 43, 15, 167048, tzinfo=datetime.timezone.utc), '147qlgn9my4ww2uk493c1tv0exm1ugez'); alias=default
(0.001) SELECT "auth_user"."id", "auth_user"."password", "auth_user"."last_login", "auth_user"."is_superuser", "auth_user"."username", "auth_user"."first_name", "auth_user"."last_name", "auth_user"."email", "auth_user"."is_staff", "auth_user"."is_active", "auth_user"."date_joined" FROM "auth_user" WHERE "auth_user"."id" = 51 LIMIT 21; args=(51,); alias=default
Exception while resolving variable 'name' in template 'unknown'.
Traceback (most recent call last):
  File "/home/haron/miniconda3/envs/rsmc-env/lib/python3.11/site-packages/django/core/handlers/exception.py", line 55, in inner
    response = get_response(request)
               ^^^^^^^^^^^^^^^^^^^^^
  File "/home/haron/miniconda3/envs/rsmc-env/lib/python3.11/site-packages/django/core/handlers/base.py", line 181, in _get_response
    callback, callback_args, callback_kwargs = self.resolve_request(request)
                                               ^^^^^^^^^^^^^^^^^^^^^^^^^^^^^
  File "/home/haron/miniconda3/envs/rsmc-env/lib/python3.11/site-packages/django/core/handlers/base.py", line 313, in resolve_request
    resolver_match = resolver.resolve(request.path_info)
                     ^^^^^^^^^^^^^^^^^^^^^^^^^^^^^^^^^^^
  File "/home/haron/miniconda3/envs/rsmc-env/lib/python3.11/site-packages/django/urls/resolvers.py", line 705, in resolve
    raise Resolver404({"tried": tried, "path": new_path})
django.urls.exceptions.Resolver404: {'tried': [[<URLResolver <URLPattern list> (admin:admin) 'admin/'>], [<URLResolver <module 'home.home.urls' from '/home/haron/kmd/kmd_web/web_service/home/home/urls.py'> (None:None) 'api/'>, <URLPattern 'home/' [name='home-list']>], [<URLResolver <module 'home.home.urls' from '/home/haron/kmd/kmd_web/web_service/home/home/urls.py'> (None:None) 'api/'>, <URLPattern 'home/<slug:slug>/' [name='home-detail']>], [<URLResolver <module 'home.home.urls' from '/home/haron/kmd/kmd_web/web_service/home/home/urls.py'> (None:None) 'api/'>, <URLPattern 'health/' [name='health']>], [<URLResolver <module 'pages.urls' from '/home/haron/kmd/kmd_web/web_service/pages/urls.py'> (None:None) 'api/'>, <URLPattern 'pages/<slug:slug>/' [name='page-detail']>], [<URLResolver <module 'nwp_models.urls' from '/home/haron/kmd/kmd_web/web_service/nwp_models/urls.py'> (None:None) 'api/nwp_models/'>], [<URLResolver <module 'forecasts.urls' from '/home/haron/kmd/kmd_web/web_service/forecasts/urls.py'> (forecasts:forecasts) 'api/forecasts/'>], [<URLResolver <module 'swfp_evaluation.urls' from '/home/haron/kmd/kmd_web/web_service/swfp_evaluation/urls.py'> (None:None) 'api/swfp_evaluation/'>], [<URLResolver <module 'news.urls' from '/home/haron/kmd/kmd_web/web_service/news/urls.py'> (None:None) 'api/'>, <URLPattern 'news/' [name='news-list']>], [<URLResolver <module 'news.urls' from '/home/haron/kmd/kmd_web/web_service/news/urls.py'> (None:None) 'api/'>, <URLPattern 'news/<slug:slug>/' [name='news-detail']>], [<URLResolver <module 'news.urls' from '/home/haron/kmd/kmd_web/web_service/news/urls.py'> (None:None) 'api/'>, <URLPattern 'announcements/active/' [name='active-announcements']>], [<URLResolver <module 'news.urls' from '/home/haron/kmd/kmd_web/web_service/news/urls.py'> (None:None) 'api/'>, <URLPattern 'announcements/active/<slug:slug>/' [name='active-announcements-detail']>], [<URLResolver <module 'news.urls' from '/home/haron/kmd/kmd_web/web_service/news/urls.py'> (None:None) 'api/'>, <URLPattern 'warnings/active/' [name='active-warnings']>], [<URLResolver <module 'news.urls' from '/home/haron/kmd/kmd_web/web_service/news/urls.py'> (None:None) 'api/'>, <URLPattern 'events/upcoming/'>], [<URLResolver <module 'user_accounts.urls' from '/home/haron/kmd/kmd_web/web_service/user_accounts/urls.py'> (None:None) 'api/'>, <URLPattern 'csrf/'>], [<URLResolver <module 'user_accounts.urls' from '/home/haron/kmd/kmd_web/web_service/user_accounts/urls.py'> (None:None) 'api/'>, <URLPattern 'login/'>], [<URLResolver <module 'user_accounts.urls' from '/home/haron/kmd/kmd_web/web_service/user_accounts/urls.py'> (None:None) 'api/'>, <URLPattern 'logout/'>], [<URLResolver <module 'user_accounts.urls' from '/home/haron/kmd/kmd_web/web_service/user_accounts/urls.py'> (None:None) 'api/'>, <URLPattern 'session/'>], [<URLResolver <module 'user_accounts.urls' from '/home/haron/kmd/kmd_web/web_service/user_accounts/urls.py'> (None:None) 'api/'>, <URLPattern 'auth/register/'>], [<URLResolver <module 'user_accounts.urls' from '/home/haron/kmd/kmd_web/web_service/user_accounts/urls.py'> (None:None) 'api/'>, <URLPattern 'auth/forgot-password/'>], [<URLResolver <module 'user_accounts.urls' from '/home/haron/kmd/kmd_web/web_service/user_accounts/urls.py'> (None:None) 'api/'>, <URLPattern 'auth/reset-password/'>], [<URLResolver <module 'user_accounts.urls' from '/home/haron/kmd/kmd_web/web_service/user_accounts/urls.py'> (None:None) 'api/'>, <URLPattern 'auth/set-password/'>], [<URLResolver <module 'user_accounts.urls' from '/home/haron/kmd/kmd_web/web_service/user_accounts/urls.py'> (None:None) 'api/'>, <URLPattern 'auth/validate-reset-token/'>], [<URLPattern '^uploads/(?P<path>.*)$'>]], 'path': 'api/news'}

During handling of the above exception, another exception occurred:

Traceback (most recent call last):
  File "/home/haron/miniconda3/envs/rsmc-env/lib/python3.11/site-packages/django/template/base.py", line 892, in _resolve_lookup
    raise TypeError
TypeError

During handling of the above exception, another exception occurred:

Traceback (most recent call last):
  File "/home/haron/miniconda3/envs/rsmc-env/lib/python3.11/site-packages/django/template/base.py", line 903, in _resolve_lookup
    current = getattr(current, bit)
              ^^^^^^^^^^^^^^^^^^^^^
AttributeError: 'URLResolver' object has no attribute 'name'

During handling of the above exception, another exception occurred:

Traceback (most recent call last):
  File "/home/haron/miniconda3/envs/rsmc-env/lib/python3.11/site-packages/django/template/base.py", line 909, in _resolve_lookup
    current = current[int(bit)]
                      ^^^^^^^^
ValueError: invalid literal for int() with base 10: 'name'

During handling of the above exception, another exception occurred:

Traceback (most recent call last):
  File "/home/haron/miniconda3/envs/rsmc-env/lib/python3.11/site-packages/django/template/base.py", line 916, in _resolve_lookup
    raise VariableDoesNotExist(
django.template.base.VariableDoesNotExist: Failed lookup for key [name] in <URLResolver <URLPattern list> (admin:admin) 'admin/'>
Exception while resolving variable 'name' in template 'unknown'.
Traceback (most recent call last):
  File "/home/haron/miniconda3/envs/rsmc-env/lib/python3.11/site-packages/django/core/handlers/exception.py", line 55, in inner
    response = get_response(request)
               ^^^^^^^^^^^^^^^^^^^^^
  File "/home/haron/miniconda3/envs/rsmc-env/lib/python3.11/site-packages/django/core/handlers/base.py", line 181, in _get_response
    callback, callback_args, callback_kwargs = self.resolve_request(request)
                                               ^^^^^^^^^^^^^^^^^^^^^^^^^^^^^
  File "/home/haron/miniconda3/envs/rsmc-env/lib/python3.11/site-packages/django/core/handlers/base.py", line 313, in resolve_request
    resolver_match = resolver.resolve(request.path_info)
                     ^^^^^^^^^^^^^^^^^^^^^^^^^^^^^^^^^^^
  File "/home/haron/miniconda3/envs/rsmc-env/lib/python3.11/site-packages/django/urls/resolvers.py", line 705, in resolve
    raise Resolver404({"tried": tried, "path": new_path})
django.urls.exceptions.Resolver404: {'tried': [[<URLResolver <URLPattern list> (admin:admin) 'admin/'>], [<URLResolver <module 'home.home.urls' from '/home/haron/kmd/kmd_web/web_service/home/home/urls.py'> (None:None) 'api/'>, <URLPattern 'home/' [name='home-list']>], [<URLResolver <module 'home.home.urls' from '/home/haron/kmd/kmd_web/web_service/home/home/urls.py'> (None:None) 'api/'>, <URLPattern 'home/<slug:slug>/' [name='home-detail']>], [<URLResolver <module 'home.home.urls' from '/home/haron/kmd/kmd_web/web_service/home/home/urls.py'> (None:None) 'api/'>, <URLPattern 'health/' [name='health']>], [<URLResolver <module 'pages.urls' from '/home/haron/kmd/kmd_web/web_service/pages/urls.py'> (None:None) 'api/'>, <URLPattern 'pages/<slug:slug>/' [name='page-detail']>], [<URLResolver <module 'nwp_models.urls' from '/home/haron/kmd/kmd_web/web_service/nwp_models/urls.py'> (None:None) 'api/nwp_models/'>], [<URLResolver <module 'forecasts.urls' from '/home/haron/kmd/kmd_web/web_service/forecasts/urls.py'> (forecasts:forecasts) 'api/forecasts/'>], [<URLResolver <module 'swfp_evaluation.urls' from '/home/haron/kmd/kmd_web/web_service/swfp_evaluation/urls.py'> (None:None) 'api/swfp_evaluation/'>], [<URLResolver <module 'news.urls' from '/home/haron/kmd/kmd_web/web_service/news/urls.py'> (None:None) 'api/'>, <URLPattern 'news/' [name='news-list']>], [<URLResolver <module 'news.urls' from '/home/haron/kmd/kmd_web/web_service/news/urls.py'> (None:None) 'api/'>, <URLPattern 'news/<slug:slug>/' [name='news-detail']>], [<URLResolver <module 'news.urls' from '/home/haron/kmd/kmd_web/web_service/news/urls.py'> (None:None) 'api/'>, <URLPattern 'announcements/active/' [name='active-announcements']>], [<URLResolver <module 'news.urls' from '/home/haron/kmd/kmd_web/web_service/news/urls.py'> (None:None) 'api/'>, <URLPattern 'announcements/active/<slug:slug>/' [name='active-announcements-detail']>], [<URLResolver <module 'news.urls' from '/home/haron/kmd/kmd_web/web_service/news/urls.py'> (None:None) 'api/'>, <URLPattern 'warnings/active/' [name='active-warnings']>], [<URLResolver <module 'news.urls' from '/home/haron/kmd/kmd_web/web_service/news/urls.py'> (None:None) 'api/'>, <URLPattern 'events/upcoming/'>], [<URLResolver <module 'user_accounts.urls' from '/home/haron/kmd/kmd_web/web_service/user_accounts/urls.py'> (None:None) 'api/'>, <URLPattern 'csrf/'>], [<URLResolver <module 'user_accounts.urls' from '/home/haron/kmd/kmd_web/web_service/user_accounts/urls.py'> (None:None) 'api/'>, <URLPattern 'login/'>], [<URLResolver <module 'user_accounts.urls' from '/home/haron/kmd/kmd_web/web_service/user_accounts/urls.py'> (None:None) 'api/'>, <URLPattern 'logout/'>], [<URLResolver <module 'user_accounts.urls' from '/home/haron/kmd/kmd_web/web_service/user_accounts/urls.py'> (None:None) 'api/'>, <URLPattern 'session/'>], [<URLResolver <module 'user_accounts.urls' from '/home/haron/kmd/kmd_web/web_service/user_accounts/urls.py'> (None:None) 'api/'>, <URLPattern 'auth/register/'>], [<URLResolver <module 'user_accounts.urls' from '/home/haron/kmd/kmd_web/web_service/user_accounts/urls.py'> (None:None) 'api/'>, <URLPattern 'auth/forgot-password/'>], [<URLResolver <module 'user_accounts.urls' from '/home/haron/kmd/kmd_web/web_service/user_accounts/urls.py'> (None:None) 'api/'>, <URLPattern 'auth/reset-password/'>], [<URLResolver <module 'user_accounts.urls' from '/home/haron/kmd/kmd_web/web_service/user_accounts/urls.py'> (None:None) 'api/'>, <URLPattern 'auth/set-password/'>], [<URLResolver <module 'user_accounts.urls' from '/home/haron/kmd/kmd_web/web_service/user_accounts/urls.py'> (None:None) 'api/'>, <URLPattern 'auth/validate-reset-token/'>], [<URLPattern '^uploads/(?P<path>.*)$'>]], 'path': 'api/news'}

During handling of the above exception, another exception occurred:

Traceback (most recent call last):
  File "/home/haron/miniconda3/envs/rsmc-env/lib/python3.11/site-packages/django/template/base.py", line 892, in _resolve_lookup
    raise TypeError
TypeError

During handling of the above exception, another exception occurred:

Traceback (most recent call last):
  File "/home/haron/miniconda3/envs/rsmc-env/lib/python3.11/site-packages/django/template/base.py", line 903, in _resolve_lookup
    current = getattr(current, bit)
              ^^^^^^^^^^^^^^^^^^^^^
AttributeError: 'URLResolver' object has no attribute 'name'

During handling of the above exception, another exception occurred:

Traceback (most recent call last):
  File "/home/haron/miniconda3/envs/rsmc-env/lib/python3.11/site-packages/django/template/base.py", line 909, in _resolve_lookup
    current = current[int(bit)]
                      ^^^^^^^^
ValueError: invalid literal for int() with base 10: 'name'

During handling of the above exception, another exception occurred:

Traceback (most recent call last):
  File "/home/haron/miniconda3/envs/rsmc-env/lib/python3.11/site-packages/django/template/base.py", line 916, in _resolve_lookup
    raise VariableDoesNotExist(
django.template.base.VariableDoesNotExist: Failed lookup for key [name] in <URLResolver <module 'nwp_models.urls' from '/home/haron/kmd/kmd_web/web_service/nwp_models/urls.py'> (None:None) 'api/nwp_models/'>
Exception while resolving variable 'name' in template 'unknown'.
Traceback (most recent call last):
  File "/home/haron/miniconda3/envs/rsmc-env/lib/python3.11/site-packages/django/core/handlers/exception.py", line 55, in inner
    response = get_response(request)
               ^^^^^^^^^^^^^^^^^^^^^
  File "/home/haron/miniconda3/envs/rsmc-env/lib/python3.11/site-packages/django/core/handlers/base.py", line 181, in _get_response
    callback, callback_args, callback_kwargs = self.resolve_request(request)
                                               ^^^^^^^^^^^^^^^^^^^^^^^^^^^^^
  File "/home/haron/miniconda3/envs/rsmc-env/lib/python3.11/site-packages/django/core/handlers/base.py", line 313, in resolve_request
    resolver_match = resolver.resolve(request.path_info)
                     ^^^^^^^^^^^^^^^^^^^^^^^^^^^^^^^^^^^
  File "/home/haron/miniconda3/envs/rsmc-env/lib/python3.11/site-packages/django/urls/resolvers.py", line 705, in resolve
    raise Resolver404({"tried": tried, "path": new_path})
django.urls.exceptions.Resolver404: {'tried': [[<URLResolver <URLPattern list> (admin:admin) 'admin/'>], [<URLResolver <module 'home.home.urls' from '/home/haron/kmd/kmd_web/web_service/home/home/urls.py'> (None:None) 'api/'>, <URLPattern 'home/' [name='home-list']>], [<URLResolver <module 'home.home.urls' from '/home/haron/kmd/kmd_web/web_service/home/home/urls.py'> (None:None) 'api/'>, <URLPattern 'home/<slug:slug>/' [name='home-detail']>], [<URLResolver <module 'home.home.urls' from '/home/haron/kmd/kmd_web/web_service/home/home/urls.py'> (None:None) 'api/'>, <URLPattern 'health/' [name='health']>], [<URLResolver <module 'pages.urls' from '/home/haron/kmd/kmd_web/web_service/pages/urls.py'> (None:None) 'api/'>, <URLPattern 'pages/<slug:slug>/' [name='page-detail']>], [<URLResolver <module 'nwp_models.urls' from '/home/haron/kmd/kmd_web/web_service/nwp_models/urls.py'> (None:None) 'api/nwp_models/'>], [<URLResolver <module 'forecasts.urls' from '/home/haron/kmd/kmd_web/web_service/forecasts/urls.py'> (forecasts:forecasts) 'api/forecasts/'>], [<URLResolver <module 'swfp_evaluation.urls' from '/home/haron/kmd/kmd_web/web_service/swfp_evaluation/urls.py'> (None:None) 'api/swfp_evaluation/'>], [<URLResolver <module 'news.urls' from '/home/haron/kmd/kmd_web/web_service/news/urls.py'> (None:None) 'api/'>, <URLPattern 'news/' [name='news-list']>], [<URLResolver <module 'news.urls' from '/home/haron/kmd/kmd_web/web_service/news/urls.py'> (None:None) 'api/'>, <URLPattern 'news/<slug:slug>/' [name='news-detail']>], [<URLResolver <module 'news.urls' from '/home/haron/kmd/kmd_web/web_service/news/urls.py'> (None:None) 'api/'>, <URLPattern 'announcements/active/' [name='active-announcements']>], [<URLResolver <module 'news.urls' from '/home/haron/kmd/kmd_web/web_service/news/urls.py'> (None:None) 'api/'>, <URLPattern 'announcements/active/<slug:slug>/' [name='active-announcements-detail']>], [<URLResolver <module 'news.urls' from '/home/haron/kmd/kmd_web/web_service/news/urls.py'> (None:None) 'api/'>, <URLPattern 'warnings/active/' [name='active-warnings']>], [<URLResolver <module 'news.urls' from '/home/haron/kmd/kmd_web/web_service/news/urls.py'> (None:None) 'api/'>, <URLPattern 'events/upcoming/'>], [<URLResolver <module 'user_accounts.urls' from '/home/haron/kmd/kmd_web/web_service/user_accounts/urls.py'> (None:None) 'api/'>, <URLPattern 'csrf/'>], [<URLResolver <module 'user_accounts.urls' from '/home/haron/kmd/kmd_web/web_service/user_accounts/urls.py'> (None:None) 'api/'>, <URLPattern 'login/'>], [<URLResolver <module 'user_accounts.urls' from '/home/haron/kmd/kmd_web/web_service/user_accounts/urls.py'> (None:None) 'api/'>, <URLPattern 'logout/'>], [<URLResolver <module 'user_accounts.urls' from '/home/haron/kmd/kmd_web/web_service/user_accounts/urls.py'> (None:None) 'api/'>, <URLPattern 'session/'>], [<URLResolver <module 'user_accounts.urls' from '/home/haron/kmd/kmd_web/web_service/user_accounts/urls.py'> (None:None) 'api/'>, <URLPattern 'auth/register/'>], [<URLResolver <module 'user_accounts.urls' from '/home/haron/kmd/kmd_web/web_service/user_accounts/urls.py'> (None:None) 'api/'>, <URLPattern 'auth/forgot-password/'>], [<URLResolver <module 'user_accounts.urls' from '/home/haron/kmd/kmd_web/web_service/user_accounts/urls.py'> (None:None) 'api/'>, <URLPattern 'auth/reset-password/'>], [<URLResolver <module 'user_accounts.urls' from '/home/haron/kmd/kmd_web/web_service/user_accounts/urls.py'> (None:None) 'api/'>, <URLPattern 'auth/set-password/'>], [<URLResolver <module 'user_accounts.urls' from '/home/haron/kmd/kmd_web/web_service/user_accounts/urls.py'> (None:None) 'api/'>, <URLPattern 'auth/validate-reset-token/'>], [<URLPattern '^uploads/(?P<path>.*)$'>]], 'path': 'api/news'}

During handling of the above exception, another exception occurred:

Traceback (most recent call last):
  File "/home/haron/miniconda3/envs/rsmc-env/lib/python3.11/site-packages/django/template/base.py", line 892, in _resolve_lookup
    raise TypeError
TypeError

During handling of the above exception, another exception occurred:

Traceback (most recent call last):
  File "/home/haron/miniconda3/envs/rsmc-env/lib/python3.11/site-packages/django/template/base.py", line 903, in _resolve_lookup
    current = getattr(current, bit)
              ^^^^^^^^^^^^^^^^^^^^^
AttributeError: 'URLResolver' object has no attribute 'name'

During handling of the above exception, another exception occurred:

Traceback (most recent call last):
  File "/home/haron/miniconda3/envs/rsmc-env/lib/python3.11/site-packages/django/template/base.py", line 909, in _resolve_lookup
    current = current[int(bit)]
                      ^^^^^^^^
ValueError: invalid literal for int() with base 10: 'name'

During handling of the above exception, another exception occurred:

Traceback (most recent call last):
  File "/home/haron/miniconda3/envs/rsmc-env/lib/python3.11/site-packages/django/template/base.py", line 916, in _resolve_lookup
    raise VariableDoesNotExist(
django.template.base.VariableDoesNotExist: Failed lookup for key [name] in <URLResolver <module 'forecasts.urls' from '/home/haron/kmd/kmd_web/web_service/forecasts/urls.py'> (forecasts:forecasts) 'api/forecasts/'>
Exception while resolving variable 'name' in template 'unknown'.
Traceback (most recent call last):
  File "/home/haron/miniconda3/envs/rsmc-env/lib/python3.11/site-packages/django/core/handlers/exception.py", line 55, in inner
    response = get_response(request)
               ^^^^^^^^^^^^^^^^^^^^^
  File "/home/haron/miniconda3/envs/rsmc-env/lib/python3.11/site-packages/django/core/handlers/base.py", line 181, in _get_response
    callback, callback_args, callback_kwargs = self.resolve_request(request)
                                               ^^^^^^^^^^^^^^^^^^^^^^^^^^^^^
  File "/home/haron/miniconda3/envs/rsmc-env/lib/python3.11/site-packages/django/core/handlers/base.py", line 313, in resolve_request
    resolver_match = resolver.resolve(request.path_info)
                     ^^^^^^^^^^^^^^^^^^^^^^^^^^^^^^^^^^^
  File "/home/haron/miniconda3/envs/rsmc-env/lib/python3.11/site-packages/django/urls/resolvers.py", line 705, in resolve
    raise Resolver404({"tried": tried, "path": new_path})
django.urls.exceptions.Resolver404: {'tried': [[<URLResolver <URLPattern list> (admin:admin) 'admin/'>], [<URLResolver <module 'home.home.urls' from '/home/haron/kmd/kmd_web/web_service/home/home/urls.py'> (None:None) 'api/'>, <URLPattern 'home/' [name='home-list']>], [<URLResolver <module 'home.home.urls' from '/home/haron/kmd/kmd_web/web_service/home/home/urls.py'> (None:None) 'api/'>, <URLPattern 'home/<slug:slug>/' [name='home-detail']>], [<URLResolver <module 'home.home.urls' from '/home/haron/kmd/kmd_web/web_service/home/home/urls.py'> (None:None) 'api/'>, <URLPattern 'health/' [name='health']>], [<URLResolver <module 'pages.urls' from '/home/haron/kmd/kmd_web/web_service/pages/urls.py'> (None:None) 'api/'>, <URLPattern 'pages/<slug:slug>/' [name='page-detail']>], [<URLResolver <module 'nwp_models.urls' from '/home/haron/kmd/kmd_web/web_service/nwp_models/urls.py'> (None:None) 'api/nwp_models/'>], [<URLResolver <module 'forecasts.urls' from '/home/haron/kmd/kmd_web/web_service/forecasts/urls.py'> (forecasts:forecasts) 'api/forecasts/'>], [<URLResolver <module 'swfp_evaluation.urls' from '/home/haron/kmd/kmd_web/web_service/swfp_evaluation/urls.py'> (None:None) 'api/swfp_evaluation/'>], [<URLResolver <module 'news.urls' from '/home/haron/kmd/kmd_web/web_service/news/urls.py'> (None:None) 'api/'>, <URLPattern 'news/' [name='news-list']>], [<URLResolver <module 'news.urls' from '/home/haron/kmd/kmd_web/web_service/news/urls.py'> (None:None) 'api/'>, <URLPattern 'news/<slug:slug>/' [name='news-detail']>], [<URLResolver <module 'news.urls' from '/home/haron/kmd/kmd_web/web_service/news/urls.py'> (None:None) 'api/'>, <URLPattern 'announcements/active/' [name='active-announcements']>], [<URLResolver <module 'news.urls' from '/home/haron/kmd/kmd_web/web_service/news/urls.py'> (None:None) 'api/'>, <URLPattern 'announcements/active/<slug:slug>/' [name='active-announcements-detail']>], [<URLResolver <module 'news.urls' from '/home/haron/kmd/kmd_web/web_service/news/urls.py'> (None:None) 'api/'>, <URLPattern 'warnings/active/' [name='active-warnings']>], [<URLResolver <module 'news.urls' from '/home/haron/kmd/kmd_web/web_service/news/urls.py'> (None:None) 'api/'>, <URLPattern 'events/upcoming/'>], [<URLResolver <module 'user_accounts.urls' from '/home/haron/kmd/kmd_web/web_service/user_accounts/urls.py'> (None:None) 'api/'>, <URLPattern 'csrf/'>], [<URLResolver <module 'user_accounts.urls' from '/home/haron/kmd/kmd_web/web_service/user_accounts/urls.py'> (None:None) 'api/'>, <URLPattern 'login/'>], [<URLResolver <module 'user_accounts.urls' from '/home/haron/kmd/kmd_web/web_service/user_accounts/urls.py'> (None:None) 'api/'>, <URLPattern 'logout/'>], [<URLResolver <module 'user_accounts.urls' from '/home/haron/kmd/kmd_web/web_service/user_accounts/urls.py'> (None:None) 'api/'>, <URLPattern 'session/'>], [<URLResolver <module 'user_accounts.urls' from '/home/haron/kmd/kmd_web/web_service/user_accounts/urls.py'> (None:None) 'api/'>, <URLPattern 'auth/register/'>], [<URLResolver <module 'user_accounts.urls' from '/home/haron/kmd/kmd_web/web_service/user_accounts/urls.py'> (None:None) 'api/'>, <URLPattern 'auth/forgot-password/'>], [<URLResolver <module 'user_accounts.urls' from '/home/haron/kmd/kmd_web/web_service/user_accounts/urls.py'> (None:None) 'api/'>, <URLPattern 'auth/reset-password/'>], [<URLResolver <module 'user_accounts.urls' from '/home/haron/kmd/kmd_web/web_service/user_accounts/urls.py'> (None:None) 'api/'>, <URLPattern 'auth/set-password/'>], [<URLResolver <module 'user_accounts.urls' from '/home/haron/kmd/kmd_web/web_service/user_accounts/urls.py'> (None:None) 'api/'>, <URLPattern 'auth/validate-reset-token/'>], [<URLPattern '^uploads/(?P<path>.*)$'>]], 'path': 'api/news'}

During handling of the above exception, another exception occurred:

Traceback (most recent call last):
  File "/home/haron/miniconda3/envs/rsmc-env/lib/python3.11/site-packages/django/template/base.py", line 892, in _resolve_lookup
    raise TypeError
TypeError

During handling of the above exception, another exception occurred:

Traceback (most recent call last):
  File "/home/haron/miniconda3/envs/rsmc-env/lib/python3.11/site-packages/django/template/base.py", line 903, in _resolve_lookup
    current = getattr(current, bit)
              ^^^^^^^^^^^^^^^^^^^^^
AttributeError: 'URLResolver' object has no attribute 'name'

During handling of the above exception, another exception occurred:

Traceback (most recent call last):
  File "/home/haron/miniconda3/envs/rsmc-env/lib/python3.11/site-packages/django/template/base.py", line 909, in _resolve_lookup
    current = current[int(bit)]
                      ^^^^^^^^
ValueError: invalid literal for int() with base 10: 'name'

During handling of the above exception, another exception occurred:

Traceback (most recent call last):
  File "/home/haron/miniconda3/envs/rsmc-env/lib/python3.11/site-packages/django/template/base.py", line 916, in _resolve_lookup
    raise VariableDoesNotExist(
django.template.base.VariableDoesNotExist: Failed lookup for key [name] in <URLResolver <module 'swfp_evaluation.urls' from '/home/haron/kmd/kmd_web/web_service/swfp_evaluation/urls.py'> (None:None) 'api/swfp_evaluation/'>
(0.000) BEGIN; args=None; alias=default
(0.001) UPDATE "django_session" SET "session_data" = '.eJxVjrEOgzAQQ_8la9voLgcBMnbv1j26kEuhRSAR2qXqvxckFiZL9rPlr8qScz-N_iPzpsrhWXl-L51_Z5l9H5VTJaqDGbh9ybgl8cnjY9LtNC5zH_SG6D3N-jZFGa47exjoOHdru21SnWIIRUOUYuRQiw1VBYmaMghZTACCmGzd1lw1ZbTGmCoBB2uJI62jA-fFZ5H1uDJg7AXoQnjHwhXksNQGjSU8ATgA9fsDQhFK-Q:1w7aJH:FHhz6L9-u96oZIi4oxcEFFKNHqUX5SOc79wfZ67T4rU', "expire_date" = '2026-03-31T14:53:15.273341+00:00'::timestamptz WHERE "django_session"."session_key" = '147qlgn9my4ww2uk493c1tv0exm1ugez'; args=('.eJxVjrEOgzAQQ_8la9voLgcBMnbv1j26kEuhRSAR2qXqvxckFiZL9rPlr8qScz-N_iPzpsrhWXl-L51_Z5l9H5VTJaqDGbh9ybgl8cnjY9LtNC5zH_SG6D3N-jZFGa47exjoOHdru21SnWIIRUOUYuRQiw1VBYmaMghZTACCmGzd1lw1ZbTGmCoBB2uJI62jA-fFZ5H1uDJg7AXoQnjHwhXksNQGjSU8ATgA9fsDQhFK-Q:1w7aJH:FHhz6L9-u96oZIi4oxcEFFKNHqUX5SOc79wfZ67T4rU', datetime.datetime(2026, 3, 31, 14, 53, 15, 273341, tzinfo=datetime.timezone.utc), '147qlgn9my4ww2uk493c1tv0exm1ugez'); alias=default
(0.003) COMMIT; args=None; alias=default
"GET /api/news HTTP/1.1" 301 0
(0.002) SELECT "django_session"."session_key", "django_session"."session_data", "django_session"."expire_date" FROM "django_session" WHERE ("django_session"."expire_date" > '2026-03-31T14:43:15.482447+00:00'::timestamptz AND "django_session"."session_key" = '147qlgn9my4ww2uk493c1tv0exm1ugez') LIMIT 21; args=(datetime.datetime(2026, 3, 31, 14, 43, 15, 482447, tzinfo=datetime.timezone.utc), '147qlgn9my4ww2uk493c1tv0exm1ugez'); alias=default
(0.001) SELECT "auth_user"."id", "auth_user"."password", "auth_user"."last_login", "auth_user"."is_superuser", "auth_user"."username", "auth_user"."first_name", "auth_user"."last_name", "auth_user"."email", "auth_user"."is_staff", "auth_user"."is_active", "auth_user"."date_joined" FROM "auth_user" WHERE "auth_user"."id" = 51 LIMIT 21; args=(51,); alias=default
(0.004) SELECT "news_warning"."id", "news_warning"."title", "news_warning"."slug", "news_warning"."warning_type", "news_warning"."message", "news_warning"."start_at", "news_warning"."end_at", "news_warning"."is_active", "news_warning"."priority", "news_warning"."created_at", "news_warning"."updated_at" FROM "news_warning" WHERE ("news_warning"."is_active" AND "news_warning"."start_at" <= '2026-03-31T14:43:15.626005+00:00'::timestamptz AND ("news_warning"."end_at" >= '2026-03-31T14:43:15.626005+00:00'::timestamptz OR "news_warning"."end_at" IS NULL)) ORDER BY "news_warning"."priority" DESC, "news_warning"."start_at" DESC; args=(datetime.datetime(2026, 3, 31, 14, 43, 15, 626005, tzinfo=datetime.timezone.utc), datetime.datetime(2026, 3, 31, 14, 43, 15, 626005, tzinfo=datetime.timezone.utc)); alias=default
(0.000) BEGIN; args=None; alias=default
(0.003) UPDATE "django_session" SET "session_data" = '.eJxVjrEOwjAQQ_8lKxDd5do0zcjOxh5dmgstVK3UFBbEv9NKLEyW7GfLb1WklGGewkuWXZXHowr8XPvwLLKEISmvalR_ZuTuIdOepDtPt1l387QuQ9Q7on9p0Zc5yXj-sX8DPZd-a3dtdjnFWLVEOSWOTmxsGsjU1lHIYgYQxGxd57hp62SNMU0GjtYSJ9pGRy5rKCLbcWXA2BPQifCKla_IY62tqcjhAcADqM8XQn9LAg:1w7aJH:uWR13sv7CpLXUV_LZwuALwNVmAdKRbZqJEH23W36E9g', "expire_date" = '2026-03-31T14:53:15.642929+00:00'::timestamptz WHERE "django_session"."session_key" = '147qlgn9my4ww2uk493c1tv0exm1ugez'; args=('.eJxVjrEOwjAQQ_8lKxDd5do0zcjOxh5dmgstVK3UFBbEv9NKLEyW7GfLb1WklGGewkuWXZXHowr8XPvwLLKEISmvalR_ZuTuIdOepDtPt1l387QuQ9Q7on9p0Zc5yXj-sX8DPZd-a3dtdjnFWLVEOSWOTmxsGsjU1lHIYgYQxGxd57hp62SNMU0GjtYSJ9pGRy5rKCLbcWXA2BPQifCKla_IY62tqcjhAcADqM8XQn9LAg:1w7aJH:uWR13sv7CpLXUV_LZwuALwNVmAdKRbZqJEH23W36E9g', datetime.datetime(2026, 3, 31, 14, 53, 15, 642929, tzinfo=datetime.timezone.utc), '147qlgn9my4ww2uk493c1tv0exm1ugez'); alias=default
(0.011) SELECT "django_session"."session_key", "django_session"."session_data", "django_session"."expire_date" FROM "django_session" WHERE ("django_session"."expire_date" > '2026-03-31T14:43:15.477027+00:00'::timestamptz AND "django_session"."session_key" = '147qlgn9my4ww2uk493c1tv0exm1ugez') LIMIT 21; args=(datetime.datetime(2026, 3, 31, 14, 43, 15, 477027, tzinfo=datetime.timezone.utc), '147qlgn9my4ww2uk493c1tv0exm1ugez'); alias=default
(0.006) SELECT "auth_user"."id", "auth_user"."password", "auth_user"."last_login", "auth_user"."is_superuser", "auth_user"."username", "auth_user"."first_name", "auth_user"."last_name", "auth_user"."email", "auth_user"."is_staff", "auth_user"."is_active", "auth_user"."date_joined" FROM "auth_user" WHERE "auth_user"."id" = 51 LIMIT 21; args=(51,); alias=default
Exception while resolving variable 'name' in template 'unknown'.
Traceback (most recent call last):
  File "/home/haron/miniconda3/envs/rsmc-env/lib/python3.11/site-packages/django/core/handlers/exception.py", line 55, in inner
    response = get_response(request)
               ^^^^^^^^^^^^^^^^^^^^^
  File "/home/haron/miniconda3/envs/rsmc-env/lib/python3.11/site-packages/django/core/handlers/base.py", line 181, in _get_response
    callback, callback_args, callback_kwargs = self.resolve_request(request)
                                               ^^^^^^^^^^^^^^^^^^^^^^^^^^^^^
  File "/home/haron/miniconda3/envs/rsmc-env/lib/python3.11/site-packages/django/core/handlers/base.py", line 313, in resolve_request
    resolver_match = resolver.resolve(request.path_info)
                     ^^^^^^^^^^^^^^^^^^^^^^^^^^^^^^^^^^^
  File "/home/haron/miniconda3/envs/rsmc-env/lib/python3.11/site-packages/django/urls/resolvers.py", line 705, in resolve
    raise Resolver404({"tried": tried, "path": new_path})
django.urls.exceptions.Resolver404: {'tried': [[<URLResolver <URLPattern list> (admin:admin) 'admin/'>], [<URLResolver <module 'home.home.urls' from '/home/haron/kmd/kmd_web/web_service/home/home/urls.py'> (None:None) 'api/'>, <URLPattern 'home/' [name='home-list']>], [<URLResolver <module 'home.home.urls' from '/home/haron/kmd/kmd_web/web_service/home/home/urls.py'> (None:None) 'api/'>, <URLPattern 'home/<slug:slug>/' [name='home-detail']>], [<URLResolver <module 'home.home.urls' from '/home/haron/kmd/kmd_web/web_service/home/home/urls.py'> (None:None) 'api/'>, <URLPattern 'health/' [name='health']>], [<URLResolver <module 'pages.urls' from '/home/haron/kmd/kmd_web/web_service/pages/urls.py'> (None:None) 'api/'>, <URLPattern 'pages/<slug:slug>/' [name='page-detail']>], [<URLResolver <module 'nwp_models.urls' from '/home/haron/kmd/kmd_web/web_service/nwp_models/urls.py'> (None:None) 'api/nwp_models/'>], [<URLResolver <module 'forecasts.urls' from '/home/haron/kmd/kmd_web/web_service/forecasts/urls.py'> (forecasts:forecasts) 'api/forecasts/'>], [<URLResolver <module 'swfp_evaluation.urls' from '/home/haron/kmd/kmd_web/web_service/swfp_evaluation/urls.py'> (None:None) 'api/swfp_evaluation/'>], [<URLResolver <module 'news.urls' from '/home/haron/kmd/kmd_web/web_service/news/urls.py'> (None:None) 'api/'>, <URLPattern 'news/' [name='news-list']>], [<URLResolver <module 'news.urls' from '/home/haron/kmd/kmd_web/web_service/news/urls.py'> (None:None) 'api/'>, <URLPattern 'news/<slug:slug>/' [name='news-detail']>], [<URLResolver <module 'news.urls' from '/home/haron/kmd/kmd_web/web_service/news/urls.py'> (None:None) 'api/'>, <URLPattern 'announcements/active/' [name='active-announcements']>], [<URLResolver <module 'news.urls' from '/home/haron/kmd/kmd_web/web_service/news/urls.py'> (None:None) 'api/'>, <URLPattern 'announcements/active/<slug:slug>/' [name='active-announcements-detail']>], [<URLResolver <module 'news.urls' from '/home/haron/kmd/kmd_web/web_service/news/urls.py'> (None:None) 'api/'>, <URLPattern 'warnings/active/' [name='active-warnings']>], [<URLResolver <module 'news.urls' from '/home/haron/kmd/kmd_web/web_service/news/urls.py'> (None:None) 'api/'>, <URLPattern 'events/upcoming/'>], [<URLResolver <module 'user_accounts.urls' from '/home/haron/kmd/kmd_web/web_service/user_accounts/urls.py'> (None:None) 'api/'>, <URLPattern 'csrf/'>], [<URLResolver <module 'user_accounts.urls' from '/home/haron/kmd/kmd_web/web_service/user_accounts/urls.py'> (None:None) 'api/'>, <URLPattern 'login/'>], [<URLResolver <module 'user_accounts.urls' from '/home/haron/kmd/kmd_web/web_service/user_accounts/urls.py'> (None:None) 'api/'>, <URLPattern 'logout/'>], [<URLResolver <module 'user_accounts.urls' from '/home/haron/kmd/kmd_web/web_service/user_accounts/urls.py'> (None:None) 'api/'>, <URLPattern 'session/'>], [<URLResolver <module 'user_accounts.urls' from '/home/haron/kmd/kmd_web/web_service/user_accounts/urls.py'> (None:None) 'api/'>, <URLPattern 'auth/register/'>], [<URLResolver <module 'user_accounts.urls' from '/home/haron/kmd/kmd_web/web_service/user_accounts/urls.py'> (None:None) 'api/'>, <URLPattern 'auth/forgot-password/'>], [<URLResolver <module 'user_accounts.urls' from '/home/haron/kmd/kmd_web/web_service/user_accounts/urls.py'> (None:None) 'api/'>, <URLPattern 'auth/reset-password/'>], [<URLResolver <module 'user_accounts.urls' from '/home/haron/kmd/kmd_web/web_service/user_accounts/urls.py'> (None:None) 'api/'>, <URLPattern 'auth/set-password/'>], [<URLResolver <module 'user_accounts.urls' from '/home/haron/kmd/kmd_web/web_service/user_accounts/urls.py'> (None:None) 'api/'>, <URLPattern 'auth/validate-reset-token/'>], [<URLPattern '^uploads/(?P<path>.*)$'>]], 'path': 'api/announcements/active'}

During handling of the above exception, another exception occurred:

Traceback (most recent call last):
  File "/home/haron/miniconda3/envs/rsmc-env/lib/python3.11/site-packages/django/template/base.py", line 892, in _resolve_lookup
    raise TypeError
TypeError

During handling of the above exception, another exception occurred:

Traceback (most recent call last):
  File "/home/haron/miniconda3/envs/rsmc-env/lib/python3.11/site-packages/django/template/base.py", line 903, in _resolve_lookup
    current = getattr(current, bit)
              ^^^^^^^^^^^^^^^^^^^^^
AttributeError: 'URLResolver' object has no attribute 'name'

During handling of the above exception, another exception occurred:

Traceback (most recent call last):
  File "/home/haron/miniconda3/envs/rsmc-env/lib/python3.11/site-packages/django/template/base.py", line 909, in _resolve_lookup
    current = current[int(bit)]
                      ^^^^^^^^
ValueError: invalid literal for int() with base 10: 'name'

During handling of the above exception, another exception occurred:

Traceback (most recent call last):
  File "/home/haron/miniconda3/envs/rsmc-env/lib/python3.11/site-packages/django/template/base.py", line 916, in _resolve_lookup
    raise VariableDoesNotExist(
django.template.base.VariableDoesNotExist: Failed lookup for key [name] in <URLResolver <URLPattern list> (admin:admin) 'admin/'>
Exception while resolving variable 'name' in template 'unknown'.
Traceback (most recent call last):
  File "/home/haron/miniconda3/envs/rsmc-env/lib/python3.11/site-packages/django/core/handlers/exception.py", line 55, in inner
    response = get_response(request)
               ^^^^^^^^^^^^^^^^^^^^^
  File "/home/haron/miniconda3/envs/rsmc-env/lib/python3.11/site-packages/django/core/handlers/base.py", line 181, in _get_response
    callback, callback_args, callback_kwargs = self.resolve_request(request)
                                               ^^^^^^^^^^^^^^^^^^^^^^^^^^^^^
  File "/home/haron/miniconda3/envs/rsmc-env/lib/python3.11/site-packages/django/core/handlers/base.py", line 313, in resolve_request
    resolver_match = resolver.resolve(request.path_info)
                     ^^^^^^^^^^^^^^^^^^^^^^^^^^^^^^^^^^^
  File "/home/haron/miniconda3/envs/rsmc-env/lib/python3.11/site-packages/django/urls/resolvers.py", line 705, in resolve
    raise Resolver404({"tried": tried, "path": new_path})
django.urls.exceptions.Resolver404: {'tried': [[<URLResolver <URLPattern list> (admin:admin) 'admin/'>], [<URLResolver <module 'home.home.urls' from '/home/haron/kmd/kmd_web/web_service/home/home/urls.py'> (None:None) 'api/'>, <URLPattern 'home/' [name='home-list']>], [<URLResolver <module 'home.home.urls' from '/home/haron/kmd/kmd_web/web_service/home/home/urls.py'> (None:None) 'api/'>, <URLPattern 'home/<slug:slug>/' [name='home-detail']>], [<URLResolver <module 'home.home.urls' from '/home/haron/kmd/kmd_web/web_service/home/home/urls.py'> (None:None) 'api/'>, <URLPattern 'health/' [name='health']>], [<URLResolver <module 'pages.urls' from '/home/haron/kmd/kmd_web/web_service/pages/urls.py'> (None:None) 'api/'>, <URLPattern 'pages/<slug:slug>/' [name='page-detail']>], [<URLResolver <module 'nwp_models.urls' from '/home/haron/kmd/kmd_web/web_service/nwp_models/urls.py'> (None:None) 'api/nwp_models/'>], [<URLResolver <module 'forecasts.urls' from '/home/haron/kmd/kmd_web/web_service/forecasts/urls.py'> (forecasts:forecasts) 'api/forecasts/'>], [<URLResolver <module 'swfp_evaluation.urls' from '/home/haron/kmd/kmd_web/web_service/swfp_evaluation/urls.py'> (None:None) 'api/swfp_evaluation/'>], [<URLResolver <module 'news.urls' from '/home/haron/kmd/kmd_web/web_service/news/urls.py'> (None:None) 'api/'>, <URLPattern 'news/' [name='news-list']>], [<URLResolver <module 'news.urls' from '/home/haron/kmd/kmd_web/web_service/news/urls.py'> (None:None) 'api/'>, <URLPattern 'news/<slug:slug>/' [name='news-detail']>], [<URLResolver <module 'news.urls' from '/home/haron/kmd/kmd_web/web_service/news/urls.py'> (None:None) 'api/'>, <URLPattern 'announcements/active/' [name='active-announcements']>], [<URLResolver <module 'news.urls' from '/home/haron/kmd/kmd_web/web_service/news/urls.py'> (None:None) 'api/'>, <URLPattern 'announcements/active/<slug:slug>/' [name='active-announcements-detail']>], [<URLResolver <module 'news.urls' from '/home/haron/kmd/kmd_web/web_service/news/urls.py'> (None:None) 'api/'>, <URLPattern 'warnings/active/' [name='active-warnings']>], [<URLResolver <module 'news.urls' from '/home/haron/kmd/kmd_web/web_service/news/urls.py'> (None:None) 'api/'>, <URLPattern 'events/upcoming/'>], [<URLResolver <module 'user_accounts.urls' from '/home/haron/kmd/kmd_web/web_service/user_accounts/urls.py'> (None:None) 'api/'>, <URLPattern 'csrf/'>], [<URLResolver <module 'user_accounts.urls' from '/home/haron/kmd/kmd_web/web_service/user_accounts/urls.py'> (None:None) 'api/'>, <URLPattern 'login/'>], [<URLResolver <module 'user_accounts.urls' from '/home/haron/kmd/kmd_web/web_service/user_accounts/urls.py'> (None:None) 'api/'>, <URLPattern 'logout/'>], [<URLResolver <module 'user_accounts.urls' from '/home/haron/kmd/kmd_web/web_service/user_accounts/urls.py'> (None:None) 'api/'>, <URLPattern 'session/'>], [<URLResolver <module 'user_accounts.urls' from '/home/haron/kmd/kmd_web/web_service/user_accounts/urls.py'> (None:None) 'api/'>, <URLPattern 'auth/register/'>], [<URLResolver <module 'user_accounts.urls' from '/home/haron/kmd/kmd_web/web_service/user_accounts/urls.py'> (None:None) 'api/'>, <URLPattern 'auth/forgot-password/'>], [<URLResolver <module 'user_accounts.urls' from '/home/haron/kmd/kmd_web/web_service/user_accounts/urls.py'> (None:None) 'api/'>, <URLPattern 'auth/reset-password/'>], [<URLResolver <module 'user_accounts.urls' from '/home/haron/kmd/kmd_web/web_service/user_accounts/urls.py'> (None:None) 'api/'>, <URLPattern 'auth/set-password/'>], [<URLResolver <module 'user_accounts.urls' from '/home/haron/kmd/kmd_web/web_service/user_accounts/urls.py'> (None:None) 'api/'>, <URLPattern 'auth/validate-reset-token/'>], [<URLPattern '^uploads/(?P<path>.*)$'>]], 'path': 'api/announcements/active'}

During handling of the above exception, another exception occurred:

Traceback (most recent call last):
  File "/home/haron/miniconda3/envs/rsmc-env/lib/python3.11/site-packages/django/template/base.py", line 892, in _resolve_lookup
    raise TypeError
TypeError

During handling of the above exception, another exception occurred:

Traceback (most recent call last):
  File "/home/haron/miniconda3/envs/rsmc-env/lib/python3.11/site-packages/django/template/base.py", line 903, in _resolve_lookup
    current = getattr(current, bit)
              ^^^^^^^^^^^^^^^^^^^^^
AttributeError: 'URLResolver' object has no attribute 'name'

During handling of the above exception, another exception occurred:

Traceback (most recent call last):
  File "/home/haron/miniconda3/envs/rsmc-env/lib/python3.11/site-packages/django/template/base.py", line 909, in _resolve_lookup
    current = current[int(bit)]
                      ^^^^^^^^
ValueError: invalid literal for int() with base 10: 'name'

During handling of the above exception, another exception occurred:

Traceback (most recent call last):
  File "/home/haron/miniconda3/envs/rsmc-env/lib/python3.11/site-packages/django/template/base.py", line 916, in _resolve_lookup
    raise VariableDoesNotExist(
django.template.base.VariableDoesNotExist: Failed lookup for key [name] in <URLResolver <module 'nwp_models.urls' from '/home/haron/kmd/kmd_web/web_service/nwp_models/urls.py'> (None:None) 'api/nwp_models/'>
Exception while resolving variable 'name' in template 'unknown'.
Traceback (most recent call last):
  File "/home/haron/miniconda3/envs/rsmc-env/lib/python3.11/site-packages/django/core/handlers/exception.py", line 55, in inner
    response = get_response(request)
               ^^^^^^^^^^^^^^^^^^^^^
  File "/home/haron/miniconda3/envs/rsmc-env/lib/python3.11/site-packages/django/core/handlers/base.py", line 181, in _get_response
    callback, callback_args, callback_kwargs = self.resolve_request(request)
                                               ^^^^^^^^^^^^^^^^^^^^^^^^^^^^^
  File "/home/haron/miniconda3/envs/rsmc-env/lib/python3.11/site-packages/django/core/handlers/base.py", line 313, in resolve_request
    resolver_match = resolver.resolve(request.path_info)
                     ^^^^^^^^^^^^^^^^^^^^^^^^^^^^^^^^^^^
  File "/home/haron/miniconda3/envs/rsmc-env/lib/python3.11/site-packages/django/urls/resolvers.py", line 705, in resolve
    raise Resolver404({"tried": tried, "path": new_path})
django.urls.exceptions.Resolver404: {'tried': [[<URLResolver <URLPattern list> (admin:admin) 'admin/'>], [<URLResolver <module 'home.home.urls' from '/home/haron/kmd/kmd_web/web_service/home/home/urls.py'> (None:None) 'api/'>, <URLPattern 'home/' [name='home-list']>], [<URLResolver <module 'home.home.urls' from '/home/haron/kmd/kmd_web/web_service/home/home/urls.py'> (None:None) 'api/'>, <URLPattern 'home/<slug:slug>/' [name='home-detail']>], [<URLResolver <module 'home.home.urls' from '/home/haron/kmd/kmd_web/web_service/home/home/urls.py'> (None:None) 'api/'>, <URLPattern 'health/' [name='health']>], [<URLResolver <module 'pages.urls' from '/home/haron/kmd/kmd_web/web_service/pages/urls.py'> (None:None) 'api/'>, <URLPattern 'pages/<slug:slug>/' [name='page-detail']>], [<URLResolver <module 'nwp_models.urls' from '/home/haron/kmd/kmd_web/web_service/nwp_models/urls.py'> (None:None) 'api/nwp_models/'>], [<URLResolver <module 'forecasts.urls' from '/home/haron/kmd/kmd_web/web_service/forecasts/urls.py'> (forecasts:forecasts) 'api/forecasts/'>], [<URLResolver <module 'swfp_evaluation.urls' from '/home/haron/kmd/kmd_web/web_service/swfp_evaluation/urls.py'> (None:None) 'api/swfp_evaluation/'>], [<URLResolver <module 'news.urls' from '/home/haron/kmd/kmd_web/web_service/news/urls.py'> (None:None) 'api/'>, <URLPattern 'news/' [name='news-list']>], [<URLResolver <module 'news.urls' from '/home/haron/kmd/kmd_web/web_service/news/urls.py'> (None:None) 'api/'>, <URLPattern 'news/<slug:slug>/' [name='news-detail']>], [<URLResolver <module 'news.urls' from '/home/haron/kmd/kmd_web/web_service/news/urls.py'> (None:None) 'api/'>, <URLPattern 'announcements/active/' [name='active-announcements']>], [<URLResolver <module 'news.urls' from '/home/haron/kmd/kmd_web/web_service/news/urls.py'> (None:None) 'api/'>, <URLPattern 'announcements/active/<slug:slug>/' [name='active-announcements-detail']>], [<URLResolver <module 'news.urls' from '/home/haron/kmd/kmd_web/web_service/news/urls.py'> (None:None) 'api/'>, <URLPattern 'warnings/active/' [name='active-warnings']>], [<URLResolver <module 'news.urls' from '/home/haron/kmd/kmd_web/web_service/news/urls.py'> (None:None) 'api/'>, <URLPattern 'events/upcoming/'>], [<URLResolver <module 'user_accounts.urls' from '/home/haron/kmd/kmd_web/web_service/user_accounts/urls.py'> (None:None) 'api/'>, <URLPattern 'csrf/'>], [<URLResolver <module 'user_accounts.urls' from '/home/haron/kmd/kmd_web/web_service/user_accounts/urls.py'> (None:None) 'api/'>, <URLPattern 'login/'>], [<URLResolver <module 'user_accounts.urls' from '/home/haron/kmd/kmd_web/web_service/user_accounts/urls.py'> (None:None) 'api/'>, <URLPattern 'logout/'>], [<URLResolver <module 'user_accounts.urls' from '/home/haron/kmd/kmd_web/web_service/user_accounts/urls.py'> (None:None) 'api/'>, <URLPattern 'session/'>], [<URLResolver <module 'user_accounts.urls' from '/home/haron/kmd/kmd_web/web_service/user_accounts/urls.py'> (None:None) 'api/'>, <URLPattern 'auth/register/'>], [<URLResolver <module 'user_accounts.urls' from '/home/haron/kmd/kmd_web/web_service/user_accounts/urls.py'> (None:None) 'api/'>, <URLPattern 'auth/forgot-password/'>], [<URLResolver <module 'user_accounts.urls' from '/home/haron/kmd/kmd_web/web_service/user_accounts/urls.py'> (None:None) 'api/'>, <URLPattern 'auth/reset-password/'>], [<URLResolver <module 'user_accounts.urls' from '/home/haron/kmd/kmd_web/web_service/user_accounts/urls.py'> (None:None) 'api/'>, <URLPattern 'auth/set-password/'>], [<URLResolver <module 'user_accounts.urls' from '/home/haron/kmd/kmd_web/web_service/user_accounts/urls.py'> (None:None) 'api/'>, <URLPattern 'auth/validate-reset-token/'>], [<URLPattern '^uploads/(?P<path>.*)$'>]], 'path': 'api/announcements/active'}

During handling of the above exception, another exception occurred:

Traceback (most recent call last):
  File "/home/haron/miniconda3/envs/rsmc-env/lib/python3.11/site-packages/django/template/base.py", line 892, in _resolve_lookup
    raise TypeError
TypeError

During handling of the above exception, another exception occurred:

Traceback (most recent call last):
  File "/home/haron/miniconda3/envs/rsmc-env/lib/python3.11/site-packages/django/template/base.py", line 903, in _resolve_lookup
    current = getattr(current, bit)
              ^^^^^^^^^^^^^^^^^^^^^
AttributeError: 'URLResolver' object has no attribute 'name'

During handling of the above exception, another exception occurred:

Traceback (most recent call last):
  File "/home/haron/miniconda3/envs/rsmc-env/lib/python3.11/site-packages/django/template/base.py", line 909, in _resolve_lookup
    current = current[int(bit)]
                      ^^^^^^^^
ValueError: invalid literal for int() with base 10: 'name'

During handling of the above exception, another exception occurred:

Traceback (most recent call last):
  File "/home/haron/miniconda3/envs/rsmc-env/lib/python3.11/site-packages/django/template/base.py", line 916, in _resolve_lookup
    raise VariableDoesNotExist(
django.template.base.VariableDoesNotExist: Failed lookup for key [name] in <URLResolver <module 'forecasts.urls' from '/home/haron/kmd/kmd_web/web_service/forecasts/urls.py'> (forecasts:forecasts) 'api/forecasts/'>
Exception while resolving variable 'name' in template 'unknown'.
Traceback (most recent call last):
  File "/home/haron/miniconda3/envs/rsmc-env/lib/python3.11/site-packages/django/core/handlers/exception.py", line 55, in inner
    response = get_response(request)
               ^^^^^^^^^^^^^^^^^^^^^
  File "/home/haron/miniconda3/envs/rsmc-env/lib/python3.11/site-packages/django/core/handlers/base.py", line 181, in _get_response
    callback, callback_args, callback_kwargs = self.resolve_request(request)
                                               ^^^^^^^^^^^^^^^^^^^^^^^^^^^^^
  File "/home/haron/miniconda3/envs/rsmc-env/lib/python3.11/site-packages/django/core/handlers/base.py", line 313, in resolve_request
    resolver_match = resolver.resolve(request.path_info)
                     ^^^^^^^^^^^^^^^^^^^^^^^^^^^^^^^^^^^
  File "/home/haron/miniconda3/envs/rsmc-env/lib/python3.11/site-packages/django/urls/resolvers.py", line 705, in resolve
    raise Resolver404({"tried": tried, "path": new_path})
django.urls.exceptions.Resolver404: {'tried': [[<URLResolver <URLPattern list> (admin:admin) 'admin/'>], [<URLResolver <module 'home.home.urls' from '/home/haron/kmd/kmd_web/web_service/home/home/urls.py'> (None:None) 'api/'>, <URLPattern 'home/' [name='home-list']>], [<URLResolver <module 'home.home.urls' from '/home/haron/kmd/kmd_web/web_service/home/home/urls.py'> (None:None) 'api/'>, <URLPattern 'home/<slug:slug>/' [name='home-detail']>], [<URLResolver <module 'home.home.urls' from '/home/haron/kmd/kmd_web/web_service/home/home/urls.py'> (None:None) 'api/'>, <URLPattern 'health/' [name='health']>], [<URLResolver <module 'pages.urls' from '/home/haron/kmd/kmd_web/web_service/pages/urls.py'> (None:None) 'api/'>, <URLPattern 'pages/<slug:slug>/' [name='page-detail']>], [<URLResolver <module 'nwp_models.urls' from '/home/haron/kmd/kmd_web/web_service/nwp_models/urls.py'> (None:None) 'api/nwp_models/'>], [<URLResolver <module 'forecasts.urls' from '/home/haron/kmd/kmd_web/web_service/forecasts/urls.py'> (forecasts:forecasts) 'api/forecasts/'>], [<URLResolver <module 'swfp_evaluation.urls' from '/home/haron/kmd/kmd_web/web_service/swfp_evaluation/urls.py'> (None:None) 'api/swfp_evaluation/'>], [<URLResolver <module 'news.urls' from '/home/haron/kmd/kmd_web/web_service/news/urls.py'> (None:None) 'api/'>, <URLPattern 'news/' [name='news-list']>], [<URLResolver <module 'news.urls' from '/home/haron/kmd/kmd_web/web_service/news/urls.py'> (None:None) 'api/'>, <URLPattern 'news/<slug:slug>/' [name='news-detail']>], [<URLResolver <module 'news.urls' from '/home/haron/kmd/kmd_web/web_service/news/urls.py'> (None:None) 'api/'>, <URLPattern 'announcements/active/' [name='active-announcements']>], [<URLResolver <module 'news.urls' from '/home/haron/kmd/kmd_web/web_service/news/urls.py'> (None:None) 'api/'>, <URLPattern 'announcements/active/<slug:slug>/' [name='active-announcements-detail']>], [<URLResolver <module 'news.urls' from '/home/haron/kmd/kmd_web/web_service/news/urls.py'> (None:None) 'api/'>, <URLPattern 'warnings/active/' [name='active-warnings']>], [<URLResolver <module 'news.urls' from '/home/haron/kmd/kmd_web/web_service/news/urls.py'> (None:None) 'api/'>, <URLPattern 'events/upcoming/'>], [<URLResolver <module 'user_accounts.urls' from '/home/haron/kmd/kmd_web/web_service/user_accounts/urls.py'> (None:None) 'api/'>, <URLPattern 'csrf/'>], [<URLResolver <module 'user_accounts.urls' from '/home/haron/kmd/kmd_web/web_service/user_accounts/urls.py'> (None:None) 'api/'>, <URLPattern 'login/'>], [<URLResolver <module 'user_accounts.urls' from '/home/haron/kmd/kmd_web/web_service/user_accounts/urls.py'> (None:None) 'api/'>, <URLPattern 'logout/'>], [<URLResolver <module 'user_accounts.urls' from '/home/haron/kmd/kmd_web/web_service/user_accounts/urls.py'> (None:None) 'api/'>, <URLPattern 'session/'>], [<URLResolver <module 'user_accounts.urls' from '/home/haron/kmd/kmd_web/web_service/user_accounts/urls.py'> (None:None) 'api/'>, <URLPattern 'auth/register/'>], [<URLResolver <module 'user_accounts.urls' from '/home/haron/kmd/kmd_web/web_service/user_accounts/urls.py'> (None:None) 'api/'>, <URLPattern 'auth/forgot-password/'>], [<URLResolver <module 'user_accounts.urls' from '/home/haron/kmd/kmd_web/web_service/user_accounts/urls.py'> (None:None) 'api/'>, <URLPattern 'auth/reset-password/'>], [<URLResolver <module 'user_accounts.urls' from '/home/haron/kmd/kmd_web/web_service/user_accounts/urls.py'> (None:None) 'api/'>, <URLPattern 'auth/set-password/'>], [<URLResolver <module 'user_accounts.urls' from '/home/haron/kmd/kmd_web/web_service/user_accounts/urls.py'> (None:None) 'api/'>, <URLPattern 'auth/validate-reset-token/'>], [<URLPattern '^uploads/(?P<path>.*)$'>]], 'path': 'api/announcements/active'}

During handling of the above exception, another exception occurred:

Traceback (most recent call last):
  File "/home/haron/miniconda3/envs/rsmc-env/lib/python3.11/site-packages/django/template/base.py", line 892, in _resolve_lookup
    raise TypeError
TypeError

During handling of the above exception, another exception occurred:

Traceback (most recent call last):
  File "/home/haron/miniconda3/envs/rsmc-env/lib/python3.11/site-packages/django/template/base.py", line 903, in _resolve_lookup
    current = getattr(current, bit)
              ^^^^^^^^^^^^^^^^^^^^^
AttributeError: 'URLResolver' object has no attribute 'name'

During handling of the above exception, another exception occurred:

Traceback (most recent call last):
  File "/home/haron/miniconda3/envs/rsmc-env/lib/python3.11/site-packages/django/template/base.py", line 909, in _resolve_lookup
    current = current[int(bit)]
                      ^^^^^^^^
ValueError: invalid literal for int() with base 10: 'name'

During handling of the above exception, another exception occurred:

Traceback (most recent call last):
  File "/home/haron/miniconda3/envs/rsmc-env/lib/python3.11/site-packages/django/template/base.py", line 916, in _resolve_lookup
    raise VariableDoesNotExist(
django.template.base.VariableDoesNotExist: Failed lookup for key [name] in <URLResolver <module 'swfp_evaluation.urls' from '/home/haron/kmd/kmd_web/web_service/swfp_evaluation/urls.py'> (None:None) 'api/swfp_evaluation/'>
(0.000) BEGIN; args=None; alias=default
(0.038) COMMIT; args=None; alias=default
(0.007) SELECT "django_session"."session_key", "django_session"."session_data", "django_session"."expire_date" FROM "django_session" WHERE ("django_session"."expire_date" > '2026-03-31T14:43:15.491378+00:00'::timestamptz AND "django_session"."session_key" = '147qlgn9my4ww2uk493c1tv0exm1ugez') LIMIT 21; args=(datetime.datetime(2026, 3, 31, 14, 43, 15, 491378, tzinfo=datetime.timezone.utc), '147qlgn9my4ww2uk493c1tv0exm1ugez'); alias=default
(0.003) UPDATE "django_session" SET "session_data" = '.eJxVjrEOwjAQQ_8lKxBdcs21zcjOxh5dmgstVK3UFBbEv9NKLEyW7GfLb1WklGGewkuWXZU3RxX4ufbhWWQJQ1JeOaP-zMjdQ6Y9SXeebrPu5mldhqh3RP_Soi9zkvH8Y_8Gei791u7a3OQUY9Ui5pQ4NkKxriFj66IgmQwgxmRquobr1iWy1tYZOBIhJ9xGRy5rKCLbcWXB0gnwhOZqKl-hN04TWbTuAOAB1OcLQoNLAg:1w7aJH:Rjy7ZBbxr7kEjR5ro_4cLfJmPDMLfQ5b1m6lro1PuY4', "expire_date" = '2026-03-31T14:53:15.683832+00:00'::timestamptz WHERE "django_session"."session_key" = '147qlgn9my4ww2uk493c1tv0exm1ugez'; args=('.eJxVjrEOwjAQQ_8lKxBdcs21zcjOxh5dmgstVK3UFBbEv9NKLEyW7GfLb1WklGGewkuWXZU3RxX4ufbhWWQJQ1JeOaP-zMjdQ6Y9SXeebrPu5mldhqh3RP_Soi9zkvH8Y_8Gei791u7a3OQUY9Ui5pQ4NkKxriFj66IgmQwgxmRquobr1iWy1tYZOBIhJ9xGRy5rKCLbcWXB0gnwhOZqKl-hN04TWbTuAOAB1OcLQoNLAg:1w7aJH:Rjy7ZBbxr7kEjR5ro_4cLfJmPDMLfQ5b1m6lro1PuY4', datetime.datetime(2026, 3, 31, 14, 53, 15, 683832, tzinfo=datetime.timezone.utc), '147qlgn9my4ww2uk493c1tv0exm1ugez'); alias=default
(0.004) SELECT "django_session"."session_key", "django_session"."session_data", "django_session"."expire_date" FROM "django_session" WHERE ("django_session"."expire_date" > '2026-03-31T14:43:15.512997+00:00'::timestamptz AND "django_session"."session_key" = '147qlgn9my4ww2uk493c1tv0exm1ugez') LIMIT 21; args=(datetime.datetime(2026, 3, 31, 14, 43, 15, 512997, tzinfo=datetime.timezone.utc), '147qlgn9my4ww2uk493c1tv0exm1ugez'); alias=default
"GET /api/warnings/active/ HTTP/1.1" 200 2
(0.002) SELECT "auth_user"."id", "auth_user"."password", "auth_user"."last_login", "auth_user"."is_superuser", "auth_user"."username", "auth_user"."first_name", "auth_user"."last_name", "auth_user"."email", "auth_user"."is_staff", "auth_user"."is_active", "auth_user"."date_joined" FROM "auth_user" WHERE "auth_user"."id" = 51 LIMIT 21; args=(51,); alias=default
(0.013) COMMIT; args=None; alias=default
(0.018) SELECT "auth_user"."id", "auth_user"."password", "auth_user"."last_login", "auth_user"."is_superuser", "auth_user"."username", "auth_user"."first_name", "auth_user"."last_name", "auth_user"."email", "auth_user"."is_staff", "auth_user"."is_active", "auth_user"."date_joined" FROM "auth_user" WHERE "auth_user"."id" = 51 LIMIT 21; args=(51,); alias=default
(0.005) SELECT "news_news"."id", "news_news"."title", "news_news"."slug", "news_news"."content", "news_news"."published_at", "news_news"."is_published", "news_news"."author", "news_news"."image", "news_news"."created_at", "news_news"."updated_at" FROM "news_news" WHERE "news_news"."is_published" ORDER BY "news_news"."published_at" DESC; args=(); alias=default
(0.000) BEGIN; args=None; alias=default
(0.002) SELECT "news_event"."id", "news_event"."title", "news_event"."slug", "news_event"."description", "news_event"."location", "news_event"."start_date", "news_event"."end_date", "news_event"."is_active", "news_event"."created_at" FROM "news_event" WHERE ("news_event"."is_active" AND "news_event"."start_date" >= '2026-03-31T14:43:15.706569+00:00'::timestamptz) ORDER BY "news_event"."start_date" ASC LIMIT 5; args=(datetime.datetime(2026, 3, 31, 14, 43, 15, 706569, tzinfo=datetime.timezone.utc),); alias=default
(0.001) UPDATE "django_session" SET "session_data" = '.eJxVjjEPgjAUhP9LV6V57SuFdnR3c29e6augBBIKLsb_LiQuTpfcfXe5tyhcyjBP4cXLocKrswi0rX3YCi9hSMKLWok_M1L35OlI0oOm-yy7eVqXIcoDkb-0yOuceLz82L-Bnkq_tzuX25xiNA4xp0SxZRubBjK6OjJalQFYqWzbrqXG1clqrZsMFK1FSriPjlTWUJj340KDthVgheqmjDfoVS2tA2fMCcADiM8XQt9LCg:1w7aJH:tS_TdGzNIczjSXh0THhn-J7LmRunZyNnHGd1nTedMsc', "expire_date" = '2026-03-31T14:53:15.710927+00:00'::timestamptz WHERE "django_session"."session_key" = '147qlgn9my4ww2uk493c1tv0exm1ugez'; args=('.eJxVjjEPgjAUhP9LV6V57SuFdnR3c29e6augBBIKLsb_LiQuTpfcfXe5tyhcyjBP4cXLocKrswi0rX3YCi9hSMKLWok_M1L35OlI0oOm-yy7eVqXIcoDkb-0yOuceLz82L-Bnkq_tzuX25xiNA4xp0SxZRubBjK6OjJalQFYqWzbrqXG1clqrZsMFK1FSriPjlTWUJj340KDthVgheqmjDfoVS2tA2fMCcADiM8XQt9LCg:1w7aJH:tS_TdGzNIczjSXh0THhn-J7LmRunZyNnHGd1nTedMsc', datetime.datetime(2026, 3, 31, 14, 53, 15, 710927, tzinfo=datetime.timezone.utc), '147qlgn9my4ww2uk493c1tv0exm1ugez'); alias=default
"GET /api/announcements/active HTTP/1.1" 301 0
(0.000) BEGIN; args=None; alias=default
(0.018) COMMIT; args=None; alias=default
(0.012) UPDATE "django_session" SET "session_data" = '.eJxVjjEPgjAUhP9LV7V57aMtdHR3c29e6augBBKKLsb_LiQsTJfcfXe5ryhcSj-N4cPzpsKrswj0XrrwLjyHPgkvjBIHM1L74nFL0pPGxyTbaVzmPsoNkXta5G1KPFx39jDQUenWdtvkOqcYqwYxp0SxZhudg4yNiYxWZQBWKtu6rck1JlmttctA0VqkhOvoQGUJhXk9LjRoewG8oLqrylfolZEOjHb2BOABxO8PQpdLBQ:1w7aJH:Dr9hs-IQEeDVh6wCyjmBZNvQcLD8mTjYcuH_tCjKbos', "expire_date" = '2026-03-31T14:53:15.719434+00:00'::timestamptz WHERE "django_session"."session_key" = '147qlgn9my4ww2uk493c1tv0exm1ugez'; args=('.eJxVjjEPgjAUhP9LV7V57aMtdHR3c29e6augBBKKLsb_LiQsTJfcfXe5ryhcSj-N4cPzpsKrswj0XrrwLjyHPgkvjBIHM1L74nFL0pPGxyTbaVzmPsoNkXta5G1KPFx39jDQUenWdtvkOqcYqwYxp0SxZhudg4yNiYxWZQBWKtu6rck1JlmttctA0VqkhOvoQGUJhXk9LjRoewG8oLqrylfolZEOjHb2BOABxO8PQpdLBQ:1w7aJH:Dr9hs-IQEeDVh6wCyjmBZNvQcLD8mTjYcuH_tCjKbos', datetime.datetime(2026, 3, 31, 14, 53, 15, 719434, tzinfo=datetime.timezone.utc), '147qlgn9my4ww2uk493c1tv0exm1ugez'); alias=default
"GET /api/news/ HTTP/1.1" 200 2
(0.033) COMMIT; args=None; alias=default
"GET /api/events/upcoming/ HTTP/1.1" 200 2
(0.002) SELECT "django_session"."session_key", "django_session"."session_data", "django_session"."expire_date" FROM "django_session" WHERE ("django_session"."expire_date" > '2026-03-31T14:43:15.727291+00:00'::timestamptz AND "django_session"."session_key" = '147qlgn9my4ww2uk493c1tv0exm1ugez') LIMIT 21; args=(datetime.datetime(2026, 3, 31, 14, 43, 15, 727291, tzinfo=datetime.timezone.utc), '147qlgn9my4ww2uk493c1tv0exm1ugez'); alias=default
(0.001) SELECT "auth_user"."id", "auth_user"."password", "auth_user"."last_login", "auth_user"."is_superuser", "auth_user"."username", "auth_user"."first_name", "auth_user"."last_name", "auth_user"."email", "auth_user"."is_staff", "auth_user"."is_active", "auth_user"."date_joined" FROM "auth_user" WHERE "auth_user"."id" = 51 LIMIT 21; args=(51,); alias=default
(0.001) SELECT "news_announcement"."id", "news_announcement"."title", "news_announcement"."message", "news_announcement"."slug", "news_announcement"."start_at", "news_announcement"."end_at", "news_announcement"."is_active", "news_announcement"."priority", "news_announcement"."created_at", "news_announcement"."updated_at" FROM "news_announcement" WHERE ("news_announcement"."is_active" AND "news_announcement"."start_at" <= '2026-03-31T14:43:15.809873+00:00'::timestamptz AND ("news_announcement"."end_at" >= '2026-03-31T14:43:15.809873+00:00'::timestamptz OR "news_announcement"."end_at" IS NULL)) ORDER BY "news_announcement"."priority" DESC, "news_announcement"."start_at" DESC; args=(datetime.datetime(2026, 3, 31, 14, 43, 15, 809873, tzinfo=datetime.timezone.utc), datetime.datetime(2026, 3, 31, 14, 43, 15, 809873, tzinfo=datetime.timezone.utc)); alias=default
(0.000) BEGIN; args=None; alias=default
(0.001) UPDATE "django_session" SET "session_data" = '.eJxVjrFuhDAQRP_Fbe6sXS8Y22X6dOmtNV4HcggkzKU53b8HJBqqkWbejOalqtQ6LnP8k_VQFfCmIj-3IT6rrHHMKqgW1cVM3D9kPpL8y_PPovtl3tYx6QPRZ1r115Jl-jzZy8DAddjbvS-u5JQaT1Ry5uTEpq6DQr5NQhYLgCAW63rHnW-zNcZ0BThZS5xpH524brGK7MeVAWPvQHfCb2xCQwFb7cCTwQ-AAKDe_0KBSwE:1w7aJH:voY2lWIF0NaphBIeYoUStLeNzGaUSOGLhLEvjhclWrg', "expire_date" = '2026-03-31T14:53:15.814967+00:00'::timestamptz WHERE "django_session"."session_key" = '147qlgn9my4ww2uk493c1tv0exm1ugez'; args=('.eJxVjrFuhDAQRP_Fbe6sXS8Y22X6dOmtNV4HcggkzKU53b8HJBqqkWbejOalqtQ6LnP8k_VQFfCmIj-3IT6rrHHMKqgW1cVM3D9kPpL8y_PPovtl3tYx6QPRZ1r115Jl-jzZy8DAddjbvS-u5JQaT1Ry5uTEpq6DQr5NQhYLgCAW63rHnW-zNcZ0BThZS5xpH524brGK7MeVAWPvQHfCb2xCQwFb7cCTwQ-AAKDe_0KBSwE:1w7aJH:voY2lWIF0NaphBIeYoUStLeNzGaUSOGLhLEvjhclWrg', datetime.datetime(2026, 3, 31, 14, 53, 15, 814967, tzinfo=datetime.timezone.utc), '147qlgn9my4ww2uk493c1tv0exm1ugez'); alias=default
(0.003) COMMIT; args=None; alias=default
"GET /api/announcements/active/ HTTP/1.1" 200 2
(0.012) SELECT "django_session"."session_key", "django_session"."session_data", "django_session"."expire_date" FROM "django_session" WHERE ("django_session"."expire_date" > '2026-03-31T14:43:30.211203+00:00'::timestamptz AND "django_session"."session_key" = '147qlgn9my4ww2uk493c1tv0exm1ugez') LIMIT 21; args=(datetime.datetime(2026, 3, 31, 14, 43, 30, 211203, tzinfo=datetime.timezone.utc), '147qlgn9my4ww2uk493c1tv0exm1ugez'); alias=default
(0.002) SELECT "auth_user"."id", "auth_user"."password", "auth_user"."last_login", "auth_user"."is_superuser", "auth_user"."username", "auth_user"."first_name", "auth_user"."last_name", "auth_user"."email", "auth_user"."is_staff", "auth_user"."is_active", "auth_user"."date_joined" FROM "auth_user" WHERE "auth_user"."id" = 51 LIMIT 21; args=(51,); alias=default
(0.000) BEGIN; args=None; alias=default
(0.001) UPDATE "django_session" SET "session_data" = '.eJxVjjEPgjAUhP9LV7V57YPSdnR3c29e6augBBKKLsb_LiQsTJfcfXe5ryhcSj-N4cPzpsKrswj0XrrwLjyHPgkvaiUOZqT2xeOWpCeNj0m207jMfZQbIve0yNuUeLju7GGgo9Kt7dZlm1OMlUPMKVG0bGLTQEZXR0ajMgArlY1tLTWuTkZr3WSgaAxSwnV0oLKEwrweFxq0uQBeUN1V5Sv0CFJb69CeADyA-P0BQuZLDQ:1w7aJW:WKkuMRSEmOCSga03cpVT8jPft8fqx7ae0e-V03DsxL4', "expire_date" = '2026-03-31T14:53:30.299850+00:00'::timestamptz WHERE "django_session"."session_key" = '147qlgn9my4ww2uk493c1tv0exm1ugez'; args=('.eJxVjjEPgjAUhP9LV7V57YPSdnR3c29e6augBBKKLsb_LiQsTJfcfXe5ryhcSj-N4cPzpsKrswj0XrrwLjyHPgkvaiUOZqT2xeOWpCeNj0m207jMfZQbIve0yNuUeLju7GGgo9Kt7dZlm1OMlUPMKVG0bGLTQEZXR0ajMgArlY1tLTWuTkZr3WSgaAxSwnV0oLKEwrweFxq0uQBeUN1V5Sv0CFJb69CeADyA-P0BQuZLDQ:1w7aJW:WKkuMRSEmOCSga03cpVT8jPft8fqx7ae0e-V03DsxL4', datetime.datetime(2026, 3, 31, 14, 53, 30, 299850, tzinfo=datetime.timezone.utc), '147qlgn9my4ww2uk493c1tv0exm1ugez'); alias=default
(0.017) COMMIT; args=None; alias=default
"GET /api/nwp_models/list-models/ HTTP/1.1" 200 530
(0.002) SELECT "django_session"."session_key", "django_session"."session_data", "django_session"."expire_date" FROM "django_session" WHERE ("django_session"."expire_date" > '2026-03-31T14:43:32.339728+00:00'::timestamptz AND "django_session"."session_key" = '147qlgn9my4ww2uk493c1tv0exm1ugez') LIMIT 21; args=(datetime.datetime(2026, 3, 31, 14, 43, 32, 339728, tzinfo=datetime.timezone.utc), '147qlgn9my4ww2uk493c1tv0exm1ugez'); alias=default
(0.001) SELECT "auth_user"."id", "auth_user"."password", "auth_user"."last_login", "auth_user"."is_superuser", "auth_user"."username", "auth_user"."first_name", "auth_user"."last_name", "auth_user"."email", "auth_user"."is_staff", "auth_user"."is_active", "auth_user"."date_joined" FROM "auth_user" WHERE "auth_user"."id" = 51 LIMIT 21; args=(51,); alias=default
(0.000) BEGIN; args=None; alias=default
(0.003) UPDATE "django_session" SET "session_data" = '.eJxVjrEOgzAQQ_8la0t0yUEIGbt36x5dyKXQIpAIdKn67wWJhcmS_Wz5KzLn3E-j__C8q3DqKjytS-fXzLPvo3CiUuJkBmrfPO5JfNH4nGQ7jcvcB7kj8kizvE-Rh9vBngY6yt3WbptkUwyhbBBTjBQsm1DXkLCpAqNRCYCVSsa2luqmikZrXSegYAxSxG10oLz4zLwdFxq0KQALVA9VuhIdaonGasQLgAMQvz9CgEsC:1w7aJY:fE8B6QW9MxAIAGZN_oGnUUhkQfzzN6xSEz86bJb-qTM', "expire_date" = '2026-03-31T14:53:32.372858+00:00'::timestamptz WHERE "django_session"."session_key" = '147qlgn9my4ww2uk493c1tv0exm1ugez'; args=('.eJxVjrEOgzAQQ_8la0t0yUEIGbt36x5dyKXQIpAIdKn67wWJhcmS_Wz5KzLn3E-j__C8q3DqKjytS-fXzLPvo3CiUuJkBmrfPO5JfNH4nGQ7jcvcB7kj8kizvE-Rh9vBngY6yt3WbptkUwyhbBBTjBQsm1DXkLCpAqNRCYCVSsa2luqmikZrXSegYAxSxG10oLz4zLwdFxq0KQALVA9VuhIdaonGasQLgAMQvz9CgEsC:1w7aJY:fE8B6QW9MxAIAGZN_oGnUUhkQfzzN6xSEz86bJb-qTM', datetime.datetime(2026, 3, 31, 14, 53, 32, 372858, tzinfo=datetime.timezone.utc), '147qlgn9my4ww2uk493c1tv0exm1ugez'); alias=default
(0.004) COMMIT; args=None; alias=default
Bad Request: /api/nwp_models/eawrf_maps/field/
"GET /api/nwp_models/eawrf_maps/field/?datetime=2026-03-31_17%3A00%3A00&variable=PRECIP&day=day1 HTTP/1.1" 400 37
File /home/haron/miniconda3/envs/rsmc-env/lib/python3.11/encodings/unicode_escape.py first seen with mtime 1761072197.5073438
(0.003) SELECT "django_session"."session_key", "django_session"."session_data", "django_session"."expire_date" FROM "django_session" WHERE ("django_session"."expire_date" > '2026-03-31T14:43:56.729196+00:00'::timestamptz AND "django_session"."session_key" = '147qlgn9my4ww2uk493c1tv0exm1ugez') LIMIT 21; args=(datetime.datetime(2026, 3, 31, 14, 43, 56, 729196, tzinfo=datetime.timezone.utc), '147qlgn9my4ww2uk493c1tv0exm1ugez'); alias=default
(0.002) SELECT "auth_user"."id", "auth_user"."password", "auth_user"."last_login", "auth_user"."is_superuser", "auth_user"."username", "auth_user"."first_name", "auth_user"."last_name", "auth_user"."email", "auth_user"."is_staff", "auth_user"."is_active", "auth_user"."date_joined" FROM "auth_user" WHERE "auth_user"."id" = 51 LIMIT 21; args=(51,); alias=default
(0.000) BEGIN; args=None; alias=default
(0.001) UPDATE "django_session" SET "session_data" = '.eJxVjjEPwiAUhP8Lq0oevEKB0d3NnTzKw1abNinVxfjfbRMXp0vuvrvcW1SudZin-OJlVxHUUUR6rn18Vl7ikEUQRok_M1H34GlP8p2m2yy7eVqXIckdkb-0ysuceTz_2L-Bnmq_tTtfXMkpNR6x5EzJsU1tCwW9SYxWFQBWqljXOWq9yVZr3RagZC1Sxm10pLrGyrwdFxq0PQGeUF1VExoMxkrnG23gABAAxOcLQxhLCw:1w7aJw:ApwV4AG6yJtS7mNhmHMJPxc4Ygso9eMkwGYq35DrBPI', "expire_date" = '2026-03-31T14:53:56.895446+00:00'::timestamptz WHERE "django_session"."session_key" = '147qlgn9my4ww2uk493c1tv0exm1ugez'; args=('.eJxVjjEPwiAUhP8Lq0oevEKB0d3NnTzKw1abNinVxfjfbRMXp0vuvrvcW1SudZin-OJlVxHUUUR6rn18Vl7ikEUQRok_M1H34GlP8p2m2yy7eVqXIckdkb-0ysuceTz_2L-Bnmq_tTtfXMkpNR6x5EzJsU1tCwW9SYxWFQBWqljXOWq9yVZr3RagZC1Sxm10pLrGyrwdFxq0PQGeUF1VExoMxkrnG23gABAAxOcLQxhLCw:1w7aJw:ApwV4AG6yJtS7mNhmHMJPxc4Ygso9eMkwGYq35DrBPI', datetime.datetime(2026, 3, 31, 14, 53, 56, 895446, tzinfo=datetime.timezone.utc), '147qlgn9my4ww2uk493c1tv0exm1ugez'); alias=default
(0.166) COMMIT; args=None; alias=default
"GET /api/session/ HTTP/1.1" 200 144
(0.002) SELECT "django_session"."session_key", "django_session"."session_data", "django_session"."expire_date" FROM "django_session" WHERE ("django_session"."expire_date" > '2026-03-31T14:43:57.165952+00:00'::timestamptz AND "django_session"."session_key" = '147qlgn9my4ww2uk493c1tv0exm1ugez') LIMIT 21; args=(datetime.datetime(2026, 3, 31, 14, 43, 57, 165952, tzinfo=datetime.timezone.utc), '147qlgn9my4ww2uk493c1tv0exm1ugez'); alias=default
(0.001) SELECT "auth_user"."id", "auth_user"."password", "auth_user"."last_login", "auth_user"."is_superuser", "auth_user"."username", "auth_user"."first_name", "auth_user"."last_name", "auth_user"."email", "auth_user"."is_staff", "auth_user"."is_active", "auth_user"."date_joined" FROM "auth_user" WHERE "auth_user"."id" = 51 LIMIT 21; args=(51,); alias=default
(0.000) BEGIN; args=None; alias=default
(0.002) UPDATE "django_session" SET "session_data" = '.eJxVjrEOgzAQQ_8la0t0yUECGbt36x5dyKXQIpAIdKn67wWJhcmS_Wz5KzLn3E-j__C8q3DqKjytS-fXzLPvo3CiUuJkBmrfPO5JfNH4nGQ7jcvcB7kj8kizvE-Rh9vBngY6yt3WbptUpxhC2SCmGCnUbIK1kLCpAqNRCYCVSqZua7JNFY3W2iagYAxSxG10oLz4zLwdFxq0KQALVA9VuhJdZaW25da5ADgA8fsDQq5LAw:1w7aJx:VaM5qRrQDkWrvofIJyVInyiQltHERay_J183_AdCQp4', "expire_date" = '2026-03-31T14:53:57.275026+00:00'::timestamptz WHERE "django_session"."session_key" = '147qlgn9my4ww2uk493c1tv0exm1ugez'; args=('.eJxVjrEOgzAQQ_8la0t0yUECGbt36x5dyKXQIpAIdKn67wWJhcmS_Wz5KzLn3E-j__C8q3DqKjytS-fXzLPvo3CiUuJkBmrfPO5JfNH4nGQ7jcvcB7kj8kizvE-Rh9vBngY6yt3WbptUpxhC2SCmGCnUbIK1kLCpAqNRCYCVSqZua7JNFY3W2iagYAxSxG10oLz4zLwdFxq0KQALVA9VuhJdZaW25da5ADgA8fsDQq5LAw:1w7aJx:VaM5qRrQDkWrvofIJyVInyiQltHERay_J183_AdCQp4', datetime.datetime(2026, 3, 31, 14, 53, 57, 275026, tzinfo=datetime.timezone.utc), '147qlgn9my4ww2uk493c1tv0exm1ugez'); alias=default
(0.012) COMMIT; args=None; alias=default
"GET /api/session/ HTTP/1.1" 200 144
(0.009) SELECT "django_session"."session_key", "django_session"."session_data", "django_session"."expire_date" FROM "django_session" WHERE ("django_session"."expire_date" > '2026-03-31T14:44:39.637579+00:00'::timestamptz AND "django_session"."session_key" = '147qlgn9my4ww2uk493c1tv0exm1ugez') LIMIT 21; args=(datetime.datetime(2026, 3, 31, 14, 44, 39, 637579, tzinfo=datetime.timezone.utc), '147qlgn9my4ww2uk493c1tv0exm1ugez'); alias=default
(0.001) SELECT "auth_user"."id", "auth_user"."password", "auth_user"."last_login", "auth_user"."is_superuser", "auth_user"."username", "auth_user"."first_name", "auth_user"."last_name", "auth_user"."email", "auth_user"."is_staff", "auth_user"."is_active", "auth_user"."date_joined" FROM "auth_user" WHERE "auth_user"."id" = 51 LIMIT 21; args=(51,); alias=default
(0.000) BEGIN; args=None; alias=default
(0.002) UPDATE "django_session" SET "session_data" = '.eJxVjr0OwjAQg98lKxBdcm3-RnY29ujSXGihaqWmsCDenVZiYbJkf7b8FpVrHeYpvnjZVQR1FJGeax-flZc4ZBFEq8Sfmah78LQn-U7TbZbdPK3LkOSOyF9a5WXOPJ5_7N9AT7Xf2p0vruSUGo9Ycqbk2CRroaBvE6NRBYCVKsZ1jqxvs9Fa2wKUjEHKuI2OVNdYmbfjQoM2J8ATqqtqQtME9NK23lk8AAQA8fkCQ6RLGA:1w7aKd:99kI_GkemF4kZvdNBHZA-nxo86x604g64V7GZNHhXns', "expire_date" = '2026-03-31T14:54:39.761078+00:00'::timestamptz WHERE "django_session"."session_key" = '147qlgn9my4ww2uk493c1tv0exm1ugez'; args=('.eJxVjr0OwjAQg98lKxBdcm3-RnY29ujSXGihaqWmsCDenVZiYbJkf7b8FpVrHeYpvnjZVQR1FJGeax-flZc4ZBFEq8Sfmah78LQn-U7TbZbdPK3LkOSOyF9a5WXOPJ5_7N9AT7Xf2p0vruSUGo9Ycqbk2CRroaBvE6NRBYCVKsZ1jqxvs9Fa2wKUjEHKuI2OVNdYmbfjQoM2J8ATqqtqQtME9NK23lk8AAQA8fkCQ6RLGA:1w7aKd:99kI_GkemF4kZvdNBHZA-nxo86x604g64V7GZNHhXns', datetime.datetime(2026, 3, 31, 14, 54, 39, 761078, tzinfo=datetime.timezone.utc), '147qlgn9my4ww2uk493c1tv0exm1ugez'); alias=default
(0.368) COMMIT; args=None; alias=default
"GET /api/session/ HTTP/1.1" 200 144
(0.423) SELECT "django_session"."session_key", "django_session"."session_data", "django_session"."expire_date" FROM "django_session" WHERE ("django_session"."expire_date" > '2026-03-31T14:45:41.541505+00:00'::timestamptz AND "django_session"."session_key" = '147qlgn9my4ww2uk493c1tv0exm1ugez') LIMIT 21; args=(datetime.datetime(2026, 3, 31, 14, 45, 41, 541505, tzinfo=datetime.timezone.utc), '147qlgn9my4ww2uk493c1tv0exm1ugez'); alias=default
(0.026) SELECT "auth_user"."id", "auth_user"."password", "auth_user"."last_login", "auth_user"."is_superuser", "auth_user"."username", "auth_user"."first_name", "auth_user"."last_name", "auth_user"."email", "auth_user"."is_staff", "auth_user"."is_active", "auth_user"."date_joined" FROM "auth_user" WHERE "auth_user"."id" = 51 LIMIT 21; args=(51,); alias=default
(0.000) BEGIN; args=None; alias=default
(0.009) UPDATE "django_session" SET "session_data" = '.eJxVjr0OgzAQg98la0t0SSB_Y_du3aMLuRRaBBKBLlXfvSCxMFmyP1v-skKl9NMYPjTvyry4soDr0oW10Bz6xDxrBDuZEds3jXuSXjg-J95O4zL3ke8IP9LC71Oi4Xawp4EOS7e1W5dtTjHWTqmcEkZLOhoDWbkmktIiA5AQWdvWonFN0lJKkwGj1gqT2kYHLEsoRNtxJkHqClSlxEPUvm58LbmxToK5AHgA9vsDQxtLDQ:1w7aLe:O04qRRmILiN0l96HtyykBqOVfB9M1GMSmypZF4Cbt_4', "expire_date" = '2026-03-31T14:55:42.818040+00:00'::timestamptz WHERE "django_session"."session_key" = '147qlgn9my4ww2uk493c1tv0exm1ugez'; args=('.eJxVjr0OgzAQg98la0t0SSB_Y_du3aMLuRRaBBKBLlXfvSCxMFmyP1v-skKl9NMYPjTvyry4soDr0oW10Bz6xDxrBDuZEds3jXuSXjg-J95O4zL3ke8IP9LC71Oi4Xawp4EOS7e1W5dtTjHWTqmcEkZLOhoDWbkmktIiA5AQWdvWonFN0lJKkwGj1gqT2kYHLEsoRNtxJkHqClSlxEPUvm58LbmxToK5AHgA9vsDQxtLDQ:1w7aLe:O04qRRmILiN0l96HtyykBqOVfB9M1GMSmypZF4Cbt_4', datetime.datetime(2026, 3, 31, 14, 55, 42, 818040, tzinfo=datetime.timezone.utc), '147qlgn9my4ww2uk493c1tv0exm1ugez'); alias=default
(0.049) COMMIT; args=None; alias=default
"GET /api/session/ HTTP/1.1" 200 144
(0.004) SELECT "django_session"."session_key", "django_session"."session_data", "django_session"."expire_date" FROM "django_session" WHERE ("django_session"."expire_date" > '2026-03-31T14:45:46.095760+00:00'::timestamptz AND "django_session"."session_key" = '147qlgn9my4ww2uk493c1tv0exm1ugez') LIMIT 21; args=(datetime.datetime(2026, 3, 31, 14, 45, 46, 95760, tzinfo=datetime.timezone.utc), '147qlgn9my4ww2uk493c1tv0exm1ugez'); alias=default
(0.005) SELECT "auth_user"."id", "auth_user"."password", "auth_user"."last_login", "auth_user"."is_superuser", "auth_user"."username", "auth_user"."first_name", "auth_user"."last_name", "auth_user"."email", "auth_user"."is_staff", "auth_user"."is_active", "auth_user"."date_joined" FROM "auth_user" WHERE "auth_user"."id" = 51 LIMIT 21; args=(51,); alias=default
(0.000) BEGIN; args=None; alias=default
(0.005) UPDATE "django_session" SET "session_data" = '.eJxVjr0OwjAQg98lKxBdfnpNMrKzsUeX5kILVSs1hQXx7rQSC5Ml-7Plt6hc6zBP8cXLriKoo4j0XPv4rLzEIYsgGiX-zETdg6c9yXeabrPs5mldhiR3RP7SKi9z5vH8Y_8Geqr91u58cSWnZL0xJWdKjjG1LRTjm8QGVQFgpQq6zlHrm4xa67YAJURD2WyjI9U1VubtuNCg8QTmZNRV2WCbYFFq9M66A0AAEJ8vQ25LFQ:1w7aLi:RSfabY-yqn-cMwzI5GeQ9j-_0VUSSk9TLBYoQJQBWn8', "expire_date" = '2026-03-31T14:55:46.270934+00:00'::timestamptz WHERE "django_session"."session_key" = '147qlgn9my4ww2uk493c1tv0exm1ugez'; args=('.eJxVjr0OwjAQg98lKxBdfnpNMrKzsUeX5kILVSs1hQXx7rQSC5Ml-7Plt6hc6zBP8cXLriKoo4j0XPv4rLzEIYsgGiX-zETdg6c9yXeabrPs5mldhiR3RP7SKi9z5vH8Y_8Geqr91u58cSWnZL0xJWdKjjG1LRTjm8QGVQFgpQq6zlHrm4xa67YAJURD2WyjI9U1VubtuNCg8QTmZNRV2WCbYFFq9M66A0AAEJ8vQ25LFQ:1w7aLi:RSfabY-yqn-cMwzI5GeQ9j-_0VUSSk9TLBYoQJQBWn8', datetime.datetime(2026, 3, 31, 14, 55, 46, 270934, tzinfo=datetime.timezone.utc), '147qlgn9my4ww2uk493c1tv0exm1ugez'); alias=default
(0.018) COMMIT; args=None; alias=default
"GET /api/session/ HTTP/1.1" 200 144
(0.015) SELECT "django_session"."session_key", "django_session"."session_data", "django_session"."expire_date" FROM "django_session" WHERE ("django_session"."expire_date" > '2026-03-31T14:46:30.664290+00:00'::timestamptz AND "django_session"."session_key" = '147qlgn9my4ww2uk493c1tv0exm1ugez') LIMIT 21; args=(datetime.datetime(2026, 3, 31, 14, 46, 30, 664290, tzinfo=datetime.timezone.utc), '147qlgn9my4ww2uk493c1tv0exm1ugez'); alias=default
(0.030) SELECT "auth_user"."id", "auth_user"."password", "auth_user"."last_login", "auth_user"."is_superuser", "auth_user"."username", "auth_user"."first_name", "auth_user"."last_name", "auth_user"."email", "auth_user"."is_staff", "auth_user"."is_active", "auth_user"."date_joined" FROM "auth_user" WHERE "auth_user"."id" = 51 LIMIT 21; args=(51,); alias=default
(0.000) BEGIN; args=None; alias=default
(0.004) UPDATE "django_session" SET "session_data" = '.eJxVjrEOgzAQQ_8la0t0yUEIGbt36x5dyKXQIpAIdKn67wWJhcmS_Wz5KzLn3E-j__C8q3DqKjytS-fXzLPvo3CiUuJkBmrfPO5JfNH4nGQ7jcvcB7kj8kizvE-Rh9vBngY6yt3WbptkUwyhbBBTjBQsm1DXkLCpAqNRCYCVSsa2luqmikZrXSegYAxSxG10oLz4zLwdFxq0KQALVA9VutI4BGl1pUq4ADgA8fsDQmtK_g:1w7aMQ:P1wBgiq5o-9flPj-iaQcJQfdh3f7YAERCmMf1krDHxE', "expire_date" = '2026-03-31T14:56:30.826136+00:00'::timestamptz WHERE "django_session"."session_key" = '147qlgn9my4ww2uk493c1tv0exm1ugez'; args=('.eJxVjrEOgzAQQ_8la0t0yUEIGbt36x5dyKXQIpAIdKn67wWJhcmS_Wz5KzLn3E-j__C8q3DqKjytS-fXzLPvo3CiUuJkBmrfPO5JfNH4nGQ7jcvcB7kj8kizvE-Rh9vBngY6yt3WbptkUwyhbBBTjBQsm1DXkLCpAqNRCYCVSsa2luqmikZrXSegYAxSxG10oLz4zLwdFxq0KQALVA9VutI4BGl1pUq4ADgA8fsDQmtK_g:1w7aMQ:P1wBgiq5o-9flPj-iaQcJQfdh3f7YAERCmMf1krDHxE', datetime.datetime(2026, 3, 31, 14, 56, 30, 826136, tzinfo=datetime.timezone.utc), '147qlgn9my4ww2uk493c1tv0exm1ugez'); alias=default
(0.023) COMMIT; args=None; alias=default
"GET /api/session/ HTTP/1.1" 200 144
(0.008) SELECT "django_session"."session_key", "django_session"."session_data", "django_session"."expire_date" FROM "django_session" WHERE ("django_session"."expire_date" > '2026-03-31T14:46:34.806466+00:00'::timestamptz AND "django_session"."session_key" = '147qlgn9my4ww2uk493c1tv0exm1ugez') LIMIT 21; args=(datetime.datetime(2026, 3, 31, 14, 46, 34, 806466, tzinfo=datetime.timezone.utc), '147qlgn9my4ww2uk493c1tv0exm1ugez'); alias=default
(0.001) SELECT "auth_user"."id", "auth_user"."password", "auth_user"."last_login", "auth_user"."is_superuser", "auth_user"."username", "auth_user"."first_name", "auth_user"."last_name", "auth_user"."email", "auth_user"."is_staff", "auth_user"."is_active", "auth_user"."date_joined" FROM "auth_user" WHERE "auth_user"."id" = 51 LIMIT 21; args=(51,); alias=default
(0.000) BEGIN; args=None; alias=default
(0.050) UPDATE "django_session" SET "session_data" = '.eJxVjrEOwjAQQ_8lKxBdcu01zcjOxh5dmgstVK3UFBbEv9NKLEyW7GfLb1WklGGewkuWXZU3RxX4ufbhWWQJQ1Je1Ub9mZG7h0x7ku483WbdzdO6DFHviP6lRV_mJOP5x_4N9Fz6rd212eUUY9Ui5pQ4OqHYNJCxraMgmQwgxmRyneOmrRNZa5sMHImQE26jI5c1FJHtuLJg6QR4QnM1la_IY6WdczXRAcADqM8XQ5NLFw:1w7aMU:tibQP2SZojtGyHbu74J06K3Owr5B4zDGUE7L5uxWD6Q', "expire_date" = '2026-03-31T14:56:34.889038+00:00'::timestamptz WHERE "django_session"."session_key" = '147qlgn9my4ww2uk493c1tv0exm1ugez'; args=('.eJxVjrEOwjAQQ_8lKxBdcu01zcjOxh5dmgstVK3UFBbEv9NKLEyW7GfLb1WklGGewkuWXZU3RxX4ufbhWWQJQ1Je1Ub9mZG7h0x7ku483WbdzdO6DFHviP6lRV_mJOP5x_4N9Fz6rd212eUUY9Ui5pQ4OqHYNJCxraMgmQwgxmRyneOmrRNZa5sMHImQE26jI5c1FJHtuLJg6QR4QnM1la_IY6WdczXRAcADqM8XQ5NLFw:1w7aMU:tibQP2SZojtGyHbu74J06K3Owr5B4zDGUE7L5uxWD6Q', datetime.datetime(2026, 3, 31, 14, 56, 34, 889038, tzinfo=datetime.timezone.utc), '147qlgn9my4ww2uk493c1tv0exm1ugez'); alias=default
(0.009) COMMIT; args=None; alias=default
"GET /api/health/ HTTP/1.1" 200 16
(0.003) SELECT "django_session"."session_key", "django_session"."session_data", "django_session"."expire_date" FROM "django_session" WHERE ("django_session"."expire_date" > '2026-03-31T14:46:35.050853+00:00'::timestamptz AND "django_session"."session_key" = '147qlgn9my4ww2uk493c1tv0exm1ugez') LIMIT 21; args=(datetime.datetime(2026, 3, 31, 14, 46, 35, 50853, tzinfo=datetime.timezone.utc), '147qlgn9my4ww2uk493c1tv0exm1ugez'); alias=default
(0.002) SELECT "auth_user"."id", "auth_user"."password", "auth_user"."last_login", "auth_user"."is_superuser", "auth_user"."username", "auth_user"."first_name", "auth_user"."last_name", "auth_user"."email", "auth_user"."is_staff", "auth_user"."is_active", "auth_user"."date_joined" FROM "auth_user" WHERE "auth_user"."id" = 51 LIMIT 21; args=(51,); alias=default
(0.000) BEGIN; args=None; alias=default
(0.001) UPDATE "django_session" SET "session_data" = '.eJxVjjEPgjAUhP9LV7V57aOFdnR3c29e6augBBKKLsb_LiQsTJfcfXe5ryhcSj-N4cPzpsKrswj0XrrwLjyHPgkvjBIHM1L74nFL0pPGxyTbaVzmPsoNkXta5G1KPFx39jDQUenWdutyk1OMlUPMKVFs2Ma6hozOREarMgArlW3TNlQ7k6zWus5A0VqkhOvoQGUJhXk9LjRoewG8oLqrylfWo5HgHBp3AvAA4vcHQ0dLEg:1w7aMV:fORjje35cavhBLJlsd9BHBkYzbgnX7VDKalTl3PsWnk', "expire_date" = '2026-03-31T14:56:35.100568+00:00'::timestamptz WHERE "django_session"."session_key" = '147qlgn9my4ww2uk493c1tv0exm1ugez'; args=('.eJxVjjEPgjAUhP9LV7V57aOFdnR3c29e6augBBKKLsb_LiQsTJfcfXe5ryhcSj-N4cPzpsKrswj0XrrwLjyHPgkvjBIHM1L74nFL0pPGxyTbaVzmPsoNkXta5G1KPFx39jDQUenWdutyk1OMlUPMKVFs2Ma6hozOREarMgArlW3TNlQ7k6zWus5A0VqkhOvoQGUJhXk9LjRoewG8oLqrylfWo5HgHBp3AvAA4vcHQ0dLEg:1w7aMV:fORjje35cavhBLJlsd9BHBkYzbgnX7VDKalTl3PsWnk', datetime.datetime(2026, 3, 31, 14, 56, 35, 100568, tzinfo=datetime.timezone.utc), '147qlgn9my4ww2uk493c1tv0exm1ugez'); alias=default
(0.019) COMMIT; args=None; alias=default
"GET /api/csrf/ HTTP/1.1" 200 120
(0.021) SELECT "django_session"."session_key", "django_session"."session_data", "django_session"."expire_date" FROM "django_session" WHERE ("django_session"."expire_date" > '2026-03-31T14:46:35.167126+00:00'::timestamptz AND "django_session"."session_key" = '147qlgn9my4ww2uk493c1tv0exm1ugez') LIMIT 21; args=(datetime.datetime(2026, 3, 31, 14, 46, 35, 167126, tzinfo=datetime.timezone.utc), '147qlgn9my4ww2uk493c1tv0exm1ugez'); alias=default
(0.006) SELECT "auth_user"."id", "auth_user"."password", "auth_user"."last_login", "auth_user"."is_superuser", "auth_user"."username", "auth_user"."first_name", "auth_user"."last_name", "auth_user"."email", "auth_user"."is_staff", "auth_user"."is_active", "auth_user"."date_joined" FROM "auth_user" WHERE "auth_user"."id" = 51 LIMIT 21; args=(51,); alias=default
(0.000) BEGIN; args=None; alias=default
(0.021) UPDATE "django_session" SET "session_data" = '.eJxVjrEOwjAQQ_8lKxDd5do0zcjOxh5dmgstVK3UFBbEv9NKLEyW7GfLb1WklGGewkuWXZXHowr8XPvwLLKEISmvalR_ZuTuIdOepDtPt1l387QuQ9Q7on9p0Zc5yXj-sX8DPZd-a3dtdjnFWLVEOSWOTmxsGsjU1lHIYgYQxGxd57hp62SNMU0GjtYSJ9pGRy5rKCLbcWXA2BPQifCKla-sp1oTIKI7AHgA9fkCQlVK_Q:1w7aMV:u75ciP-v08bPLxMfhYB648H_ggtCVnbdARYKPMGs9cw', "expire_date" = '2026-03-31T14:56:35.302043+00:00'::timestamptz WHERE "django_session"."session_key" = '147qlgn9my4ww2uk493c1tv0exm1ugez'; args=('.eJxVjrEOwjAQQ_8lKxDd5do0zcjOxh5dmgstVK3UFBbEv9NKLEyW7GfLb1WklGGewkuWXZXHowr8XPvwLLKEISmvalR_ZuTuIdOepDtPt1l387QuQ9Q7on9p0Zc5yXj-sX8DPZd-a3dtdjnFWLVEOSWOTmxsGsjU1lHIYgYQxGxd57hp62SNMU0GjtYSJ9pGRy5rKCLbcWXA2BPQifCKla-sp1oTIKI7AHgA9fkCQlVK_Q:1w7aMV:u75ciP-v08bPLxMfhYB648H_ggtCVnbdARYKPMGs9cw', datetime.datetime(2026, 3, 31, 14, 56, 35, 302043, tzinfo=datetime.timezone.utc), '147qlgn9my4ww2uk493c1tv0exm1ugez'); alias=default
(0.006) COMMIT; args=None; alias=default
"GET /api/session/ HTTP/1.1" 200 144
(0.005) SELECT "django_session"."session_key", "django_session"."session_data", "django_session"."expire_date" FROM "django_session" WHERE ("django_session"."expire_date" > '2026-03-31T14:47:19.192016+00:00'::timestamptz AND "django_session"."session_key" = '147qlgn9my4ww2uk493c1tv0exm1ugez') LIMIT 21; args=(datetime.datetime(2026, 3, 31, 14, 47, 19, 192016, tzinfo=datetime.timezone.utc), '147qlgn9my4ww2uk493c1tv0exm1ugez'); alias=default
(0.008) SELECT "auth_user"."id", "auth_user"."password", "auth_user"."last_login", "auth_user"."is_superuser", "auth_user"."username", "auth_user"."first_name", "auth_user"."last_name", "auth_user"."email", "auth_user"."is_staff", "auth_user"."is_active", "auth_user"."date_joined" FROM "auth_user" WHERE "auth_user"."id" = 51 LIMIT 21; args=(51,); alias=default
(0.000) BEGIN; args=None; alias=default
(0.003) UPDATE "django_session" SET "session_data" = '.eJxVjr0OwjAQg98lKxBdcm3-RnY29ujSXGihaqWmsCDenVZiYbJkf7b8FpVrHeYpvnjZVQR1FJGeax-flZc4ZBFEq8Sfmah78LQn-U7TbZbdPK3LkOSOyF9a5WXOPJ5_7N9AT7Xf2p0vruSUGo9Ycqbk2CRroaBvE6NRBYCVKsZ1jqxvs9Fa2wKUjEHKuI2OVNdYmbfjQoM2J8ATqqtqQmOD8rJpLTo8AAQA8fkCQ0xLEA:1w7aND:UoOC9tcmEPFXnywiRnjbnPIr9aV-TEGBGVfubnME4Ow', "expire_date" = '2026-03-31T14:57:19.458030+00:00'::timestamptz WHERE "django_session"."session_key" = '147qlgn9my4ww2uk493c1tv0exm1ugez'; args=('.eJxVjr0OwjAQg98lKxBdcm3-RnY29ujSXGihaqWmsCDenVZiYbJkf7b8FpVrHeYpvnjZVQR1FJGeax-flZc4ZBFEq8Sfmah78LQn-U7TbZbdPK3LkOSOyF9a5WXOPJ5_7N9AT7Xf2p0vruSUGo9Ycqbk2CRroaBvE6NRBYCVKsZ1jqxvs9Fa2wKUjEHKuI2OVNdYmbfjQoM2J8ATqqtqQmOD8rJpLTo8AAQA8fkCQ0xLEA:1w7aND:UoOC9tcmEPFXnywiRnjbnPIr9aV-TEGBGVfubnME4Ow', datetime.datetime(2026, 3, 31, 14, 57, 19, 458030, tzinfo=datetime.timezone.utc), '147qlgn9my4ww2uk493c1tv0exm1ugez'); alias=default
(0.190) COMMIT; args=None; alias=default
"GET /api/session/ HTTP/1.1" 200 144
(0.003) SELECT "django_session"."session_key", "django_session"."session_data", "django_session"."expire_date" FROM "django_session" WHERE ("django_session"."expire_date" > '2026-03-31T14:47:21.254189+00:00'::timestamptz AND "django_session"."session_key" = '147qlgn9my4ww2uk493c1tv0exm1ugez') LIMIT 21; args=(datetime.datetime(2026, 3, 31, 14, 47, 21, 254189, tzinfo=datetime.timezone.utc), '147qlgn9my4ww2uk493c1tv0exm1ugez'); alias=default
(0.006) SELECT "auth_user"."id", "auth_user"."password", "auth_user"."last_login", "auth_user"."is_superuser", "auth_user"."username", "auth_user"."first_name", "auth_user"."last_name", "auth_user"."email", "auth_user"."is_staff", "auth_user"."is_active", "auth_user"."date_joined" FROM "auth_user" WHERE "auth_user"."id" = 51 LIMIT 21; args=(51,); alias=default
(0.009) SELECT "django_session"."session_key", "django_session"."session_data", "django_session"."expire_date" FROM "django_session" WHERE ("django_session"."expire_date" > '2026-03-31T14:47:21.256721+00:00'::timestamptz AND "django_session"."session_key" = '147qlgn9my4ww2uk493c1tv0exm1ugez') LIMIT 21; args=(datetime.datetime(2026, 3, 31, 14, 47, 21, 256721, tzinfo=datetime.timezone.utc), '147qlgn9my4ww2uk493c1tv0exm1ugez'); alias=default
(0.002) SELECT "auth_user"."id", "auth_user"."password", "auth_user"."last_login", "auth_user"."is_superuser", "auth_user"."username", "auth_user"."first_name", "auth_user"."last_name", "auth_user"."email", "auth_user"."is_staff", "auth_user"."is_active", "auth_user"."date_joined" FROM "auth_user" WHERE "auth_user"."id" = 51 LIMIT 21; args=(51,); alias=default
(0.000) BEGIN; args=None; alias=default
(0.007) SELECT "forecasts_forecastcategory"."id", "forecasts_forecastcategory"."name", "forecasts_forecastcategory"."slug" FROM "forecasts_forecastcategory" WHERE "forecasts_forecastcategory"."slug" = 'short-range' LIMIT 21; args=('short-range',); alias=default
(0.006) UPDATE "django_session" SET "session_data" = '.eJxVjjEPgyAUhP8Layt5gIIwdu_WnTzkUW0NJqJdmv73auLidMndd5f7skKlDFP2H5p3ZU5cmcd16f1aaPZDZI41gp3MgN2b8p7EF-bnxLspL_MQ-I7wIy38PkUabwd7Guix9Fu7s6lNMYTaKpVixNCSDsZAUrYJpLRIACRE0m3XorFN1FJKkwCD1gqj2kZHLIsvRNtxJkHqClSlxEPUrjZOCl5vnrYXAAfAfn9Co0sG:1w7aNF:4Zin5wclOAeq_p9zso35Mes-VfEtW_xHVGVbrPNs5H0', "expire_date" = '2026-03-31T14:57:21.404315+00:00'::timestamptz WHERE "django_session"."session_key" = '147qlgn9my4ww2uk493c1tv0exm1ugez'; args=('.eJxVjjEPgyAUhP8Layt5gIIwdu_WnTzkUW0NJqJdmv73auLidMndd5f7skKlDFP2H5p3ZU5cmcd16f1aaPZDZI41gp3MgN2b8p7EF-bnxLspL_MQ-I7wIy38PkUabwd7Guix9Fu7s6lNMYTaKpVixNCSDsZAUrYJpLRIACRE0m3XorFN1FJKkwCD1gqj2kZHLIsvRNtxJkHqClSlxEPUrjZOCl5vnrYXAAfAfn9Co0sG:1w7aNF:4Zin5wclOAeq_p9zso35Mes-VfEtW_xHVGVbrPNs5H0', datetime.datetime(2026, 3, 31, 14, 57, 21, 404315, tzinfo=datetime.timezone.utc), '147qlgn9my4ww2uk493c1tv0exm1ugez'); alias=default
(0.005) SELECT "forecasts_forecast"."id", "forecasts_forecast"."category_id", "forecasts_forecast"."content_type", "forecasts_forecast"."day", "forecasts_forecast"."slug", "forecasts_forecast"."title", "forecasts_forecast"."description", "forecasts_forecast"."file_path", "forecasts_forecast"."issue_date", "forecasts_forecast"."is_active", "forecasts_forecast"."created_at" FROM "forecasts_forecast" WHERE ("forecasts_forecast"."content_type" = 'image' AND "forecasts_forecast"."day" = 1 AND "forecasts_forecast"."is_active" AND "forecasts_forecast"."issue_date" = '2026-03-31'::date) ORDER BY "forecasts_forecast"."issue_date" DESC LIMIT 1; args=('image', 1, datetime.date(2026, 3, 31)); alias=default
(0.001) SELECT "forecasts_forecast"."id", "forecasts_forecast"."category_id", "forecasts_forecast"."content_type", "forecasts_forecast"."day", "forecasts_forecast"."slug", "forecasts_forecast"."title", "forecasts_forecast"."description", "forecasts_forecast"."file_path", "forecasts_forecast"."issue_date", "forecasts_forecast"."is_active", "forecasts_forecast"."created_at" FROM "forecasts_forecast" WHERE ("forecasts_forecast"."content_type" = 'image' AND "forecasts_forecast"."day" = 2 AND "forecasts_forecast"."is_active" AND "forecasts_forecast"."issue_date" = '2026-03-31'::date) ORDER BY "forecasts_forecast"."issue_date" DESC LIMIT 1; args=('image', 2, datetime.date(2026, 3, 31)); alias=default
(0.018) COMMIT; args=None; alias=default
"GET /api/session/ HTTP/1.1" 200 144
(0.014) SELECT "forecasts_forecast"."id", "forecasts_forecast"."category_id", "forecasts_forecast"."content_type", "forecasts_forecast"."day", "forecasts_forecast"."slug", "forecasts_forecast"."title", "forecasts_forecast"."description", "forecasts_forecast"."file_path", "forecasts_forecast"."issue_date", "forecasts_forecast"."is_active", "forecasts_forecast"."created_at" FROM "forecasts_forecast" WHERE ("forecasts_forecast"."content_type" = 'image' AND "forecasts_forecast"."day" = 3 AND "forecasts_forecast"."is_active" AND "forecasts_forecast"."issue_date" = '2026-03-31'::date) ORDER BY "forecasts_forecast"."issue_date" DESC LIMIT 1; args=('image', 3, datetime.date(2026, 3, 31)); alias=default
(0.002) SELECT "forecasts_forecast"."id", "forecasts_forecast"."category_id", "forecasts_forecast"."content_type", "forecasts_forecast"."day", "forecasts_forecast"."slug", "forecasts_forecast"."title", "forecasts_forecast"."description", "forecasts_forecast"."file_path", "forecasts_forecast"."issue_date", "forecasts_forecast"."is_active", "forecasts_forecast"."created_at" FROM "forecasts_forecast" WHERE ("forecasts_forecast"."content_type" = 'image' AND "forecasts_forecast"."day" = 4 AND "forecasts_forecast"."is_active" AND "forecasts_forecast"."issue_date" = '2026-03-31'::date) ORDER BY "forecasts_forecast"."issue_date" DESC LIMIT 1; args=('image', 4, datetime.date(2026, 3, 31)); alias=default
(0.001) SELECT "forecasts_forecast"."id", "forecasts_forecast"."category_id", "forecasts_forecast"."content_type", "forecasts_forecast"."day", "forecasts_forecast"."slug", "forecasts_forecast"."title", "forecasts_forecast"."description", "forecasts_forecast"."file_path", "forecasts_forecast"."issue_date", "forecasts_forecast"."is_active", "forecasts_forecast"."created_at" FROM "forecasts_forecast" WHERE ("forecasts_forecast"."content_type" = 'image' AND "forecasts_forecast"."day" = 5 AND "forecasts_forecast"."is_active" AND "forecasts_forecast"."issue_date" = '2026-03-31'::date) ORDER BY "forecasts_forecast"."issue_date" DESC LIMIT 1; args=('image', 5, datetime.date(2026, 3, 31)); alias=default
(0.000) BEGIN; args=None; alias=default
(0.001) UPDATE "django_session" SET "session_data" = '.eJxVjrFuhDAQRP_Fbe6sXS_Y2GX6dOmtNV4HcggkzKU53b8HJBqqkWbejOalqtQ6LnP8k_VQFfCmIj-3IT6rrHHMKqgW1cVM3D9kPpL8y_PPovtl3tYx6QPRZ1r115Jl-jzZy8DAddjbvS9dySk1nqjkzKkTm5yDQr5NQhYLgCAW2_UdO99ma4xxBThZS5xpH524brGK7MeVAWPvQHfCb2xC44JBTb5Bog-AAKDe_0KXSwI:1w7aNF:8KHLeEjl_eKbGChHjK98x129tH_OPcRGFe7KTt4NpDU', "expire_date" = '2026-03-31T14:57:21.469143+00:00'::timestamptz WHERE "django_session"."session_key" = '147qlgn9my4ww2uk493c1tv0exm1ugez'; args=('.eJxVjrFuhDAQRP_Fbe6sXS_Y2GX6dOmtNV4HcggkzKU53b8HJBqqkWbejOalqtQ6LnP8k_VQFfCmIj-3IT6rrHHMKqgW1cVM3D9kPpL8y_PPovtl3tYx6QPRZ1r115Jl-jzZy8DAddjbvS9dySk1nqjkzKkTm5yDQr5NQhYLgCAW2_UdO99ma4xxBThZS5xpH524brGK7MeVAWPvQHfCb2xC44JBTb5Bog-AAKDe_0KXSwI:1w7aNF:8KHLeEjl_eKbGChHjK98x129tH_OPcRGFe7KTt4NpDU', datetime.datetime(2026, 3, 31, 14, 57, 21, 469143, tzinfo=datetime.timezone.utc), '147qlgn9my4ww2uk493c1tv0exm1ugez'); alias=default
(0.006) COMMIT; args=None; alias=default
"GET /api/forecasts/short-range/ HTTP/1.1" 200 43
(0.004) SELECT "django_session"."session_key", "django_session"."session_data", "django_session"."expire_date" FROM "django_session" WHERE ("django_session"."expire_date" > '2026-03-31T14:48:25.825323+00:00'::timestamptz AND "django_session"."session_key" = '147qlgn9my4ww2uk493c1tv0exm1ugez') LIMIT 21; args=(datetime.datetime(2026, 3, 31, 14, 48, 25, 825323, tzinfo=datetime.timezone.utc), '147qlgn9my4ww2uk493c1tv0exm1ugez'); alias=default
(0.003) SELECT "auth_user"."id", "auth_user"."password", "auth_user"."last_login", "auth_user"."is_superuser", "auth_user"."username", "auth_user"."first_name", "auth_user"."last_name", "auth_user"."email", "auth_user"."is_staff", "auth_user"."is_active", "auth_user"."date_joined" FROM "auth_user" WHERE "auth_user"."id" = 51 LIMIT 21; args=(51,); alias=default
(0.000) BEGIN; args=None; alias=default
(0.005) UPDATE "django_session" SET "session_data" = '.eJxVjjEPgjAUhP9LV7V5bemjdHR3c29e6augBBKKLsb_LiQsTJfcfXe5ryhcSj-N4cPzpsKrswj0XrrwLjyHPgkvrBIHM1L74nFL0pPGxyTbaVzmPsoNkXta5G1KPFx39jDQUenWdttkl1OMVWNMTomiY4x1Ddk0NrJBlQFYqYyudVQ3NqHWus5AEdFQMuvoQGUJhXk9LjRovIC5GHVXla-c11Y6h6jsCcADiN8fQ3BLEg:1w7aOH:BmjWaLaps2YxWxjiqkHfHp3kzu94A6MLbFpHlUCBIHc', "expire_date" = '2026-03-31T14:58:25.887592+00:00'::timestamptz WHERE "django_session"."session_key" = '147qlgn9my4ww2uk493c1tv0exm1ugez'; args=('.eJxVjjEPgjAUhP9LV7V5bemjdHR3c29e6augBBKKLsb_LiQsTJfcfXe5ryhcSj-N4cPzpsKrswj0XrrwLjyHPgkvrBIHM1L74nFL0pPGxyTbaVzmPsoNkXta5G1KPFx39jDQUenWdttkl1OMVWNMTomiY4x1Ddk0NrJBlQFYqYyudVQ3NqHWus5AEdFQMuvoQGUJhXk9LjRovIC5GHVXla-c11Y6h6jsCcADiN8fQ3BLEg:1w7aOH:BmjWaLaps2YxWxjiqkHfHp3kzu94A6MLbFpHlUCBIHc', datetime.datetime(2026, 3, 31, 14, 58, 25, 887592, tzinfo=datetime.timezone.utc), '147qlgn9my4ww2uk493c1tv0exm1ugez'); alias=default
(0.003) COMMIT; args=None; alias=default
"GET /api/session/ HTTP/1.1" 200 144
(0.003) SELECT "django_session"."session_key", "django_session"."session_data", "django_session"."expire_date" FROM "django_session" WHERE ("django_session"."expire_date" > '2026-03-31T14:48:32.447046+00:00'::timestamptz AND "django_session"."session_key" = '147qlgn9my4ww2uk493c1tv0exm1ugez') LIMIT 21; args=(datetime.datetime(2026, 3, 31, 14, 48, 32, 447046, tzinfo=datetime.timezone.utc), '147qlgn9my4ww2uk493c1tv0exm1ugez'); alias=default
(0.001) SELECT "auth_user"."id", "auth_user"."password", "auth_user"."last_login", "auth_user"."is_superuser", "auth_user"."username", "auth_user"."first_name", "auth_user"."last_name", "auth_user"."email", "auth_user"."is_staff", "auth_user"."is_active", "auth_user"."date_joined" FROM "auth_user" WHERE "auth_user"."id" = 51 LIMIT 21; args=(51,); alias=default
(0.000) BEGIN; args=None; alias=default
(0.011) UPDATE "django_session" SET "session_data" = '.eJxVjjEPgjAUhP9LV7V57YPSdnR3c29e6augBBKKLsb_LiQsTJfcfXe5ryhcSj-N4cPzpsKrswj0XrrwLjyHPgkvaiUOZqT2xeOWpCeNj0m207jMfZQbIve0yNuUeLju7GGgo9Kt7dZlm1OMlUPMKVG0bGLTQEZXR0ajMgArlY1tLTWuTkZr3WSgaAxSwnV0oLKEwrweFxq0uQBeUN1V5SvrUctaATpzAvAA4vcHQrxLBg:1w7aOO:z6R-BCXu46R9rnezp8P6KnBblkR0YS-oKoc_AU11aUM', "expire_date" = '2026-03-31T14:58:32.511741+00:00'::timestamptz WHERE "django_session"."session_key" = '147qlgn9my4ww2uk493c1tv0exm1ugez'; args=('.eJxVjjEPgjAUhP9LV7V57YPSdnR3c29e6augBBKKLsb_LiQsTJfcfXe5ryhcSj-N4cPzpsKrswj0XrrwLjyHPgkvaiUOZqT2xeOWpCeNj0m207jMfZQbIve0yNuUeLju7GGgo9Kt7dZlm1OMlUPMKVG0bGLTQEZXR0ajMgArlY1tLTWuTkZr3WSgaAxSwnV0oLKEwrweFxq0uQBeUN1V5SvrUctaATpzAvAA4vcHQrxLBg:1w7aOO:z6R-BCXu46R9rnezp8P6KnBblkR0YS-oKoc_AU11aUM', datetime.datetime(2026, 3, 31, 14, 58, 32, 511741, tzinfo=datetime.timezone.utc), '147qlgn9my4ww2uk493c1tv0exm1ugez'); alias=default
(0.017) COMMIT; args=None; alias=default
"GET /api/session/ HTTP/1.1" 200 144
(0.003) SELECT "django_session"."session_key", "django_session"."session_data", "django_session"."expire_date" FROM "django_session" WHERE ("django_session"."expire_date" > '2026-03-31T14:48:33.911528+00:00'::timestamptz AND "django_session"."session_key" = '147qlgn9my4ww2uk493c1tv0exm1ugez') LIMIT 21; args=(datetime.datetime(2026, 3, 31, 14, 48, 33, 911528, tzinfo=datetime.timezone.utc), '147qlgn9my4ww2uk493c1tv0exm1ugez'); alias=default
(0.001) SELECT "auth_user"."id", "auth_user"."password", "auth_user"."last_login", "auth_user"."is_superuser", "auth_user"."username", "auth_user"."first_name", "auth_user"."last_name", "auth_user"."email", "auth_user"."is_staff", "auth_user"."is_active", "auth_user"."date_joined" FROM "auth_user" WHERE "auth_user"."id" = 51 LIMIT 21; args=(51,); alias=default
(0.000) BEGIN; args=None; alias=default
(0.001) UPDATE "django_session" SET "session_data" = '.eJxVjr1uhDAQhN_Fbe6stRf_lunTpbfWeB3IIZAwl-Z07x6QaKhGmvlmNC_RuLVxmdMfr4eKqG4i0XMb0rPxmsYiojBKXMxM_YPnIym_NP8ssl_mbR2zPBB5pk1-LYWnz5O9DAzUhr3dh-prybkLiLUUyp5tdg4qBpMZraoArFS1vvfkgilWa-0qULYWqeA-OlHbUmPejwsN2t4B76i-VRc7HxFlcEZ58wEQAcT7H0NlSxI:1w7aOP:aV2d20-mKtqKUzAucTeyjm2eUW7AEl2drtdbjxcZPvU', "expire_date" = '2026-03-31T14:58:33.976317+00:00'::timestamptz WHERE "django_session"."session_key" = '147qlgn9my4ww2uk493c1tv0exm1ugez'; args=('.eJxVjr1uhDAQhN_Fbe6stRf_lunTpbfWeB3IIZAwl-Z07x6QaKhGmvlmNC_RuLVxmdMfr4eKqG4i0XMb0rPxmsYiojBKXMxM_YPnIym_NP8ssl_mbR2zPBB5pk1-LYWnz5O9DAzUhr3dh-prybkLiLUUyp5tdg4qBpMZraoArFS1vvfkgilWa-0qULYWqeA-OlHbUmPejwsN2t4B76i-VRc7HxFlcEZ58wEQAcT7H0NlSxI:1w7aOP:aV2d20-mKtqKUzAucTeyjm2eUW7AEl2drtdbjxcZPvU', datetime.datetime(2026, 3, 31, 14, 58, 33, 976317, tzinfo=datetime.timezone.utc), '147qlgn9my4ww2uk493c1tv0exm1ugez'); alias=default
(0.005) COMMIT; args=None; alias=default
"GET /api/session/ HTTP/1.1" 200 144
(0.002) SELECT "django_session"."session_key", "django_session"."session_data", "django_session"."expire_date" FROM "django_session" WHERE ("django_session"."expire_date" > '2026-03-31T14:48:34.305544+00:00'::timestamptz AND "django_session"."session_key" = '147qlgn9my4ww2uk493c1tv0exm1ugez') LIMIT 21; args=(datetime.datetime(2026, 3, 31, 14, 48, 34, 305544, tzinfo=datetime.timezone.utc), '147qlgn9my4ww2uk493c1tv0exm1ugez'); alias=default
(0.001) SELECT "auth_user"."id", "auth_user"."password", "auth_user"."last_login", "auth_user"."is_superuser", "auth_user"."username", "auth_user"."first_name", "auth_user"."last_name", "auth_user"."email", "auth_user"."is_staff", "auth_user"."is_active", "auth_user"."date_joined" FROM "auth_user" WHERE "auth_user"."id" = 51 LIMIT 21; args=(51,); alias=default
(0.012) SELECT "news_warning"."id", "news_warning"."title", "news_warning"."slug", "news_warning"."warning_type", "news_warning"."message", "news_warning"."start_at", "news_warning"."end_at", "news_warning"."is_active", "news_warning"."priority", "news_warning"."created_at", "news_warning"."updated_at" FROM "news_warning" WHERE ("news_warning"."is_active" AND "news_warning"."start_at" <= '2026-03-31T14:48:34.461993+00:00'::timestamptz AND ("news_warning"."end_at" >= '2026-03-31T14:48:34.461993+00:00'::timestamptz OR "news_warning"."end_at" IS NULL)) ORDER BY "news_warning"."priority" DESC, "news_warning"."start_at" DESC; args=(datetime.datetime(2026, 3, 31, 14, 48, 34, 461993, tzinfo=datetime.timezone.utc), datetime.datetime(2026, 3, 31, 14, 48, 34, 461993, tzinfo=datetime.timezone.utc)); alias=default
(0.000) BEGIN; args=None; alias=default
(0.001) UPDATE "django_session" SET "session_data" = '.eJxVjrGOgzAQRP_F7R3WrtcY4_L669Jba7wO5CKQMKSJ8u8HUppUI828Gc1TVal1Wub4kPVUFfBbRd63Me5V1jhlFVSL6sNMPPzJfCb5xvN10cMyb-uU9Inod1r175Ll_vNmPwZGruPRHvriS07J9kQlZ05eXOo6KNS3SchhARDE4vzguevb7IwxXQFOzhFnOkbvXLdYRY7jyoBxDVBDeEEbrA9ktXXYIn4BBAD1-gdCtEsC:1w7aOQ:s0YYLB3Kn_a_SSOIOyfF_Egivc8S-fUwGTwIUbrW4QE', "expire_date" = '2026-03-31T14:58:34.476596+00:00'::timestamptz WHERE "django_session"."session_key" = '147qlgn9my4ww2uk493c1tv0exm1ugez'; args=('.eJxVjrGOgzAQRP_F7R3WrtcY4_L669Jba7wO5CKQMKSJ8u8HUppUI828Gc1TVal1Wub4kPVUFfBbRd63Me5V1jhlFVSL6sNMPPzJfCb5xvN10cMyb-uU9Inod1r175Ll_vNmPwZGruPRHvriS07J9kQlZ05eXOo6KNS3SchhARDE4vzguevb7IwxXQFOzhFnOkbvXLdYRY7jyoBxDVBDeEEbrA9ktXXYIn4BBAD1-gdCtEsC:1w7aOQ:s0YYLB3Kn_a_SSOIOyfF_Egivc8S-fUwGTwIUbrW4QE', datetime.datetime(2026, 3, 31, 14, 58, 34, 476596, tzinfo=datetime.timezone.utc), '147qlgn9my4ww2uk493c1tv0exm1ugez'); alias=default
(0.095) COMMIT; args=None; alias=default
"GET /api/warnings/active/ HTTP/1.1" 200 2
(0.045) SELECT "django_session"."session_key", "django_session"."session_data", "django_session"."expire_date" FROM "django_session" WHERE ("django_session"."expire_date" > '2026-03-31T14:48:34.335503+00:00'::timestamptz AND "django_session"."session_key" = '147qlgn9my4ww2uk493c1tv0exm1ugez') LIMIT 21; args=(datetime.datetime(2026, 3, 31, 14, 48, 34, 335503, tzinfo=datetime.timezone.utc), '147qlgn9my4ww2uk493c1tv0exm1ugez'); alias=default
(0.029) SELECT "auth_user"."id", "auth_user"."password", "auth_user"."last_login", "auth_user"."is_superuser", "auth_user"."username", "auth_user"."first_name", "auth_user"."last_name", "auth_user"."email", "auth_user"."is_staff", "auth_user"."is_active", "auth_user"."date_joined" FROM "auth_user" WHERE "auth_user"."id" = 51 LIMIT 21; args=(51,); alias=default
(0.001) SELECT "news_event"."id", "news_event"."title", "news_event"."slug", "news_event"."description", "news_event"."location", "news_event"."start_date", "news_event"."end_date", "news_event"."is_active", "news_event"."created_at" FROM "news_event" WHERE ("news_event"."is_active" AND "news_event"."start_date" >= '2026-03-31T14:48:34.666345+00:00'::timestamptz) ORDER BY "news_event"."start_date" ASC LIMIT 5; args=(datetime.datetime(2026, 3, 31, 14, 48, 34, 666345, tzinfo=datetime.timezone.utc),); alias=default
(0.003) SELECT "django_session"."session_key", "django_session"."session_data", "django_session"."expire_date" FROM "django_session" WHERE ("django_session"."expire_date" > '2026-03-31T14:48:34.481494+00:00'::timestamptz AND "django_session"."session_key" = '147qlgn9my4ww2uk493c1tv0exm1ugez') LIMIT 21; args=(datetime.datetime(2026, 3, 31, 14, 48, 34, 481494, tzinfo=datetime.timezone.utc), '147qlgn9my4ww2uk493c1tv0exm1ugez'); alias=default
(0.003) SELECT "auth_user"."id", "auth_user"."password", "auth_user"."last_login", "auth_user"."is_superuser", "auth_user"."username", "auth_user"."first_name", "auth_user"."last_name", "auth_user"."email", "auth_user"."is_staff", "auth_user"."is_active", "auth_user"."date_joined" FROM "auth_user" WHERE "auth_user"."id" = 51 LIMIT 21; args=(51,); alias=default
(0.033) SELECT "django_session"."session_key", "django_session"."session_data", "django_session"."expire_date" FROM "django_session" WHERE ("django_session"."expire_date" > '2026-03-31T14:48:34.492070+00:00'::timestamptz AND "django_session"."session_key" = '147qlgn9my4ww2uk493c1tv0exm1ugez') LIMIT 21; args=(datetime.datetime(2026, 3, 31, 14, 48, 34, 492070, tzinfo=datetime.timezone.utc), '147qlgn9my4ww2uk493c1tv0exm1ugez'); alias=default
(0.017) SELECT "news_announcement"."id", "news_announcement"."title", "news_announcement"."message", "news_announcement"."slug", "news_announcement"."start_at", "news_announcement"."end_at", "news_announcement"."is_active", "news_announcement"."priority", "news_announcement"."created_at", "news_announcement"."updated_at" FROM "news_announcement" WHERE ("news_announcement"."is_active" AND "news_announcement"."start_at" <= '2026-03-31T14:48:34.719168+00:00'::timestamptz AND ("news_announcement"."end_at" >= '2026-03-31T14:48:34.719168+00:00'::timestamptz OR "news_announcement"."end_at" IS NULL)) ORDER BY "news_announcement"."priority" DESC, "news_announcement"."start_at" DESC; args=(datetime.datetime(2026, 3, 31, 14, 48, 34, 719168, tzinfo=datetime.timezone.utc), datetime.datetime(2026, 3, 31, 14, 48, 34, 719168, tzinfo=datetime.timezone.utc)); alias=default
(0.028) BEGIN; args=None; alias=default
(0.012) SELECT "auth_user"."id", "auth_user"."password", "auth_user"."last_login", "auth_user"."is_superuser", "auth_user"."username", "auth_user"."first_name", "auth_user"."last_name", "auth_user"."email", "auth_user"."is_staff", "auth_user"."is_active", "auth_user"."date_joined" FROM "auth_user" WHERE "auth_user"."id" = 51 LIMIT 21; args=(51,); alias=default
(0.012) UPDATE "django_session" SET "session_data" = '.eJxVjrEOwjAQQ_8lKxBdcu01zcjOxh5dmgstVK3UFBbEv9NKLEyW7GfLb1WklGGewkuWXZU3RxX4ufbhWWQJQ1Je1Ub9mZG7h0x7ku483WbdzdO6DFHviP6lRV_mJOP5x_4N9Fz6rd212eUUY9Ui5pQ4OqHYNJCxraMgmQwgxmRyneOmrRNZa5sMHImQE26jI5c1FJHtuLJg6QR4QnM1la-cx0oT1c7SAcADqM8XQ1hLEQ:1w7aOQ:VlRlk80w1YePoFDg39w2j3LFkC0NNh5gVSbxGwZ6kZw', "expire_date" = '2026-03-31T14:58:34.734949+00:00'::timestamptz WHERE "django_session"."session_key" = '147qlgn9my4ww2uk493c1tv0exm1ugez'; args=('.eJxVjrEOwjAQQ_8lKxBdcu01zcjOxh5dmgstVK3UFBbEv9NKLEyW7GfLb1WklGGewkuWXZU3RxX4ufbhWWQJQ1Je1Ub9mZG7h0x7ku483WbdzdO6DFHviP6lRV_mJOP5x_4N9Fz6rd212eUUY9Ui5pQ4OqHYNJCxraMgmQwgxmRyneOmrRNZa5sMHImQE26jI5c1FJHtuLJg6QR4QnM1la-cx0oT1c7SAcADqM8XQ1hLEQ:1w7aOQ:VlRlk80w1YePoFDg39w2j3LFkC0NNh5gVSbxGwZ6kZw', datetime.datetime(2026, 3, 31, 14, 58, 34, 734949, tzinfo=datetime.timezone.utc), '147qlgn9my4ww2uk493c1tv0exm1ugez'); alias=default
(0.000) BEGIN; args=None; alias=default
(0.002) SELECT "news_news"."id", "news_news"."title", "news_news"."slug", "news_news"."content", "news_news"."published_at", "news_news"."is_published", "news_news"."author", "news_news"."image", "news_news"."created_at", "news_news"."updated_at" FROM "news_news" WHERE "news_news"."is_published" ORDER BY "news_news"."published_at" DESC; args=(); alias=default
(0.000) BEGIN; args=None; alias=default
(0.015) COMMIT; args=None; alias=default
(0.015) UPDATE "django_session" SET "session_data" = '.eJxVjjEPgjAUhP9LV6V57YO2dHR3c29e6augBBIKLsb_LiQuTpfcfXe5tyhcyjBP4cXLocKrswi0rX3YCi9hSMKLRok_M1L35OlI0oOm-yy7eVqXIcoDkb-0yOuceLz82L-Bnkq_t7s2u5xirFvEnBJFxyZaCxnbJjIalQFYqWxc58i2TTJaa5uBojFICffRkcoaCvN-XGjQpgKsUN1U7WvnsZZWOYvNCcADiM8XQz9LDw:1w7aOQ:eK2eRgm-Vk1raR-WpYDkqvLw6vbp18dxHWJemzgZa9Y', "expire_date" = '2026-03-31T14:58:34.777392+00:00'::timestamptz WHERE "django_session"."session_key" = '147qlgn9my4ww2uk493c1tv0exm1ugez'; args=('.eJxVjjEPgjAUhP9LV6V57YO2dHR3c29e6augBBIKLsb_LiQuTpfcfXe5tyhcyjBP4cXLocKrswi0rX3YCi9hSMKLRok_M1L35OlI0oOm-yy7eVqXIcoDkb-0yOuceLz82L-Bnkq_t7s2u5xirFvEnBJFxyZaCxnbJjIalQFYqWxc58i2TTJaa5uBojFICffRkcoaCvN-XGjQpgKsUN1U7WvnsZZWOYvNCcADiM8XQz9LDw:1w7aOQ:eK2eRgm-Vk1raR-WpYDkqvLw6vbp18dxHWJemzgZa9Y', datetime.datetime(2026, 3, 31, 14, 58, 34, 777392, tzinfo=datetime.timezone.utc), '147qlgn9my4ww2uk493c1tv0exm1ugez'); alias=default
"GET /api/events/upcoming/ HTTP/1.1" 200 2
(0.038) COMMIT; args=None; alias=default
"GET /api/announcements/active/ HTTP/1.1" 200 2
(0.053) UPDATE "django_session" SET "session_data" = '.eJxVjr0OwjAQg98lKxBdcm3-RnY29ujSXGihaqWmsCDenVZiYbJkf7b8FpVrHeYpvnjZVQR1FJGeax-flZc4ZBFEq8Sfmah78LQn-U7TbZbdPK3LkOSOyF9a5WXOPJ5_7N9AT7Xf2p0vruSUGo9Ycqbk2CRroaBvE6NRBYCVKsZ1jqxvs9Fa2wKUjEHKuI2OVNdYmbfjQoM2J8ATqqtqQuMCNtJaj4AHgAAgPl9DPUsN:1w7aOQ:4CrU9nrqolWcfwdoLWyiOuFkC093a0GRyzjfOSjZceU', "expire_date" = '2026-03-31T14:58:34.787240+00:00'::timestamptz WHERE "django_session"."session_key" = '147qlgn9my4ww2uk493c1tv0exm1ugez'; args=('.eJxVjr0OwjAQg98lKxBdcm3-RnY29ujSXGihaqWmsCDenVZiYbJkf7b8FpVrHeYpvnjZVQR1FJGeax-flZc4ZBFEq8Sfmah78LQn-U7TbZbdPK3LkOSOyF9a5WXOPJ5_7N9AT7Xf2p0vruSUGo9Ycqbk2CRroaBvE6NRBYCVKsZ1jqxvs9Fa2wKUjEHKuI2OVNdYmbfjQoM2J8ATqqtqQuMCNtJaj4AHgAAgPl9DPUsN:1w7aOQ:4CrU9nrqolWcfwdoLWyiOuFkC093a0GRyzjfOSjZceU', datetime.datetime(2026, 3, 31, 14, 58, 34, 787240, tzinfo=datetime.timezone.utc), '147qlgn9my4ww2uk493c1tv0exm1ugez'); alias=default
(0.211) COMMIT; args=None; alias=default
"GET /api/news/ HTTP/1.1" 200 2
(0.005) SELECT "django_session"."session_key", "django_session"."session_data", "django_session"."expire_date" FROM "django_session" WHERE ("django_session"."expire_date" > '2026-03-31T14:49:04.201004+00:00'::timestamptz AND "django_session"."session_key" = '147qlgn9my4ww2uk493c1tv0exm1ugez') LIMIT 21; args=(datetime.datetime(2026, 3, 31, 14, 49, 4, 201004, tzinfo=datetime.timezone.utc), '147qlgn9my4ww2uk493c1tv0exm1ugez'); alias=default
(0.004) SELECT "auth_user"."id", "auth_user"."password", "auth_user"."last_login", "auth_user"."is_superuser", "auth_user"."username", "auth_user"."first_name", "auth_user"."last_name", "auth_user"."email", "auth_user"."is_staff", "auth_user"."is_active", "auth_user"."date_joined" FROM "auth_user" WHERE "auth_user"."id" = 51 LIMIT 21; args=(51,); alias=default
(0.000) BEGIN; args=None; alias=default
(0.004) UPDATE "django_session" SET "session_data" = '.eJxVjr0OwjAQg98lKxBdcm3-RnY29ujSXGihaqWmsCDenVZiYbJkf7b8FpVrHeYpvnjZVQR1FJGeax-flZc4ZBFEq8Sfmah78LQn-U7TbZbdPK3LkOSOyF9a5WXOPJ5_7N9AT7Xf2p0vruSUGo9Ycqbk2CRroaBvE6NRBYCVKsZ1jqxvs9Fa2wKUjEHKuI2OVNdYmbfjQoM2J8ATqqtqQuMDNFJbq9EdAAKA-HwBQv9LCw:1w7aOu:tcekB3nXY75fMCweM2o3ilRIq4Fnf65UVWlYSOtBd-Y', "expire_date" = '2026-03-31T14:59:04.278498+00:00'::timestamptz WHERE "django_session"."session_key" = '147qlgn9my4ww2uk493c1tv0exm1ugez'; args=('.eJxVjr0OwjAQg98lKxBdcm3-RnY29ujSXGihaqWmsCDenVZiYbJkf7b8FpVrHeYpvnjZVQR1FJGeax-flZc4ZBFEq8Sfmah78LQn-U7TbZbdPK3LkOSOyF9a5WXOPJ5_7N9AT7Xf2p0vruSUGo9Ycqbk2CRroaBvE6NRBYCVKsZ1jqxvs9Fa2wKUjEHKuI2OVNdYmbfjQoM2J8ATqqtqQuMDNFJbq9EdAAKA-HwBQv9LCw:1w7aOu:tcekB3nXY75fMCweM2o3ilRIq4Fnf65UVWlYSOtBd-Y', datetime.datetime(2026, 3, 31, 14, 59, 4, 278498, tzinfo=datetime.timezone.utc), '147qlgn9my4ww2uk493c1tv0exm1ugez'); alias=default
(0.003) COMMIT; args=None; alias=default
"GET /api/session/ HTTP/1.1" 200 144
(0.003) SELECT "django_session"."session_key", "django_session"."session_data", "django_session"."expire_date" FROM "django_session" WHERE ("django_session"."expire_date" > '2026-03-31T14:51:04.783428+00:00'::timestamptz AND "django_session"."session_key" = '147qlgn9my4ww2uk493c1tv0exm1ugez') LIMIT 21; args=(datetime.datetime(2026, 3, 31, 14, 51, 4, 783428, tzinfo=datetime.timezone.utc), '147qlgn9my4ww2uk493c1tv0exm1ugez'); alias=default
(0.004) SELECT "auth_user"."id", "auth_user"."password", "auth_user"."last_login", "auth_user"."is_superuser", "auth_user"."username", "auth_user"."first_name", "auth_user"."last_name", "auth_user"."email", "auth_user"."is_staff", "auth_user"."is_active", "auth_user"."date_joined" FROM "auth_user" WHERE "auth_user"."id" = 51 LIMIT 21; args=(51,); alias=default
(0.000) BEGIN; args=None; alias=default
(0.002) UPDATE "django_session" SET "session_data" = '.eJxVjr0OwjAQg98lKxBdcm3-RnY29ujSXGihaqWmsCDenVZiYbJkf7b8FpVrHeYpvnjZVQR1FJGeax-flZc4ZBFEq8Sfmah78LQn-U7TbZbdPK3LkOSOyF9a5WXOPJ5_7N9AT7Xf2p0vruSUGo9Ycqbk2CRroaBvE6NRBYCVKsZ1jqxvs9Fa2wKUjEHKuI2OVNdYmbfjQoM2J8ATqqtqQqsCNNI1aMEfAAKA-HwBQppLBg:1w7aQq:YTzVKU65GxfHNVFp-CXAZrLpOtyGpqVrK6X8n4CiByM', "expire_date" = '2026-03-31T15:01:04.844673+00:00'::timestamptz WHERE "django_session"."session_key" = '147qlgn9my4ww2uk493c1tv0exm1ugez'; args=('.eJxVjr0OwjAQg98lKxBdcm3-RnY29ujSXGihaqWmsCDenVZiYbJkf7b8FpVrHeYpvnjZVQR1FJGeax-flZc4ZBFEq8Sfmah78LQn-U7TbZbdPK3LkOSOyF9a5WXOPJ5_7N9AT7Xf2p0vruSUGo9Ycqbk2CRroaBvE6NRBYCVKsZ1jqxvs9Fa2wKUjEHKuI2OVNdYmbfjQoM2J8ATqqtqQqsCNNI1aMEfAAKA-HwBQppLBg:1w7aQq:YTzVKU65GxfHNVFp-CXAZrLpOtyGpqVrK6X8n4CiByM', datetime.datetime(2026, 3, 31, 15, 1, 4, 844673, tzinfo=datetime.timezone.utc), '147qlgn9my4ww2uk493c1tv0exm1ugez'); alias=default
(0.026) COMMIT; args=None; alias=default
"GET /api/session/ HTTP/1.1" 200 144
(0.002) SELECT "django_session"."session_key", "django_session"."session_data", "django_session"."expire_date" FROM "django_session" WHERE ("django_session"."expire_date" > '2026-03-31T14:51:13.406747+00:00'::timestamptz AND "django_session"."session_key" = '147qlgn9my4ww2uk493c1tv0exm1ugez') LIMIT 21; args=(datetime.datetime(2026, 3, 31, 14, 51, 13, 406747, tzinfo=datetime.timezone.utc), '147qlgn9my4ww2uk493c1tv0exm1ugez'); alias=default
(0.001) SELECT "auth_user"."id", "auth_user"."password", "auth_user"."last_login", "auth_user"."is_superuser", "auth_user"."username", "auth_user"."first_name", "auth_user"."last_name", "auth_user"."email", "auth_user"."is_staff", "auth_user"."is_active", "auth_user"."date_joined" FROM "auth_user" WHERE "auth_user"."id" = 51 LIMIT 21; args=(51,); alias=default
(0.000) BEGIN; args=None; alias=default
(0.001) UPDATE "django_session" SET "session_data" = '.eJxVjrGOgzAQRP_FbS7WrhfW4DJ9uuutNV4f3EUgYXJNlH8PSGlSjTTzZjQPU7XWaZnjv66HmoBfJsp9G-O96hqnbIJp0XyYSYY_nY8k_8r8s9hhmbd1SvZA7Dut9rpkvV3e7MfAKHXc20NfupJTanqikrOkTjl5D4X6NikxFgBFLNwNnfi-zeyc8wUkMZNk2kdvUrdYVffjxoHjM9CZ8Bub0GJAsg077_gEEADM8wVCaksC:1w7aQz:MbHoScUR8YkPe0YWneGquOfcoDEZPbZrN5SZ67vfWcg', "expire_date" = '2026-03-31T15:01:13.463574+00:00'::timestamptz WHERE "django_session"."session_key" = '147qlgn9my4ww2uk493c1tv0exm1ugez'; args=('.eJxVjrGOgzAQRP_FbS7WrhfW4DJ9uuutNV4f3EUgYXJNlH8PSGlSjTTzZjQPU7XWaZnjv66HmoBfJsp9G-O96hqnbIJp0XyYSYY_nY8k_8r8s9hhmbd1SvZA7Dut9rpkvV3e7MfAKHXc20NfupJTanqikrOkTjl5D4X6NikxFgBFLNwNnfi-zeyc8wUkMZNk2kdvUrdYVffjxoHjM9CZ8Bub0GJAsg077_gEEADM8wVCaksC:1w7aQz:MbHoScUR8YkPe0YWneGquOfcoDEZPbZrN5SZ67vfWcg', datetime.datetime(2026, 3, 31, 15, 1, 13, 463574, tzinfo=datetime.timezone.utc), '147qlgn9my4ww2uk493c1tv0exm1ugez'); alias=default
(0.003) COMMIT; args=None; alias=default
"GET /api/session/ HTTP/1.1" 200 144
(0.016) SELECT "django_session"."session_key", "django_session"."session_data", "django_session"."expire_date" FROM "django_session" WHERE ("django_session"."expire_date" > '2026-03-31T14:54:01.944381+00:00'::timestamptz AND "django_session"."session_key" = '147qlgn9my4ww2uk493c1tv0exm1ugez') LIMIT 21; args=(datetime.datetime(2026, 3, 31, 14, 54, 1, 944381, tzinfo=datetime.timezone.utc), '147qlgn9my4ww2uk493c1tv0exm1ugez'); alias=default
(0.007) SELECT "auth_user"."id", "auth_user"."password", "auth_user"."last_login", "auth_user"."is_superuser", "auth_user"."username", "auth_user"."first_name", "auth_user"."last_name", "auth_user"."email", "auth_user"."is_staff", "auth_user"."is_active", "auth_user"."date_joined" FROM "auth_user" WHERE "auth_user"."id" = 51 LIMIT 21; args=(51,); alias=default
(0.000) BEGIN; args=None; alias=default
(0.001) UPDATE "django_session" SET "session_data" = '.eJxVjrEOgzAQQ_8la0t0yZEAGbt36x5dyKXQIpAIdKn67wWJhcmS_Wz5KzLn3E-j__C8q3DqKjytS-fXzLPvo3DCKHEyA7VvHvckvmh8TrKdxmXug9wReaRZ3qfIw-1gTwMd5W5rt02qUwyhbBBTjBRqtqGqIGFjAqNVCYCVSrZua6oaE63WukpAwVqkiNvoQHnxmXk7LjRoWwAWqB6qdKZ0oCWURlm8ADgA8fsDQh9K-w:1w7aTi:RXjMaTo5uBaeq_yVwY_FaFI_SM4Ny6gVWI43ASIbwvc', "expire_date" = '2026-03-31T15:04:02.046420+00:00'::timestamptz WHERE "django_session"."session_key" = '147qlgn9my4ww2uk493c1tv0exm1ugez'; args=('.eJxVjrEOgzAQQ_8la0t0yZEAGbt36x5dyKXQIpAIdKn67wWJhcmS_Wz5KzLn3E-j__C8q3DqKjytS-fXzLPvo3DCKHEyA7VvHvckvmh8TrKdxmXug9wReaRZ3qfIw-1gTwMd5W5rt02qUwyhbBBTjBRqtqGqIGFjAqNVCYCVSrZua6oaE63WukpAwVqkiNvoQHnxmXk7LjRoWwAWqB6qdKZ0oCWURlm8ADgA8fsDQh9K-w:1w7aTi:RXjMaTo5uBaeq_yVwY_FaFI_SM4Ny6gVWI43ASIbwvc', datetime.datetime(2026, 3, 31, 15, 4, 2, 46420, tzinfo=datetime.timezone.utc), '147qlgn9my4ww2uk493c1tv0exm1ugez'); alias=default
(0.032) COMMIT; args=None; alias=default
"GET /api/session/ HTTP/1.1" 200 144
(0.004) SELECT "django_session"."session_key", "django_session"."session_data", "django_session"."expire_date" FROM "django_session" WHERE ("django_session"."expire_date" > '2026-03-31T14:54:11.795456+00:00'::timestamptz AND "django_session"."session_key" = '147qlgn9my4ww2uk493c1tv0exm1ugez') LIMIT 21; args=(datetime.datetime(2026, 3, 31, 14, 54, 11, 795456, tzinfo=datetime.timezone.utc), '147qlgn9my4ww2uk493c1tv0exm1ugez'); alias=default
(0.006) SELECT "auth_user"."id", "auth_user"."password", "auth_user"."last_login", "auth_user"."is_superuser", "auth_user"."username", "auth_user"."first_name", "auth_user"."last_name", "auth_user"."email", "auth_user"."is_staff", "auth_user"."is_active", "auth_user"."date_joined" FROM "auth_user" WHERE "auth_user"."id" = 51 LIMIT 21; args=(51,); alias=default
(0.000) BEGIN; args=None; alias=default
(0.001) UPDATE "django_session" SET "session_data" = '.eJxVjr0OwjAQg98lKxDdJW3-RnY29ujSXGihaqWmsCDenVZiYbJkf7b8FpVrHeYpvnjZVQQ8ikjPtY_PykscsgiiRfFnJuoePO1JvtN0m2U3T-syJLkj8pdWeZkzj-cf-zfQU-23dueLKzmlxmtdcqbk2CRroWjfJtYGCwAjFuM6R9a32SilbAFKxmjKehsdqa6xMm_HhQJlTqBPGq_YhLYJiNJ59MoeAAKA-HwBQvVLDA:1w7aTr:Gc1JaNgmPgRWDmFNZXqfT0wfb_Ys_Uw0PNi1FM-edfY', "expire_date" = '2026-03-31T15:04:11.892853+00:00'::timestamptz WHERE "django_session"."session_key" = '147qlgn9my4ww2uk493c1tv0exm1ugez'; args=('.eJxVjr0OwjAQg98lKxDdJW3-RnY29ujSXGihaqWmsCDenVZiYbJkf7b8FpVrHeYpvnjZVQQ8ikjPtY_PykscsgiiRfFnJuoePO1JvtN0m2U3T-syJLkj8pdWeZkzj-cf-zfQU-23dueLKzmlxmtdcqbk2CRroWjfJtYGCwAjFuM6R9a32SilbAFKxmjKehsdqa6xMm_HhQJlTqBPGq_YhLYJiNJ59MoeAAKA-HwBQvVLDA:1w7aTr:Gc1JaNgmPgRWDmFNZXqfT0wfb_Ys_Uw0PNi1FM-edfY', datetime.datetime(2026, 3, 31, 15, 4, 11, 892853, tzinfo=datetime.timezone.utc), '147qlgn9my4ww2uk493c1tv0exm1ugez'); alias=default
(0.009) COMMIT; args=None; alias=default
"GET /api/session/ HTTP/1.1" 200 144
(0.002) SELECT "django_session"."session_key", "django_session"."session_data", "django_session"."expire_date" FROM "django_session" WHERE ("django_session"."expire_date" > '2026-03-31T14:54:11.926777+00:00'::timestamptz AND "django_session"."session_key" = '147qlgn9my4ww2uk493c1tv0exm1ugez') LIMIT 21; args=(datetime.datetime(2026, 3, 31, 14, 54, 11, 926777, tzinfo=datetime.timezone.utc), '147qlgn9my4ww2uk493c1tv0exm1ugez'); alias=default
(0.001) SELECT "auth_user"."id", "auth_user"."password", "auth_user"."last_login", "auth_user"."is_superuser", "auth_user"."username", "auth_user"."first_name", "auth_user"."last_name", "auth_user"."email", "auth_user"."is_staff", "auth_user"."is_active", "auth_user"."date_joined" FROM "auth_user" WHERE "auth_user"."id" = 51 LIMIT 21; args=(51,); alias=default
(0.000) BEGIN; args=None; alias=default
(0.002) UPDATE "django_session" SET "session_data" = '.eJxVjr1uhDAQhN_Fbe6sXRv_lunTpbfWeB3IIZAwl-Z07x6QaKhGmvlmNC_RuLVxmdMfr4eKiDeR6LkN6dl4TWMRURgUFzNT_-D5SMovzT-L7Jd5W8csD0SeaZNfS-Hp82QvAwO1YW_3ofpacu6C1rUUyp5tdg6qDiaztlgBGLFa33tywRSrlHIVKFurqeh9dKK2pca8HxcKlL2Dvmv8xi6aLiLKYLxx4QMgAoj3P0M7SxM:1w7aTr:CVnuoQLlKmhQbhyHZtTlFUtsNmlsboVuQk2XIWKwV20', "expire_date" = '2026-03-31T15:04:11.959424+00:00'::timestamptz WHERE "django_session"."session_key" = '147qlgn9my4ww2uk493c1tv0exm1ugez'; args=('.eJxVjr1uhDAQhN_Fbe6sXRv_lunTpbfWeB3IIZAwl-Z07x6QaKhGmvlmNC_RuLVxmdMfr4eKiDeR6LkN6dl4TWMRURgUFzNT_-D5SMovzT-L7Jd5W8csD0SeaZNfS-Hp82QvAwO1YW_3ofpacu6C1rUUyp5tdg6qDiaztlgBGLFa33tywRSrlHIVKFurqeh9dKK2pca8HxcKlL2Dvmv8xi6aLiLKYLxx4QMgAoj3P0M7SxM:1w7aTr:CVnuoQLlKmhQbhyHZtTlFUtsNmlsboVuQk2XIWKwV20', datetime.datetime(2026, 3, 31, 15, 4, 11, 959424, tzinfo=datetime.timezone.utc), '147qlgn9my4ww2uk493c1tv0exm1ugez'); alias=default
(0.004) COMMIT; args=None; alias=default
"GET /api/session/ HTTP/1.1" 200 144
(0.010) SELECT "django_session"."session_key", "django_session"."session_data", "django_session"."expire_date" FROM "django_session" WHERE ("django_session"."expire_date" > '2026-03-31T14:54:48.331158+00:00'::timestamptz AND "django_session"."session_key" = '147qlgn9my4ww2uk493c1tv0exm1ugez') LIMIT 21; args=(datetime.datetime(2026, 3, 31, 14, 54, 48, 331158, tzinfo=datetime.timezone.utc), '147qlgn9my4ww2uk493c1tv0exm1ugez'); alias=default
(0.002) SELECT "auth_user"."id", "auth_user"."password", "auth_user"."last_login", "auth_user"."is_superuser", "auth_user"."username", "auth_user"."first_name", "auth_user"."last_name", "auth_user"."email", "auth_user"."is_staff", "auth_user"."is_active", "auth_user"."date_joined" FROM "auth_user" WHERE "auth_user"."id" = 51 LIMIT 21; args=(51,); alias=default
(0.000) BEGIN; args=None; alias=default
(0.001) UPDATE "django_session" SET "session_data" = '.eJxVjr0OwjAQg98lKxBdfnpJM7KzsUeX5kILVSs1hQXx7rQSC5Ml-7Plt6hc6zBP8cXLriKoo4j0XPv4rLzEIYsgGiX-zETdg6c9yXeabrPs5mldhiR3RP7SKi9z5vH8Y_8Geqr91u7a4ktOybbGlJwpecbkHBTTNokNqgLAShX0nSfXNhm11q4AJURD2WyjI9U1VubtuNCg8QTmZNRV2dDYYL204BDhABAAxOcLQvtLCQ:1w7aUS:hiCx8O2_UlCRwZ4Di1BINN4Yr4ZZ3Z0sq3_4Sqkii0E', "expire_date" = '2026-03-31T15:04:48.408868+00:00'::timestamptz WHERE "django_session"."session_key" = '147qlgn9my4ww2uk493c1tv0exm1ugez'; args=('.eJxVjr0OwjAQg98lKxBdfnpJM7KzsUeX5kILVSs1hQXx7rQSC5Ml-7Plt6hc6zBP8cXLriKoo4j0XPv4rLzEIYsgGiX-zETdg6c9yXeabrPs5mldhiR3RP7SKi9z5vH8Y_8Geqr91u7a4ktOybbGlJwpecbkHBTTNokNqgLAShX0nSfXNhm11q4AJURD2WyjI9U1VubtuNCg8QTmZNRV2dDYYL204BDhABAAxOcLQvtLCQ:1w7aUS:hiCx8O2_UlCRwZ4Di1BINN4Yr4ZZ3Z0sq3_4Sqkii0E', datetime.datetime(2026, 3, 31, 15, 4, 48, 408868, tzinfo=datetime.timezone.utc), '147qlgn9my4ww2uk493c1tv0exm1ugez'); alias=default
(0.009) COMMIT; args=None; alias=default
"GET /api/session/ HTTP/1.1" 200 144
(0.013) SELECT "django_session"."session_key", "django_session"."session_data", "django_session"."expire_date" FROM "django_session" WHERE ("django_session"."expire_date" > '2026-03-31T14:54:54.679249+00:00'::timestamptz AND "django_session"."session_key" = '147qlgn9my4ww2uk493c1tv0exm1ugez') LIMIT 21; args=(datetime.datetime(2026, 3, 31, 14, 54, 54, 679249, tzinfo=datetime.timezone.utc), '147qlgn9my4ww2uk493c1tv0exm1ugez'); alias=default
(0.001) SELECT "auth_user"."id", "auth_user"."password", "auth_user"."last_login", "auth_user"."is_superuser", "auth_user"."username", "auth_user"."first_name", "auth_user"."last_name", "auth_user"."email", "auth_user"."is_staff", "auth_user"."is_active", "auth_user"."date_joined" FROM "auth_user" WHERE "auth_user"."id" = 51 LIMIT 21; args=(51,); alias=default
(0.000) BEGIN; args=None; alias=default
(0.001) UPDATE "django_session" SET "session_data" = '.eJxVTssKwjAQ_Jdc1bDJmjTJ0bs372HTbGy1tNC0XsR_twUvwsDAvJi3qFxrP43xxfPOIqijiLQuXVwrz7HPIgijxJ-YqH3yuDv5QeN9ku00LnOf5B6RP7fK65R5uPyyfwMd1W5rt764klM6e8SSMyXHNjUNFPQmMVpVAFipYl3rqPEmW611U4CStUgZt9GB6hIr83ZcaND2BHhCdVPnYHZIZ9F4fwAIAOLzBUOGSxc:1w7aUY:Z5qrr2aCCIlzvkvJJPJMT0Jmc1ruu29rbccjix6F6z4', "expire_date" = '2026-03-31T15:04:54.864099+00:00'::timestamptz WHERE "django_session"."session_key" = '147qlgn9my4ww2uk493c1tv0exm1ugez'; args=('.eJxVTssKwjAQ_Jdc1bDJmjTJ0bs372HTbGy1tNC0XsR_twUvwsDAvJi3qFxrP43xxfPOIqijiLQuXVwrz7HPIgijxJ-YqH3yuDv5QeN9ku00LnOf5B6RP7fK65R5uPyyfwMd1W5rt764klM6e8SSMyXHNjUNFPQmMVpVAFipYl3rqPEmW611U4CStUgZt9GB6hIr83ZcaND2BHhCdVPnYHZIZ9F4fwAIAOLzBUOGSxc:1w7aUY:Z5qrr2aCCIlzvkvJJPJMT0Jmc1ruu29rbccjix6F6z4', datetime.datetime(2026, 3, 31, 15, 4, 54, 864099, tzinfo=datetime.timezone.utc), '147qlgn9my4ww2uk493c1tv0exm1ugez'); alias=default
(0.026) COMMIT; args=None; alias=default
"GET /api/health/ HTTP/1.1" 200 16
(0.006) SELECT "django_session"."session_key", "django_session"."session_data", "django_session"."expire_date" FROM "django_session" WHERE ("django_session"."expire_date" > '2026-03-31T14:54:54.973097+00:00'::timestamptz AND "django_session"."session_key" = '147qlgn9my4ww2uk493c1tv0exm1ugez') LIMIT 21; args=(datetime.datetime(2026, 3, 31, 14, 54, 54, 973097, tzinfo=datetime.timezone.utc), '147qlgn9my4ww2uk493c1tv0exm1ugez'); alias=default
(0.005) SELECT "auth_user"."id", "auth_user"."password", "auth_user"."last_login", "auth_user"."is_superuser", "auth_user"."username", "auth_user"."first_name", "auth_user"."last_name", "auth_user"."email", "auth_user"."is_staff", "auth_user"."is_active", "auth_user"."date_joined" FROM "auth_user" WHERE "auth_user"."id" = 51 LIMIT 21; args=(51,); alias=default
(0.000) BEGIN; args=None; alias=default
(0.004) UPDATE "django_session" SET "session_data" = '.eJxVTssKgzAQ_JdcW8MmMS-PvffWe9iYTbUVBaO9lP57FbwIAwPzYr6sUCn9NIYPzTuzRlxZwHXpwlpoDn1iDdOCncSI7ZvG3UkvHJ8Tb6dxmfvI9wg_3MLvU6LhdmRPAx2Wbmu3PrucYqy9UjkljI5MtBay8jqSMiIDkBDZuNah9ToZKaXNgNEYhUltowOWJRSi7TiTIE0FqlLiIepGb9ActPUOLgANAPv9AUMaSw0:1w7aUZ:9N066GP6lT12aa_-8WpXgcn-aklkCPVYO7YZESS42sU', "expire_date" = '2026-03-31T15:04:55.060142+00:00'::timestamptz WHERE "django_session"."session_key" = '147qlgn9my4ww2uk493c1tv0exm1ugez'; args=('.eJxVTssKgzAQ_JdcW8MmMS-PvffWe9iYTbUVBaO9lP57FbwIAwPzYr6sUCn9NIYPzTuzRlxZwHXpwlpoDn1iDdOCncSI7ZvG3UkvHJ8Tb6dxmfvI9wg_3MLvU6LhdmRPAx2Wbmu3PrucYqy9UjkljI5MtBay8jqSMiIDkBDZuNah9ToZKaXNgNEYhUltowOWJRSi7TiTIE0FqlLiIepGb9ActPUOLgANAPv9AUMaSw0:1w7aUZ:9N066GP6lT12aa_-8WpXgcn-aklkCPVYO7YZESS42sU', datetime.datetime(2026, 3, 31, 15, 4, 55, 60142, tzinfo=datetime.timezone.utc), '147qlgn9my4ww2uk493c1tv0exm1ugez'); alias=default
(0.004) COMMIT; args=None; alias=default
"GET /api/csrf/ HTTP/1.1" 200 120
(0.002) SELECT "django_session"."session_key", "django_session"."session_data", "django_session"."expire_date" FROM "django_session" WHERE ("django_session"."expire_date" > '2026-03-31T14:54:55.083485+00:00'::timestamptz AND "django_session"."session_key" = '147qlgn9my4ww2uk493c1tv0exm1ugez') LIMIT 21; args=(datetime.datetime(2026, 3, 31, 14, 54, 55, 83485, tzinfo=datetime.timezone.utc), '147qlgn9my4ww2uk493c1tv0exm1ugez'); alias=default
(0.001) SELECT "auth_user"."id", "auth_user"."password", "auth_user"."last_login", "auth_user"."is_superuser", "auth_user"."username", "auth_user"."first_name", "auth_user"."last_name", "auth_user"."email", "auth_user"."is_staff", "auth_user"."is_active", "auth_user"."date_joined" FROM "auth_user" WHERE "auth_user"."id" = 51 LIMIT 21; args=(51,); alias=default
(0.000) BEGIN; args=None; alias=default
(0.002) UPDATE "django_session" SET "session_data" = '.eJxVTssKwjAQ_JdctWE32yRtj969eQ-bZmOr0kJTvYj_bgtehIGBeTFvVaSUcZ7CS5adVYdHFfi5DuFZZAljUp2yqP7EyP1dpt1JN56us-7naV3GqPeI_rlFn-ckj9Mv-zcwcBm2dt_mJqcY65Yop8SxERe9h0ytjUIOM4AgZtf0DfvWJmeM8Rk4OkecaBt9cFlDEdmOKwPGVUAV4QXrzm6wGomMxwNAB6A-X0KQSwE:1w7aUZ:6goAtKrTuGcErOKqHuB73kQP2YhUnegLBOxIl90-ZDg', "expire_date" = '2026-03-31T15:04:55.133811+00:00'::timestamptz WHERE "django_session"."session_key" = '147qlgn9my4ww2uk493c1tv0exm1ugez'; args=('.eJxVTssKwjAQ_JdctWE32yRtj969eQ-bZmOr0kJTvYj_bgtehIGBeTFvVaSUcZ7CS5adVYdHFfi5DuFZZAljUp2yqP7EyP1dpt1JN56us-7naV3GqPeI_rlFn-ckj9Mv-zcwcBm2dt_mJqcY65Yop8SxERe9h0ytjUIOM4AgZtf0DfvWJmeM8Rk4OkecaBt9cFlDEdmOKwPGVUAV4QXrzm6wGomMxwNAB6A-X0KQSwE:1w7aUZ:6goAtKrTuGcErOKqHuB73kQP2YhUnegLBOxIl90-ZDg', datetime.datetime(2026, 3, 31, 15, 4, 55, 133811, tzinfo=datetime.timezone.utc), '147qlgn9my4ww2uk493c1tv0exm1ugez'); alias=default
(0.004) COMMIT; args=None; alias=default
"GET /api/session/ HTTP/1.1" 200 144
(0.006) SELECT "django_session"."session_key", "django_session"."session_data", "django_session"."expire_date" FROM "django_session" WHERE ("django_session"."expire_date" > '2026-03-31T14:55:07.665245+00:00'::timestamptz AND "django_session"."session_key" = '147qlgn9my4ww2uk493c1tv0exm1ugez') LIMIT 21; args=(datetime.datetime(2026, 3, 31, 14, 55, 7, 665245, tzinfo=datetime.timezone.utc), '147qlgn9my4ww2uk493c1tv0exm1ugez'); alias=default
(0.001) SELECT "auth_user"."id", "auth_user"."password", "auth_user"."last_login", "auth_user"."is_superuser", "auth_user"."username", "auth_user"."first_name", "auth_user"."last_name", "auth_user"."email", "auth_user"."is_staff", "auth_user"."is_active", "auth_user"."date_joined" FROM "auth_user" WHERE "auth_user"."id" = 51 LIMIT 21; args=(51,); alias=default
(0.000) BEGIN; args=None; alias=default
(0.001) UPDATE "django_session" SET "session_data" = '.eJxVjr0OwjAQg98lKzS6_DcZ2dnYo0tzoYWqlZqWBfHutBILkyX7s-U3q1TrME_xRcuhLIgzi7itfdwqLXHILDAj2J-ZsHvSdCT5gdN95t08rcuQ-IHwX1r5dc40Xn7s30CPtd_bnS9tySlpr1TJGVNLNjkHRXmTSFlRAEiIYtuuRedNtlJKVwCTtQqz2kdHrGusRPtxJkHaBlSjxE3oYEwAx53W2vgTQABgny9DJUsP:1w7aUl:Az5uCtd0XRG7U-2R54IWy6zDkLHy2WdVPuyArTW93wo', "expire_date" = '2026-03-31T15:05:07.745409+00:00'::timestamptz WHERE "django_session"."session_key" = '147qlgn9my4ww2uk493c1tv0exm1ugez'; args=('.eJxVjr0OwjAQg98lKzS6_DcZ2dnYo0tzoYWqlZqWBfHutBILkyX7s-U3q1TrME_xRcuhLIgzi7itfdwqLXHILDAj2J-ZsHvSdCT5gdN95t08rcuQ-IHwX1r5dc40Xn7s30CPtd_bnS9tySlpr1TJGVNLNjkHRXmTSFlRAEiIYtuuRedNtlJKVwCTtQqz2kdHrGusRPtxJkHaBlSjxE3oYEwAx53W2vgTQABgny9DJUsP:1w7aUl:Az5uCtd0XRG7U-2R54IWy6zDkLHy2WdVPuyArTW93wo', datetime.datetime(2026, 3, 31, 15, 5, 7, 745409, tzinfo=datetime.timezone.utc), '147qlgn9my4ww2uk493c1tv0exm1ugez'); alias=default
(0.004) COMMIT; args=None; alias=default
"GET /api/session/ HTTP/1.1" 200 144
(0.003) SELECT "django_session"."session_key", "django_session"."session_data", "django_session"."expire_date" FROM "django_session" WHERE ("django_session"."expire_date" > '2026-03-31T14:55:28.521907+00:00'::timestamptz AND "django_session"."session_key" = '147qlgn9my4ww2uk493c1tv0exm1ugez') LIMIT 21; args=(datetime.datetime(2026, 3, 31, 14, 55, 28, 521907, tzinfo=datetime.timezone.utc), '147qlgn9my4ww2uk493c1tv0exm1ugez'); alias=default
(0.011) SELECT "auth_user"."id", "auth_user"."password", "auth_user"."last_login", "auth_user"."is_superuser", "auth_user"."username", "auth_user"."first_name", "auth_user"."last_name", "auth_user"."email", "auth_user"."is_staff", "auth_user"."is_active", "auth_user"."date_joined" FROM "auth_user" WHERE "auth_user"."id" = 51 LIMIT 21; args=(51,); alias=default
(0.000) BEGIN; args=None; alias=default
(0.001) UPDATE "django_session" SET "session_data" = '.eJxVjr0OwjAQg98lKzS6JM3vyM7GHl2aCy2gVmoKC-LdaaUunSzZny1_WaVah2mMH5o3ZUGcWcT30sd3pTkOmQWmBTuYCbsnjVuSHzjeJ95N4zIPiW8I39PKr1Om12VnDwM91n5td764klNqvVIlZ0yOTLIWivI6kTKiAJAQxbjOofU6GymlLYDJGIVZraMvrEusROtxJkGaBlSjxE20QesgHdfeGmdPAAGA_f5Dwksb:1w7aV6:k-a0JyoBZsAvEME_NN7-sVIXKdhnSq--ZQgHtEfPqL4', "expire_date" = '2026-03-31T15:05:28.598979+00:00'::timestamptz WHERE "django_session"."session_key" = '147qlgn9my4ww2uk493c1tv0exm1ugez'; args=('.eJxVjr0OwjAQg98lKzS6JM3vyM7GHl2aCy2gVmoKC-LdaaUunSzZny1_WaVah2mMH5o3ZUGcWcT30sd3pTkOmQWmBTuYCbsnjVuSHzjeJ95N4zIPiW8I39PKr1Om12VnDwM91n5td764klNqvVIlZ0yOTLIWivI6kTKiAJAQxbjOofU6GymlLYDJGIVZraMvrEusROtxJkGaBlSjxE20QesgHdfeGmdPAAGA_f5Dwksb:1w7aV6:k-a0JyoBZsAvEME_NN7-sVIXKdhnSq--ZQgHtEfPqL4', datetime.datetime(2026, 3, 31, 15, 5, 28, 598979, tzinfo=datetime.timezone.utc), '147qlgn9my4ww2uk493c1tv0exm1ugez'); alias=default
(0.029) COMMIT; args=None; alias=default
"GET /api/session/ HTTP/1.1" 200 144
(0.002) SELECT "django_session"."session_key", "django_session"."session_data", "django_session"."expire_date" FROM "django_session" WHERE ("django_session"."expire_date" > '2026-03-31T14:56:10.805339+00:00'::timestamptz AND "django_session"."session_key" = '147qlgn9my4ww2uk493c1tv0exm1ugez') LIMIT 21; args=(datetime.datetime(2026, 3, 31, 14, 56, 10, 805339, tzinfo=datetime.timezone.utc), '147qlgn9my4ww2uk493c1tv0exm1ugez'); alias=default
(0.001) SELECT "auth_user"."id", "auth_user"."password", "auth_user"."last_login", "auth_user"."is_superuser", "auth_user"."username", "auth_user"."first_name", "auth_user"."last_name", "auth_user"."email", "auth_user"."is_staff", "auth_user"."is_active", "auth_user"."date_joined" FROM "auth_user" WHERE "auth_user"."id" = 51 LIMIT 21; args=(51,); alias=default
(0.000) BEGIN; args=None; alias=default
(0.003) UPDATE "django_session" SET "session_data" = '.eJxVjjEPgjAUhP9LV7V5r4W2dHR3c29e6augBBKKLsb_LiQsTJfcfXe5ryhcSj-N4cPzpsLjWQR6L114F55Dn4QXNYqDGal98bgl6UnjY5LtNC5zH-WGyD0t8jYlHq47exjoqHRru22yyynGqtE6p0TRsYnWQtZNHVkbzACMmI1rHdmmTkYpZTNQNEZT0uvoQGUJhXk9LhQocwF90XjHytfGI0hnHVbuBOABxO8PQwpLDQ:1w7aVm:b1NDIjtmgEAivMo3ktOsrbO0g1eBl071oJDXGUk3ovE', "expire_date" = '2026-03-31T15:06:10.879087+00:00'::timestamptz WHERE "django_session"."session_key" = '147qlgn9my4ww2uk493c1tv0exm1ugez'; args=('.eJxVjjEPgjAUhP9LV7V5r4W2dHR3c29e6augBBKKLsb_LiQsTJfcfXe5ryhcSj-N4cPzpsLjWQR6L114F55Dn4QXNYqDGal98bgl6UnjY5LtNC5zH-WGyD0t8jYlHq47exjoqHRru22yyynGqtE6p0TRsYnWQtZNHVkbzACMmI1rHdmmTkYpZTNQNEZT0uvoQGUJhXk9LhQocwF90XjHytfGI0hnHVbuBOABxO8PQwpLDQ:1w7aVm:b1NDIjtmgEAivMo3ktOsrbO0g1eBl071oJDXGUk3ovE', datetime.datetime(2026, 3, 31, 15, 6, 10, 879087, tzinfo=datetime.timezone.utc), '147qlgn9my4ww2uk493c1tv0exm1ugez'); alias=default
(0.005) COMMIT; args=None; alias=default
"GET /api/session/ HTTP/1.1" 200 144
(0.002) SELECT "django_session"."session_key", "django_session"."session_data", "django_session"."expire_date" FROM "django_session" WHERE ("django_session"."expire_date" > '2026-03-31T14:56:10.940300+00:00'::timestamptz AND "django_session"."session_key" = '147qlgn9my4ww2uk493c1tv0exm1ugez') LIMIT 21; args=(datetime.datetime(2026, 3, 31, 14, 56, 10, 940300, tzinfo=datetime.timezone.utc), '147qlgn9my4ww2uk493c1tv0exm1ugez'); alias=default
(0.001) SELECT "auth_user"."id", "auth_user"."password", "auth_user"."last_login", "auth_user"."is_superuser", "auth_user"."username", "auth_user"."first_name", "auth_user"."last_name", "auth_user"."email", "auth_user"."is_staff", "auth_user"."is_active", "auth_user"."date_joined" FROM "auth_user" WHERE "auth_user"."id" = 51 LIMIT 21; args=(51,); alias=default
(0.000) BEGIN; args=None; alias=default
(0.001) UPDATE "django_session" SET "session_data" = '.eJxVjrEOwjAQQ_8lKxDd5WjSZGRnY48uzYUWUCs1hQXx77QSC5Ml-9nyW1WpdZjG-JJ5UxVwryI_lz4-q8xxyCqoBtWfmbi7y7gl-cbjddLdNC7zkPSG6F9a9XnK8jj92L-Bnmu_tjtf2pJTOnqikjOnVmxyDgr5JglZLACCWGzbtex8k60xxhXgZC1xpnX0wXWJVWQ9rgwYewA6EF7wGBobELR3QAg7gACgPl9CaEr9:1w7aVm:6epambobY3apNPKdvsH22LiE54Ko4n5JRR3fjB0oYpw', "expire_date" = '2026-03-31T15:06:10.970897+00:00'::timestamptz WHERE "django_session"."session_key" = '147qlgn9my4ww2uk493c1tv0exm1ugez'; args=('.eJxVjrEOwjAQQ_8lKxDd5WjSZGRnY48uzYUWUCs1hQXx77QSC5Ml-9nyW1WpdZjG-JJ5UxVwryI_lz4-q8xxyCqoBtWfmbi7y7gl-cbjddLdNC7zkPSG6F9a9XnK8jj92L-Bnmu_tjtf2pJTOnqikjOnVmxyDgr5JglZLACCWGzbtex8k60xxhXgZC1xpnX0wXWJVWQ9rgwYewA6EF7wGBobELR3QAg7gACgPl9CaEr9:1w7aVm:6epambobY3apNPKdvsH22LiE54Ko4n5JRR3fjB0oYpw', datetime.datetime(2026, 3, 31, 15, 6, 10, 970897, tzinfo=datetime.timezone.utc), '147qlgn9my4ww2uk493c1tv0exm1ugez'); alias=default
(0.003) COMMIT; args=None; alias=default
"GET /api/session/ HTTP/1.1" 200 144
(0.013) SELECT "django_session"."session_key", "django_session"."session_data", "django_session"."expire_date" FROM "django_session" WHERE ("django_session"."expire_date" > '2026-03-31T14:56:13.918844+00:00'::timestamptz AND "django_session"."session_key" = '147qlgn9my4ww2uk493c1tv0exm1ugez') LIMIT 21; args=(datetime.datetime(2026, 3, 31, 14, 56, 13, 918844, tzinfo=datetime.timezone.utc), '147qlgn9my4ww2uk493c1tv0exm1ugez'); alias=default
(0.001) SELECT "auth_user"."id", "auth_user"."password", "auth_user"."last_login", "auth_user"."is_superuser", "auth_user"."username", "auth_user"."first_name", "auth_user"."last_name", "auth_user"."email", "auth_user"."is_staff", "auth_user"."is_active", "auth_user"."date_joined" FROM "auth_user" WHERE "auth_user"."id" = 51 LIMIT 21; args=(51,); alias=default
(0.000) BEGIN; args=None; alias=default
(0.001) UPDATE "django_session" SET "session_data" = '.eJxVjr0OwjAQg98lKzS65Nr8jexs7NGludACaqWmsCDenVZiYbJkf7b8FpVrHecpvnjZVQR1FJGe6xCflZc4ZhFEp8Sfmai_87Qn-UbTdZb9PK3LmOSOyF9a5XnO_Dj92L-BgeqwtXtfXMkptR6x5EzJsUnWQkHfJUajCgArVYzrHVnfZaO1tgUoGYOUcRt9UF1jZd6OCw3aNIANqotqQ2eCQumdB2cPAAFAfL5DdUsV:1w7aVp:9hQlp6VMj51ExsmQ4J-0nHJw2pRWUVpIX0BuxI1bLPY', "expire_date" = '2026-03-31T15:06:13.989556+00:00'::timestamptz WHERE "django_session"."session_key" = '147qlgn9my4ww2uk493c1tv0exm1ugez'; args=('.eJxVjr0OwjAQg98lKzS65Nr8jexs7NGludACaqWmsCDenVZiYbJkf7b8FpVrHecpvnjZVQR1FJGe6xCflZc4ZhFEp8Sfmai_87Qn-UbTdZb9PK3LmOSOyF9a5XnO_Dj92L-BgeqwtXtfXMkptR6x5EzJsUnWQkHfJUajCgArVYzrHVnfZaO1tgUoGYOUcRt9UF1jZd6OCw3aNIANqotqQ2eCQumdB2cPAAFAfL5DdUsV:1w7aVp:9hQlp6VMj51ExsmQ4J-0nHJw2pRWUVpIX0BuxI1bLPY', datetime.datetime(2026, 3, 31, 15, 6, 13, 989556, tzinfo=datetime.timezone.utc), '147qlgn9my4ww2uk493c1tv0exm1ugez'); alias=default
(0.015) COMMIT; args=None; alias=default
"GET /api/health/ HTTP/1.1" 200 16
(0.003) SELECT "django_session"."session_key", "django_session"."session_data", "django_session"."expire_date" FROM "django_session" WHERE ("django_session"."expire_date" > '2026-03-31T14:56:14.155702+00:00'::timestamptz AND "django_session"."session_key" = '147qlgn9my4ww2uk493c1tv0exm1ugez') LIMIT 21; args=(datetime.datetime(2026, 3, 31, 14, 56, 14, 155702, tzinfo=datetime.timezone.utc), '147qlgn9my4ww2uk493c1tv0exm1ugez'); alias=default
(0.001) SELECT "auth_user"."id", "auth_user"."password", "auth_user"."last_login", "auth_user"."is_superuser", "auth_user"."username", "auth_user"."first_name", "auth_user"."last_name", "auth_user"."email", "auth_user"."is_staff", "auth_user"."is_active", "auth_user"."date_joined" FROM "auth_user" WHERE "auth_user"."id" = 51 LIMIT 21; args=(51,); alias=default
(0.000) BEGIN; args=None; alias=default
(0.022) UPDATE "django_session" SET "session_data" = '.eJxVjr0OgzAQg98la0t0-eGAjN27dY8u5FJoEUgEulR994LEwmTJ_mz5KzLn3E-j__C8q3DqKjytS-fXzLPvo3CiVOJkBmrfPO5JfNH4nGQ7jcvcB7kj8kizvE-Rh9vBngY6yt3WbptUpxiCbYxJMVKoGUNVQTJNGdigSgCsVMK6ralqyoha6yoBBURD0WyjA-XFZ-btuNCgsQBTGPVQ1pXolJXaWrRwAXAA4vcHQo5LAQ:1w7aVq:fTCeQ_w8KrPdq9wKZheJYH8T0dk8wiIpxF_oa-ExfQM', "expire_date" = '2026-03-31T15:06:14.246079+00:00'::timestamptz WHERE "django_session"."session_key" = '147qlgn9my4ww2uk493c1tv0exm1ugez'; args=('.eJxVjr0OgzAQg98la0t0-eGAjN27dY8u5FJoEUgEulR994LEwmTJ_mz5KzLn3E-j__C8q3DqKjytS-fXzLPvo3CiVOJkBmrfPO5JfNH4nGQ7jcvcB7kj8kizvE-Rh9vBngY6yt3WbptUpxiCbYxJMVKoGUNVQTJNGdigSgCsVMK6ralqyoha6yoBBURD0WyjA-XFZ-btuNCgsQBTGPVQ1pXolJXaWrRwAXAA4vcHQo5LAQ:1w7aVq:fTCeQ_w8KrPdq9wKZheJYH8T0dk8wiIpxF_oa-ExfQM', datetime.datetime(2026, 3, 31, 15, 6, 14, 246079, tzinfo=datetime.timezone.utc), '147qlgn9my4ww2uk493c1tv0exm1ugez'); alias=default
(0.023) COMMIT; args=None; alias=default
"GET /api/csrf/ HTTP/1.1" 200 120
(0.002) SELECT "django_session"."session_key", "django_session"."session_data", "django_session"."expire_date" FROM "django_session" WHERE ("django_session"."expire_date" > '2026-03-31T14:56:14.330485+00:00'::timestamptz AND "django_session"."session_key" = '147qlgn9my4ww2uk493c1tv0exm1ugez') LIMIT 21; args=(datetime.datetime(2026, 3, 31, 14, 56, 14, 330485, tzinfo=datetime.timezone.utc), '147qlgn9my4ww2uk493c1tv0exm1ugez'); alias=default
(0.001) SELECT "auth_user"."id", "auth_user"."password", "auth_user"."last_login", "auth_user"."is_superuser", "auth_user"."username", "auth_user"."first_name", "auth_user"."last_name", "auth_user"."email", "auth_user"."is_staff", "auth_user"."is_active", "auth_user"."date_joined" FROM "auth_user" WHERE "auth_user"."id" = 51 LIMIT 21; args=(51,); alias=default
(0.000) BEGIN; args=None; alias=default
(0.001) UPDATE "django_session" SET "session_data" = '.eJxVjrGOgzAQRP_FbS7WrhcW4zJ9uuutNV4f3EUgYXJNlH8PSGlSjTTzZjQPU7XWaZnjv66HmoBfJsp9G-O96hqnbIJp0XyYSYY_nY8k_8r8s9hhmbd1SvZA7Dut9rpkvV3e7MfAKHXc20NffMkpNT1RyVmSV05dB4X6NikxFgBFLOwHL13fZnbOdQUkMZNk2kdvUrdYVffjxoHjM9CZ8Bub0HLAxhKD93gCCADm-QJCzUsH:1w7aVq:gfvCMNP8OsNK_ILEdhGeu6lePkPF9k3Z6peRq-b7fH0', "expire_date" = '2026-03-31T15:06:14.361523+00:00'::timestamptz WHERE "django_session"."session_key" = '147qlgn9my4ww2uk493c1tv0exm1ugez'; args=('.eJxVjrGOgzAQRP_FbS7WrhcW4zJ9uuutNV4f3EUgYXJNlH8PSGlSjTTzZjQPU7XWaZnjv66HmoBfJsp9G-O96hqnbIJp0XyYSYY_nY8k_8r8s9hhmbd1SvZA7Dut9rpkvV3e7MfAKHXc20NffMkpNT1RyVmSV05dB4X6NikxFgBFLOwHL13fZnbOdQUkMZNk2kdvUrdYVffjxoHjM9CZ8Bub0HLAxhKD93gCCADm-QJCzUsH:1w7aVq:gfvCMNP8OsNK_ILEdhGeu6lePkPF9k3Z6peRq-b7fH0', datetime.datetime(2026, 3, 31, 15, 6, 14, 361523, tzinfo=datetime.timezone.utc), '147qlgn9my4ww2uk493c1tv0exm1ugez'); alias=default
(0.003) COMMIT; args=None; alias=default
"GET /api/session/ HTTP/1.1" 200 144
(0.003) SELECT "django_session"."session_key", "django_session"."session_data", "django_session"."expire_date" FROM "django_session" WHERE ("django_session"."expire_date" > '2026-03-31T14:56:22.812621+00:00'::timestamptz AND "django_session"."session_key" = '147qlgn9my4ww2uk493c1tv0exm1ugez') LIMIT 21; args=(datetime.datetime(2026, 3, 31, 14, 56, 22, 812621, tzinfo=datetime.timezone.utc), '147qlgn9my4ww2uk493c1tv0exm1ugez'); alias=default
(0.002) SELECT "auth_user"."id", "auth_user"."password", "auth_user"."last_login", "auth_user"."is_superuser", "auth_user"."username", "auth_user"."first_name", "auth_user"."last_name", "auth_user"."email", "auth_user"."is_staff", "auth_user"."is_active", "auth_user"."date_joined" FROM "auth_user" WHERE "auth_user"."id" = 51 LIMIT 21; args=(51,); alias=default
(0.000) BEGIN; args=None; alias=default
(0.001) UPDATE "django_session" SET "session_data" = '.eJxVjr0OwjAQg98lKzS6S5qfZmRnY48uzYUWUCs1hQXx7rQSC5Ml-7Plt6hc6zhP8cXLriLgUUR6rkN8Vl7imEUQBsWfmai_87Qn-UbTdZb9PK3LmOSOyF9a5XnO_Dj92L-Bgeqwtfuu-JJTajutS86UPNvkHBTdmcTaYgFgxGJ978l1JlullCtAyVpNWW-jD6prrMzbcaFA2QZ0o_GCbTA2KCW9QzR4AAgA4vMFQrJLAw:1w7aVy:DST7UDZrvCE_eupSLJTElQ5ShriyJ0nRJ6mQiMomBhQ', "expire_date" = '2026-03-31T15:06:22.872098+00:00'::timestamptz WHERE "django_session"."session_key" = '147qlgn9my4ww2uk493c1tv0exm1ugez'; args=('.eJxVjr0OwjAQg98lKzS6S5qfZmRnY48uzYUWUCs1hQXx7rQSC5Ml-7Plt6hc6zhP8cXLriLgUUR6rkN8Vl7imEUQBsWfmai_87Qn-UbTdZb9PK3LmOSOyF9a5XnO_Dj92L-Bgeqwtfuu-JJTajutS86UPNvkHBTdmcTaYgFgxGJ978l1JlullCtAyVpNWW-jD6prrMzbcaFA2QZ0o_GCbTA2KCW9QzR4AAgA4vMFQrJLAw:1w7aVy:DST7UDZrvCE_eupSLJTElQ5ShriyJ0nRJ6mQiMomBhQ', datetime.datetime(2026, 3, 31, 15, 6, 22, 872098, tzinfo=datetime.timezone.utc), '147qlgn9my4ww2uk493c1tv0exm1ugez'); alias=default
(0.182) COMMIT; args=None; alias=default
"GET /api/session/ HTTP/1.1" 200 144
(0.004) SELECT "django_session"."session_key", "django_session"."session_data", "django_session"."expire_date" FROM "django_session" WHERE ("django_session"."expire_date" > '2026-03-31T14:57:10.570888+00:00'::timestamptz AND "django_session"."session_key" = '147qlgn9my4ww2uk493c1tv0exm1ugez') LIMIT 21; args=(datetime.datetime(2026, 3, 31, 14, 57, 10, 570888, tzinfo=datetime.timezone.utc), '147qlgn9my4ww2uk493c1tv0exm1ugez'); alias=default
(0.001) SELECT "auth_user"."id", "auth_user"."password", "auth_user"."last_login", "auth_user"."is_superuser", "auth_user"."username", "auth_user"."first_name", "auth_user"."last_name", "auth_user"."email", "auth_user"."is_staff", "auth_user"."is_active", "auth_user"."date_joined" FROM "auth_user" WHERE "auth_user"."id" = 51 LIMIT 21; args=(51,); alias=default
(0.000) BEGIN; args=None; alias=default
(0.001) UPDATE "django_session" SET "session_data" = '.eJxVjjEPwiAUhP8Lq0oeYB-F0d3NnTzKw1YbmpTWxfjfbRMXp0vuvrvcW1SudZhKePG8q_DqKAKtSx_WynMYkvCiUeLPjNQ9uexJelC5T7KbyjIPUe6I_KVVXqfE4-XH_g30VPut3bnc5hTj2RmTU6LYMkZrIRvXRDaoMgArlbHtWrKuSai1thkoIhpKZhsdqS6hMm_HhQaNJzAno27q7BvrFUi0DiweADyA-HwBQw5LDQ:1w7aWk:WmaLRDDgg3rP6V4B-HIZgp5kK2SmsreoAbqIl3RdZ7s', "expire_date" = '2026-03-31T15:07:10.680373+00:00'::timestamptz WHERE "django_session"."session_key" = '147qlgn9my4ww2uk493c1tv0exm1ugez'; args=('.eJxVjjEPwiAUhP8Lq0oeYB-F0d3NnTzKw1YbmpTWxfjfbRMXp0vuvrvcW1SudZhKePG8q_DqKAKtSx_WynMYkvCiUeLPjNQ9uexJelC5T7KbyjIPUe6I_KVVXqfE4-XH_g30VPut3bnc5hTj2RmTU6LYMkZrIRvXRDaoMgArlbHtWrKuSai1thkoIhpKZhsdqS6hMm_HhQaNJzAno27q7BvrFUi0DiweADyA-HwBQw5LDQ:1w7aWk:WmaLRDDgg3rP6V4B-HIZgp5kK2SmsreoAbqIl3RdZ7s', datetime.datetime(2026, 3, 31, 15, 7, 10, 680373, tzinfo=datetime.timezone.utc), '147qlgn9my4ww2uk493c1tv0exm1ugez'); alias=default
(0.016) COMMIT; args=None; alias=default
"GET /api/session/ HTTP/1.1" 200 144
(0.003) SELECT "django_session"."session_key", "django_session"."session_data", "django_session"."expire_date" FROM "django_session" WHERE ("django_session"."expire_date" > '2026-03-31T14:57:15.015632+00:00'::timestamptz AND "django_session"."session_key" = '147qlgn9my4ww2uk493c1tv0exm1ugez') LIMIT 21; args=(datetime.datetime(2026, 3, 31, 14, 57, 15, 15632, tzinfo=datetime.timezone.utc), '147qlgn9my4ww2uk493c1tv0exm1ugez'); alias=default
(0.014) SELECT "auth_user"."id", "auth_user"."password", "auth_user"."last_login", "auth_user"."is_superuser", "auth_user"."username", "auth_user"."first_name", "auth_user"."last_name", "auth_user"."email", "auth_user"."is_staff", "auth_user"."is_active", "auth_user"."date_joined" FROM "auth_user" WHERE "auth_user"."id" = 51 LIMIT 21; args=(51,); alias=default
(0.000) BEGIN; args=None; alias=default
(0.035) UPDATE "django_session" SET "session_data" = '.eJxVjr0OwjAQg98lKzS6JM3vyM7GHl2aCy2gVmoKC-LdaaUunSzZny1_WaVah2mMH5o3ZUGcWcT30sd3pTkOmQWmBTuYCbsnjVuSHzjeJ95N4zIPiW8I39PKr1Om12VnDwM91n5td764klNqvVIlZ0yOTLIWivI6kTKiAJAQxbjOofU6GymlLYDJGIVZraMvrEusROtxJkGaBlSjxE20QdsgNAenpdcngADAfn9DCEsM:1w7aWp:EMt-LqlarveEtFhPTyb-4PmKB5nEZT1ZLd0DSTuO2io', "expire_date" = '2026-03-31T15:07:15.085755+00:00'::timestamptz WHERE "django_session"."session_key" = '147qlgn9my4ww2uk493c1tv0exm1ugez'; args=('.eJxVjr0OwjAQg98lKzS6JM3vyM7GHl2aCy2gVmoKC-LdaaUunSzZny1_WaVah2mMH5o3ZUGcWcT30sd3pTkOmQWmBTuYCbsnjVuSHzjeJ95N4zIPiW8I39PKr1Om12VnDwM91n5td764klNqvVIlZ0yOTLIWivI6kTKiAJAQxbjOofU6GymlLYDJGIVZraMvrEusROtxJkGaBlSjxE20QdsgNAenpdcngADAfn9DCEsM:1w7aWp:EMt-LqlarveEtFhPTyb-4PmKB5nEZT1ZLd0DSTuO2io', datetime.datetime(2026, 3, 31, 15, 7, 15, 85755, tzinfo=datetime.timezone.utc), '147qlgn9my4ww2uk493c1tv0exm1ugez'); alias=default
(0.048) COMMIT; args=None; alias=default
"GET /api/health/ HTTP/1.1" 200 16
(0.015) SELECT "django_session"."session_key", "django_session"."session_data", "django_session"."expire_date" FROM "django_session" WHERE ("django_session"."expire_date" > '2026-03-31T14:57:15.346225+00:00'::timestamptz AND "django_session"."session_key" = '147qlgn9my4ww2uk493c1tv0exm1ugez') LIMIT 21; args=(datetime.datetime(2026, 3, 31, 14, 57, 15, 346225, tzinfo=datetime.timezone.utc), '147qlgn9my4ww2uk493c1tv0exm1ugez'); alias=default
(0.001) SELECT "auth_user"."id", "auth_user"."password", "auth_user"."last_login", "auth_user"."is_superuser", "auth_user"."username", "auth_user"."first_name", "auth_user"."last_name", "auth_user"."email", "auth_user"."is_staff", "auth_user"."is_active", "auth_user"."date_joined" FROM "auth_user" WHERE "auth_user"."id" = 51 LIMIT 21; args=(51,); alias=default
(0.000) BEGIN; args=None; alias=default
(0.001) UPDATE "django_session" SET "session_data" = '.eJxVjrFuhDAQRP_Fbe6sXS-2wWX6dOmtNV4HcggkzKU53b8HJBqqkWbejOalqtQ6LnP8k_VQFfCmIj-3IT6rrHHMKiiL6mIm7h8yH0n-5fln0f0yb-uY9IHoM636a8kyfZ7sZWDgOuztvittySk1HVHJmVMrLnkPhTqbhBwWAEEsru1b9p3NzhjjC3ByjjjTPjpx3WIV2Y8rA8bdge6E39gE6wNa3RgkNB8AAUC9_wFCYkr8:1w7aWp:BVS0ZpHRNNh5C4S2HfJ8DmgFqPwky7aBebK2Hn6YUBs', "expire_date" = '2026-03-31T15:07:15.422734+00:00'::timestamptz WHERE "django_session"."session_key" = '147qlgn9my4ww2uk493c1tv0exm1ugez'; args=('.eJxVjrFuhDAQRP_Fbe6sXS-2wWX6dOmtNV4HcggkzKU53b8HJBqqkWbejOalqtQ6LnP8k_VQFfCmIj-3IT6rrHHMKiiL6mIm7h8yH0n-5fln0f0yb-uY9IHoM636a8kyfZ7sZWDgOuztvittySk1HVHJmVMrLnkPhTqbhBwWAEEsru1b9p3NzhjjC3ByjjjTPjpx3WIV2Y8rA8bdge6E39gE6wNa3RgkNB8AAUC9_wFCYkr8:1w7aWp:BVS0ZpHRNNh5C4S2HfJ8DmgFqPwky7aBebK2Hn6YUBs', datetime.datetime(2026, 3, 31, 15, 7, 15, 422734, tzinfo=datetime.timezone.utc), '147qlgn9my4ww2uk493c1tv0exm1ugez'); alias=default
(0.009) COMMIT; args=None; alias=default
"GET /api/csrf/ HTTP/1.1" 200 120
(0.010) SELECT "django_session"."session_key", "django_session"."session_data", "django_session"."expire_date" FROM "django_session" WHERE ("django_session"."expire_date" > '2026-03-31T14:57:15.450276+00:00'::timestamptz AND "django_session"."session_key" = '147qlgn9my4ww2uk493c1tv0exm1ugez') LIMIT 21; args=(datetime.datetime(2026, 3, 31, 14, 57, 15, 450276, tzinfo=datetime.timezone.utc), '147qlgn9my4ww2uk493c1tv0exm1ugez'); alias=default
(0.001) SELECT "auth_user"."id", "auth_user"."password", "auth_user"."last_login", "auth_user"."is_superuser", "auth_user"."username", "auth_user"."first_name", "auth_user"."last_name", "auth_user"."email", "auth_user"."is_staff", "auth_user"."is_active", "auth_user"."date_joined" FROM "auth_user" WHERE "auth_user"."id" = 51 LIMIT 21; args=(51,); alias=default
(0.000) BEGIN; args=None; alias=default
(0.001) UPDATE "django_session" SET "session_data" = '.eJxVjjEPgyAUhP8Layt5gIAydu_WnTzkUW0NJqJdmv73auLidMndd5f7skKlDFP2H5p3ZU5cmcd16f1aaPZDZI5pwU5mwO5NeU_iC_Nz4t2Ul3kIfEf4kRZ-nyKNt4M9DfRY-q3dtalJMYS6VSrFiKEhE6yFpFodSBmRAEiIZJquQdvqaKSUNgEGYxRGtY2OWBZfiLbjTII0FahKiYeonbZOaK6hNhouAA6A_f5CsUsD:1w7aWp:qwDr2mL0BUmvJU2NV_u0goy9UeXFCsOZy5b99CWurOY', "expire_date" = '2026-03-31T15:07:15.505647+00:00'::timestamptz WHERE "django_session"."session_key" = '147qlgn9my4ww2uk493c1tv0exm1ugez'; args=('.eJxVjjEPgyAUhP8Layt5gIAydu_WnTzkUW0NJqJdmv73auLidMndd5f7skKlDFP2H5p3ZU5cmcd16f1aaPZDZI5pwU5mwO5NeU_iC_Nz4t2Ul3kIfEf4kRZ-nyKNt4M9DfRY-q3dtalJMYS6VSrFiKEhE6yFpFodSBmRAEiIZJquQdvqaKSUNgEGYxRGtY2OWBZfiLbjTII0FahKiYeonbZOaK6hNhouAA6A_f5CsUsD:1w7aWp:qwDr2mL0BUmvJU2NV_u0goy9UeXFCsOZy5b99CWurOY', datetime.datetime(2026, 3, 31, 15, 7, 15, 505647, tzinfo=datetime.timezone.utc), '147qlgn9my4ww2uk493c1tv0exm1ugez'); alias=default
(0.008) COMMIT; args=None; alias=default
"GET /api/session/ HTTP/1.1" 200 144
(0.006) SELECT "django_session"."session_key", "django_session"."session_data", "django_session"."expire_date" FROM "django_session" WHERE ("django_session"."expire_date" > '2026-03-31T14:57:28.643937+00:00'::timestamptz AND "django_session"."session_key" = '147qlgn9my4ww2uk493c1tv0exm1ugez') LIMIT 21; args=(datetime.datetime(2026, 3, 31, 14, 57, 28, 643937, tzinfo=datetime.timezone.utc), '147qlgn9my4ww2uk493c1tv0exm1ugez'); alias=default
(0.001) SELECT "auth_user"."id", "auth_user"."password", "auth_user"."last_login", "auth_user"."is_superuser", "auth_user"."username", "auth_user"."first_name", "auth_user"."last_name", "auth_user"."email", "auth_user"."is_staff", "auth_user"."is_active", "auth_user"."date_joined" FROM "auth_user" WHERE "auth_user"."id" = 51 LIMIT 21; args=(51,); alias=default
(0.000) BEGIN; args=None; alias=default
(0.001) UPDATE "django_session" SET "session_data" = '.eJxVjrEOwjAQQ_8lKxBd7miSZmRnY48uzYUWUCs1hQXx77QSC5Ml-9nyW1WpdZjG-JJ5UxXMXkV-Ln18VpnjkFVQjVF_ZuLuLuOW5BuP10l307jMQ9Ibon9p1ecpy-P0Y_8Geq792u7a4ktO6dgSlZw5ebHJOSjUNknImgIgxhTrO8-ubbJFRFeAk7XEmdbRB9clVpH1uEJAewA6kLmYY2hcQK8dEhrcAQQA9fkCQtpLBA:1w7aX2:l6HoIqyr0G-XbxOCbqp2G18305vWBLj7ez326MKaMqM', "expire_date" = '2026-03-31T15:07:28.724085+00:00'::timestamptz WHERE "django_session"."session_key" = '147qlgn9my4ww2uk493c1tv0exm1ugez'; args=('.eJxVjrEOwjAQQ_8lKxBd7miSZmRnY48uzYUWUCs1hQXx77QSC5Ml-9nyW1WpdZjG-JJ5UxXMXkV-Ln18VpnjkFVQjVF_ZuLuLuOW5BuP10l307jMQ9Ibon9p1ecpy-P0Y_8Geq792u7a4ktO6dgSlZw5ebHJOSjUNknImgIgxhTrO8-ubbJFRFeAk7XEmdbRB9clVpH1uEJAewA6kLmYY2hcQK8dEhrcAQQA9fkCQtpLBA:1w7aX2:l6HoIqyr0G-XbxOCbqp2G18305vWBLj7ez326MKaMqM', datetime.datetime(2026, 3, 31, 15, 7, 28, 724085, tzinfo=datetime.timezone.utc), '147qlgn9my4ww2uk493c1tv0exm1ugez'); alias=default
(0.009) COMMIT; args=None; alias=default
"GET /api/session/ HTTP/1.1" 200 144
(0.002) SELECT "django_session"."session_key", "django_session"."session_data", "django_session"."expire_date" FROM "django_session" WHERE ("django_session"."expire_date" > '2026-03-31T14:58:25.694229+00:00'::timestamptz AND "django_session"."session_key" = '147qlgn9my4ww2uk493c1tv0exm1ugez') LIMIT 21; args=(datetime.datetime(2026, 3, 31, 14, 58, 25, 694229, tzinfo=datetime.timezone.utc), '147qlgn9my4ww2uk493c1tv0exm1ugez'); alias=default
(0.003) SELECT "auth_user"."id", "auth_user"."password", "auth_user"."last_login", "auth_user"."is_superuser", "auth_user"."username", "auth_user"."first_name", "auth_user"."last_name", "auth_user"."email", "auth_user"."is_staff", "auth_user"."is_active", "auth_user"."date_joined" FROM "auth_user" WHERE "auth_user"."id" = 51 LIMIT 21; args=(51,); alias=default
(0.000) BEGIN; args=None; alias=default
(0.014) UPDATE "django_session" SET "session_data" = '.eJxVjjEPgyAUhP8Layt5gCAydu_WnTzkUW0NJqJdmv73auLidMndd5f7skKlDFP2H5p3ZU5cmcd16f1aaPZDZI5pwU5mwO5NeU_iC_Nz4t2Ul3kIfEf4kRZ-nyKNt4M9DfRY-q3dtcmmGELdKpVixGDJhKaBpFodSBmRAEiIZGxnsWl1NFLKJgEGYxRGtY2OWBZfiLbjTII0FahKiYeonbZOam5Ba6kvAA6A_f5DD0sK:1w7aXx:xJuxmNomhQ02t3LFQjRR9dZIOL19uKNYfijaZEfBptc', "expire_date" = '2026-03-31T15:08:25.806607+00:00'::timestamptz WHERE "django_session"."session_key" = '147qlgn9my4ww2uk493c1tv0exm1ugez'; args=('.eJxVjjEPgyAUhP8Layt5gCAydu_WnTzkUW0NJqJdmv73auLidMndd5f7skKlDFP2H5p3ZU5cmcd16f1aaPZDZI5pwU5mwO5NeU_iC_Nz4t2Ul3kIfEf4kRZ-nyKNt4M9DfRY-q3dtcmmGELdKpVixGDJhKaBpFodSBmRAEiIZGxnsWl1NFLKJgEGYxRGtY2OWBZfiLbjTII0FahKiYeonbZOam5Ba6kvAA6A_f5DD0sK:1w7aXx:xJuxmNomhQ02t3LFQjRR9dZIOL19uKNYfijaZEfBptc', datetime.datetime(2026, 3, 31, 15, 8, 25, 806607, tzinfo=datetime.timezone.utc), '147qlgn9my4ww2uk493c1tv0exm1ugez'); alias=default
(0.044) COMMIT; args=None; alias=default
"GET /api/session/ HTTP/1.1" 200 144
(0.003) SELECT "django_session"."session_key", "django_session"."session_data", "django_session"."expire_date" FROM "django_session" WHERE ("django_session"."expire_date" > '2026-03-31T14:58:29.282968+00:00'::timestamptz AND "django_session"."session_key" = '147qlgn9my4ww2uk493c1tv0exm1ugez') LIMIT 21; args=(datetime.datetime(2026, 3, 31, 14, 58, 29, 282968, tzinfo=datetime.timezone.utc), '147qlgn9my4ww2uk493c1tv0exm1ugez'); alias=default
(0.001) SELECT "auth_user"."id", "auth_user"."password", "auth_user"."last_login", "auth_user"."is_superuser", "auth_user"."username", "auth_user"."first_name", "auth_user"."last_name", "auth_user"."email", "auth_user"."is_staff", "auth_user"."is_active", "auth_user"."date_joined" FROM "auth_user" WHERE "auth_user"."id" = 51 LIMIT 21; args=(51,); alias=default
(0.000) BEGIN; args=None; alias=default
(0.001) UPDATE "django_session" SET "session_data" = '.eJxVjjEPwiAUhP8Lq0oevEKB0d3NnTzKw1abNinVxfjfbRMXp0vuvrvcW1SudZin-OJlVxHUUUR6rn18Vl7ikEUQRok_M1H34GlP8p2m2yy7eVqXIckdkb-0ysuceTz_2L-Bnmq_tTtfXMkpNR6x5EzJsU1tCwW9SYxWFQBWqljXOWq9yVZr3RagZC1Sxm10pLrGyrwdFxq0PQGeUF1VE4wL2ktsNBpzAAgA4vMFQyFLCw:1w7aY1:RInAzBnOH1I4p9ZN9pIlQZm5IrLkm3rC_Y2doFqz_H0', "expire_date" = '2026-03-31T15:08:29.342841+00:00'::timestamptz WHERE "django_session"."session_key" = '147qlgn9my4ww2uk493c1tv0exm1ugez'; args=('.eJxVjjEPwiAUhP8Lq0oevEKB0d3NnTzKw1abNinVxfjfbRMXp0vuvrvcW1SudZin-OJlVxHUUUR6rn18Vl7ikEUQRok_M1H34GlP8p2m2yy7eVqXIckdkb-0ysuceTz_2L-Bnmq_tTtfXMkpNR6x5EzJsU1tCwW9SYxWFQBWqljXOWq9yVZr3RagZC1Sxm10pLrGyrwdFxq0PQGeUF1VE4wL2ktsNBpzAAgA4vMFQyFLCw:1w7aY1:RInAzBnOH1I4p9ZN9pIlQZm5IrLkm3rC_Y2doFqz_H0', datetime.datetime(2026, 3, 31, 15, 8, 29, 342841, tzinfo=datetime.timezone.utc), '147qlgn9my4ww2uk493c1tv0exm1ugez'); alias=default
(0.018) COMMIT; args=None; alias=default
"GET /api/health/ HTTP/1.1" 200 16
(0.018) SELECT "django_session"."session_key", "django_session"."session_data", "django_session"."expire_date" FROM "django_session" WHERE ("django_session"."expire_date" > '2026-03-31T14:58:29.446629+00:00'::timestamptz AND "django_session"."session_key" = '147qlgn9my4ww2uk493c1tv0exm1ugez') LIMIT 21; args=(datetime.datetime(2026, 3, 31, 14, 58, 29, 446629, tzinfo=datetime.timezone.utc), '147qlgn9my4ww2uk493c1tv0exm1ugez'); alias=default
(0.002) SELECT "auth_user"."id", "auth_user"."password", "auth_user"."last_login", "auth_user"."is_superuser", "auth_user"."username", "auth_user"."first_name", "auth_user"."last_name", "auth_user"."email", "auth_user"."is_staff", "auth_user"."is_active", "auth_user"."date_joined" FROM "auth_user" WHERE "auth_user"."id" = 51 LIMIT 21; args=(51,); alias=default
(0.000) BEGIN; args=None; alias=default
(0.002) UPDATE "django_session" SET "session_data" = '.eJxVjrsOwjAUQ_8lKxDdvB8jOxt7dNPc0ELVSk1hQfw7rcTCZMk-tvxmjVob5im9aNmVRXFkCZ9rn56NljQUFpkR7M_M2D1o2pNyx-k2826e1mXIfEf4L238Mhcazz_2b6DH1m_tLlRfS846KFVLwezJZuegqmAyKSsqAAlRre88umCKlVK6CpitVVjUNjpiW1Mj2o4zCdKeQJ2UuAodjY8ycKO1Fu4AEAHY5wtDSksO:1w7aY1:yDlhKQA3bxnapK3fdK0rJEona5Tt_F8MBGTxdNL93V8', "expire_date" = '2026-03-31T15:08:29.554152+00:00'::timestamptz WHERE "django_session"."session_key" = '147qlgn9my4ww2uk493c1tv0exm1ugez'; args=('.eJxVjrsOwjAUQ_8lKxDdvB8jOxt7dNPc0ELVSk1hQfw7rcTCZMk-tvxmjVob5im9aNmVRXFkCZ9rn56NljQUFpkR7M_M2D1o2pNyx-k2826e1mXIfEf4L238Mhcazz_2b6DH1m_tLlRfS846KFVLwezJZuegqmAyKSsqAAlRre88umCKlVK6CpitVVjUNjpiW1Mj2o4zCdKeQJ2UuAodjY8ycKO1Fu4AEAHY5wtDSksO:1w7aY1:yDlhKQA3bxnapK3fdK0rJEona5Tt_F8MBGTxdNL93V8', datetime.datetime(2026, 3, 31, 15, 8, 29, 554152, tzinfo=datetime.timezone.utc), '147qlgn9my4ww2uk493c1tv0exm1ugez'); alias=default
(0.026) COMMIT; args=None; alias=default
"GET /api/csrf/ HTTP/1.1" 200 120
(0.002) SELECT "django_session"."session_key", "django_session"."session_data", "django_session"."expire_date" FROM "django_session" WHERE ("django_session"."expire_date" > '2026-03-31T14:58:29.621893+00:00'::timestamptz AND "django_session"."session_key" = '147qlgn9my4ww2uk493c1tv0exm1ugez') LIMIT 21; args=(datetime.datetime(2026, 3, 31, 14, 58, 29, 621893, tzinfo=datetime.timezone.utc), '147qlgn9my4ww2uk493c1tv0exm1ugez'); alias=default
(0.001) SELECT "auth_user"."id", "auth_user"."password", "auth_user"."last_login", "auth_user"."is_superuser", "auth_user"."username", "auth_user"."first_name", "auth_user"."last_name", "auth_user"."email", "auth_user"."is_staff", "auth_user"."is_active", "auth_user"."date_joined" FROM "auth_user" WHERE "auth_user"."id" = 51 LIMIT 21; args=(51,); alias=default
(0.000) BEGIN; args=None; alias=default
(0.001) UPDATE "django_session" SET "session_data" = '.eJxVjjEPwiAUhP8Lq0oeUF6B0d3NnTzKw1abNinVxfjfbRMXp0vuvrvcW1SudZin-OJlVxHUUUR6rn18Vl7ikEUQVok_M1H34GlP8p2m2yy7eVqXIckdkb-0ysuceTz_2L-Bnmq_tTtfXMkpNd6YkjMlx5jaForxNrFBVQBYqYKuc9R6m1Fr3RaghGgom210pLrGyrwdFxo0nsCcjLqqJlgXtJfYoHXqABAAxOcLQ4tLEw:1w7aY1:2bZTrlFzuXa0auqHSPa0bkMyaRchuiNdvEFgiXNM62E', "expire_date" = '2026-03-31T15:08:29.647128+00:00'::timestamptz WHERE "django_session"."session_key" = '147qlgn9my4ww2uk493c1tv0exm1ugez'; args=('.eJxVjjEPwiAUhP8Lq0oeUF6B0d3NnTzKw1abNinVxfjfbRMXp0vuvrvcW1SudZin-OJlVxHUUUR6rn18Vl7ikEUQVok_M1H34GlP8p2m2yy7eVqXIckdkb-0ysuceTz_2L-Bnmq_tTtfXMkpNd6YkjMlx5jaForxNrFBVQBYqYKuc9R6m1Fr3RaghGgom210pLrGyrwdFxo0nsCcjLqqJlgXtJfYoHXqABAAxOcLQ4tLEw:1w7aY1:2bZTrlFzuXa0auqHSPa0bkMyaRchuiNdvEFgiXNM62E', datetime.datetime(2026, 3, 31, 15, 8, 29, 647128, tzinfo=datetime.timezone.utc), '147qlgn9my4ww2uk493c1tv0exm1ugez'); alias=default
(0.003) COMMIT; args=None; alias=default
"GET /api/session/ HTTP/1.1" 200 144
(0.004) SELECT "django_session"."session_key", "django_session"."session_data", "django_session"."expire_date" FROM "django_session" WHERE ("django_session"."expire_date" > '2026-03-31T14:58:41.096415+00:00'::timestamptz AND "django_session"."session_key" = '147qlgn9my4ww2uk493c1tv0exm1ugez') LIMIT 21; args=(datetime.datetime(2026, 3, 31, 14, 58, 41, 96415, tzinfo=datetime.timezone.utc), '147qlgn9my4ww2uk493c1tv0exm1ugez'); alias=default
(0.002) SELECT "auth_user"."id", "auth_user"."password", "auth_user"."last_login", "auth_user"."is_superuser", "auth_user"."username", "auth_user"."first_name", "auth_user"."last_name", "auth_user"."email", "auth_user"."is_staff", "auth_user"."is_active", "auth_user"."date_joined" FROM "auth_user" WHERE "auth_user"."id" = 51 LIMIT 21; args=(51,); alias=default
(0.000) BEGIN; args=None; alias=default
(0.002) UPDATE "django_session" SET "session_data" = '.eJxVjr1uwzAQg99FaxrhTmf9WGP2bN2Fk3Wq3QY2YDldgrx7bCBLJgLkR4IP1aS1aZnTv6yHqohfKvF9G9O9yZqmoqKyqD7MzMOfzEdSfnn-WfSwzNs6ZX0g-p02fV2K3C5v9mNg5Dbu7aGvoZacu56olsI5iMveQ6XeZiGHFUAQqwtDYN_b4owxvgJn54gL7aM3bltqIvtxZcC4M9CZ8Bu7aEPsUKP3ZLsTQARQzxdDAUsK:1w7aYD:GZEr963qGlyMBPHbe0Z7Mg_Ow3P7HkPnlnDVrQpApgI', "expire_date" = '2026-03-31T15:08:41.179570+00:00'::timestamptz WHERE "django_session"."session_key" = '147qlgn9my4ww2uk493c1tv0exm1ugez'; args=('.eJxVjr1uwzAQg99FaxrhTmf9WGP2bN2Fk3Wq3QY2YDldgrx7bCBLJgLkR4IP1aS1aZnTv6yHqohfKvF9G9O9yZqmoqKyqD7MzMOfzEdSfnn-WfSwzNs6ZX0g-p02fV2K3C5v9mNg5Dbu7aGvoZacu56olsI5iMveQ6XeZiGHFUAQqwtDYN_b4owxvgJn54gL7aM3bltqIvtxZcC4M9CZ8Bu7aEPsUKP3ZLsTQARQzxdDAUsK:1w7aYD:GZEr963qGlyMBPHbe0Z7Mg_Ow3P7HkPnlnDVrQpApgI', datetime.datetime(2026, 3, 31, 15, 8, 41, 179570, tzinfo=datetime.timezone.utc), '147qlgn9my4ww2uk493c1tv0exm1ugez'); alias=default
(0.027) COMMIT; args=None; alias=default
"GET /api/session/ HTTP/1.1" 200 144
(0.002) SELECT "django_session"."session_key", "django_session"."session_data", "django_session"."expire_date" FROM "django_session" WHERE ("django_session"."expire_date" > '2026-03-31T14:58:54.570812+00:00'::timestamptz AND "django_session"."session_key" = '147qlgn9my4ww2uk493c1tv0exm1ugez') LIMIT 21; args=(datetime.datetime(2026, 3, 31, 14, 58, 54, 570812, tzinfo=datetime.timezone.utc), '147qlgn9my4ww2uk493c1tv0exm1ugez'); alias=default
(0.001) SELECT "auth_user"."id", "auth_user"."password", "auth_user"."last_login", "auth_user"."is_superuser", "auth_user"."username", "auth_user"."first_name", "auth_user"."last_name", "auth_user"."email", "auth_user"."is_staff", "auth_user"."is_active", "auth_user"."date_joined" FROM "auth_user" WHERE "auth_user"."id" = 51 LIMIT 21; args=(51,); alias=default
(0.000) BEGIN; args=None; alias=default
(0.001) UPDATE "django_session" SET "session_data" = '.eJxVjr0OwjAQg98lKxBdcs1PM7KzsUeX5kILVSs1hQXx7rQSC5Ml-7Plt6hc6zBP8cXLriKoo4j0XPv4rLzEIYsgjBJ_ZqLuwdOe5DtNt1l287QuQ5I7In9plZc583j-sX8DPdV-a3dt8SWn1LSIJWdKnm1yDgq2JjFaVQBYqWJ958m1JluttStAyVqkjNvoSHWNlXk7LjRoewI8obqqJhgfTCOtbhzqA0AAEJ8vQylLCw:1w7aYQ:qDTgMvS_zlLup32GpCwlLi5hdyxvAjFVFOf1dWn-yuU', "expire_date" = '2026-03-31T15:08:54.625349+00:00'::timestamptz WHERE "django_session"."session_key" = '147qlgn9my4ww2uk493c1tv0exm1ugez'; args=('.eJxVjr0OwjAQg98lKxBdcs1PM7KzsUeX5kILVSs1hQXx7rQSC5Ml-7Plt6hc6zBP8cXLriKoo4j0XPv4rLzEIYsgjBJ_ZqLuwdOe5DtNt1l287QuQ5I7In9plZc583j-sX8DPdV-a3dt8SWn1LSIJWdKnm1yDgq2JjFaVQBYqWJ958m1JluttStAyVqkjNvoSHWNlXk7LjRoewI8obqqJhgfTCOtbhzqA0AAEJ8vQylLCw:1w7aYQ:qDTgMvS_zlLup32GpCwlLi5hdyxvAjFVFOf1dWn-yuU', datetime.datetime(2026, 3, 31, 15, 8, 54, 625349, tzinfo=datetime.timezone.utc), '147qlgn9my4ww2uk493c1tv0exm1ugez'); alias=default
(0.003) COMMIT; args=None; alias=default
"GET /api/session/ HTTP/1.1" 200 144
(0.003) SELECT "django_session"."session_key", "django_session"."session_data", "django_session"."expire_date" FROM "django_session" WHERE ("django_session"."expire_date" > '2026-03-31T14:59:13.312738+00:00'::timestamptz AND "django_session"."session_key" = '147qlgn9my4ww2uk493c1tv0exm1ugez') LIMIT 21; args=(datetime.datetime(2026, 3, 31, 14, 59, 13, 312738, tzinfo=datetime.timezone.utc), '147qlgn9my4ww2uk493c1tv0exm1ugez'); alias=default
(0.008) SELECT "auth_user"."id", "auth_user"."password", "auth_user"."last_login", "auth_user"."is_superuser", "auth_user"."username", "auth_user"."first_name", "auth_user"."last_name", "auth_user"."email", "auth_user"."is_staff", "auth_user"."is_active", "auth_user"."date_joined" FROM "auth_user" WHERE "auth_user"."id" = 51 LIMIT 21; args=(51,); alias=default
(0.000) BEGIN; args=None; alias=default
(0.001) UPDATE "django_session" SET "session_data" = '.eJxVjrGOwyAQRP-FNhe0sGYxlOnTXY8Ws5x9F9mSca6J8u-xpTSpRpp5M5qHatLatMzpX9ZDVTRfKvF9G9O9yZqmoqJyRn2YmYc_mY-k_PL8s-hhmbd1yvpA9Dtt-roUuV3e7MfAyG3c20OofS05dwGxlsK5F8reQ8XgsiCZCiDGVOqHnn1whay1vgJnIuSC--iN25aayH5cWbB0Bjyj-TZddCEa1J0n8u4EEAHU8wVDXUsS:1w7aYj:hy37J4HXE58DhosqJb7PE3lyiJSUsnkWn-TebENSfjk', "expire_date" = '2026-03-31T15:09:13.477679+00:00'::timestamptz WHERE "django_session"."session_key" = '147qlgn9my4ww2uk493c1tv0exm1ugez'; args=('.eJxVjrGOwyAQRP-FNhe0sGYxlOnTXY8Ws5x9F9mSca6J8u-xpTSpRpp5M5qHatLatMzpX9ZDVTRfKvF9G9O9yZqmoqJyRn2YmYc_mY-k_PL8s-hhmbd1yvpA9Dtt-roUuV3e7MfAyG3c20OofS05dwGxlsK5F8reQ8XgsiCZCiDGVOqHnn1whay1vgJnIuSC--iN25aayH5cWbB0Bjyj-TZddCEa1J0n8u4EEAHU8wVDXUsS:1w7aYj:hy37J4HXE58DhosqJb7PE3lyiJSUsnkWn-TebENSfjk', datetime.datetime(2026, 3, 31, 15, 9, 13, 477679, tzinfo=datetime.timezone.utc), '147qlgn9my4ww2uk493c1tv0exm1ugez'); alias=default
(0.007) COMMIT; args=None; alias=default
"GET /api/session/ HTTP/1.1" 200 144
(0.003) SELECT "django_session"."session_key", "django_session"."session_data", "django_session"."expire_date" FROM "django_session" WHERE ("django_session"."expire_date" > '2026-03-31T14:59:55.080276+00:00'::timestamptz AND "django_session"."session_key" = '147qlgn9my4ww2uk493c1tv0exm1ugez') LIMIT 21; args=(datetime.datetime(2026, 3, 31, 14, 59, 55, 80276, tzinfo=datetime.timezone.utc), '147qlgn9my4ww2uk493c1tv0exm1ugez'); alias=default
(0.001) SELECT "auth_user"."id", "auth_user"."password", "auth_user"."last_login", "auth_user"."is_superuser", "auth_user"."username", "auth_user"."first_name", "auth_user"."last_name", "auth_user"."email", "auth_user"."is_staff", "auth_user"."is_active", "auth_user"."date_joined" FROM "auth_user" WHERE "auth_user"."id" = 51 LIMIT 21; args=(51,); alias=default
(0.000) BEGIN; args=None; alias=default
(0.001) UPDATE "django_session" SET "session_data" = '.eJxVjr0OwjAQg98lKxBdEvI7srOxR5fmQgtVKjUtC-LdaSUWJkv2Z8tv1qi1YarxRfOuLIgji7gufVwbzXHILDAt2J-ZsHtS3ZP8wHqfeDfVZR4S3xH-Sxu_TpnGy4_9G-ix9Vu788WVnNLZK1VyxuTIJGuhKK8TKSMKAAlRjOscWq-zkVLaApiMUZjVNjpiW2Ij2o4zCdKcQJ2UuIlz0D5ozYV3zpoDQABgny9D6Esc:1w7aZP:0yKOtapXRnWtueMOMjlxOhmDFU95TzRgs-J-I0GnQxI', "expire_date" = '2026-03-31T15:09:55.200197+00:00'::timestamptz WHERE "django_session"."session_key" = '147qlgn9my4ww2uk493c1tv0exm1ugez'; args=('.eJxVjr0OwjAQg98lKxBdEvI7srOxR5fmQgtVKjUtC-LdaSUWJkv2Z8tv1qi1YarxRfOuLIgji7gufVwbzXHILDAt2J-ZsHtS3ZP8wHqfeDfVZR4S3xH-Sxu_TpnGy4_9G-ix9Vu788WVnNLZK1VyxuTIJGuhKK8TKSMKAAlRjOscWq-zkVLaApiMUZjVNjpiW2Ij2o4zCdKcQJ2UuIlz0D5ozYV3zpoDQABgny9D6Esc:1w7aZP:0yKOtapXRnWtueMOMjlxOhmDFU95TzRgs-J-I0GnQxI', datetime.datetime(2026, 3, 31, 15, 9, 55, 200197, tzinfo=datetime.timezone.utc), '147qlgn9my4ww2uk493c1tv0exm1ugez'); alias=default
(0.052) COMMIT; args=None; alias=default
"GET /api/session/ HTTP/1.1" 200 144
(0.008) SELECT "django_session"."session_key", "django_session"."session_data", "django_session"."expire_date" FROM "django_session" WHERE ("django_session"."expire_date" > '2026-03-31T15:02:22.584464+00:00'::timestamptz AND "django_session"."session_key" = '147qlgn9my4ww2uk493c1tv0exm1ugez') LIMIT 21; args=(datetime.datetime(2026, 3, 31, 15, 2, 22, 584464, tzinfo=datetime.timezone.utc), '147qlgn9my4ww2uk493c1tv0exm1ugez'); alias=default
(0.001) SELECT "auth_user"."id", "auth_user"."password", "auth_user"."last_login", "auth_user"."is_superuser", "auth_user"."username", "auth_user"."first_name", "auth_user"."last_name", "auth_user"."email", "auth_user"."is_staff", "auth_user"."is_active", "auth_user"."date_joined" FROM "auth_user" WHERE "auth_user"."id" = 51 LIMIT 21; args=(51,); alias=default
(0.000) BEGIN; args=None; alias=default
(0.282) UPDATE "django_session" SET "session_data" = '.eJxVjrEOwjAQQ_8lKxBd7kjSZmRnY48uzYUWUCs1hQXx77QSC5Ml-9nyW1WpdZjG-JJ5UxXMXkV-Ln18VpnjkFVQ1qg_M3F3l3FL8o3H66S7aVzmIekN0b-06vOU5XH6sX8DPdd-bXdtaUpO6dgSlZw5NeKS91CotUnImQIgxhTXdA371maHiL4AJ-eIM62jD65LrCLrcYWA7gB0IHMxNgAGRO2PaMntAAKA-nwBQjRK_w:1w7abm:i6xYxYktSIUOmMMeGKneG5W3u9pFr3u-XjmbxpW85KI', "expire_date" = '2026-03-31T15:12:22.744884+00:00'::timestamptz WHERE "django_session"."session_key" = '147qlgn9my4ww2uk493c1tv0exm1ugez'; args=('.eJxVjrEOwjAQQ_8lKxBd7kjSZmRnY48uzYUWUCs1hQXx77QSC5Ml-9nyW1WpdZjG-JJ5UxXMXkV-Ln18VpnjkFVQ1qg_M3F3l3FL8o3H66S7aVzmIekN0b-06vOU5XH6sX8DPdd-bXdtaUpO6dgSlZw5NeKS91CotUnImQIgxhTXdA371maHiL4AJ-eIM62jD65LrCLrcYWA7gB0IHMxNgAGRO2PaMntAAKA-nwBQjRK_w:1w7abm:i6xYxYktSIUOmMMeGKneG5W3u9pFr3u-XjmbxpW85KI', datetime.datetime(2026, 3, 31, 15, 12, 22, 744884, tzinfo=datetime.timezone.utc), '147qlgn9my4ww2uk493c1tv0exm1ugez'); alias=default
(0.134) COMMIT; args=None; alias=default
"GET /api/session/ HTTP/1.1" 200 144
(0.002) SELECT "django_session"."session_key", "django_session"."session_data", "django_session"."expire_date" FROM "django_session" WHERE ("django_session"."expire_date" > '2026-03-31T15:02:44.366073+00:00'::timestamptz AND "django_session"."session_key" = '147qlgn9my4ww2uk493c1tv0exm1ugez') LIMIT 21; args=(datetime.datetime(2026, 3, 31, 15, 2, 44, 366073, tzinfo=datetime.timezone.utc), '147qlgn9my4ww2uk493c1tv0exm1ugez'); alias=default
(0.001) SELECT "auth_user"."id", "auth_user"."password", "auth_user"."last_login", "auth_user"."is_superuser", "auth_user"."username", "auth_user"."first_name", "auth_user"."last_name", "auth_user"."email", "auth_user"."is_staff", "auth_user"."is_active", "auth_user"."date_joined" FROM "auth_user" WHERE "auth_user"."id" = 51 LIMIT 21; args=(51,); alias=default
(0.000) BEGIN; args=None; alias=default
(0.001) UPDATE "django_session" SET "session_data" = '.eJxVjjEPgjAUhP9LV7V57YOWdnR3c29e6augBBKKLsb_LiQsTJfcfXe5ryhcSj-N4cPzpsKrswj0XrrwLjyHPgkvaiUOZqT2xeOWpCeNj0m207jMfZQbIve0yNuUeLju7GGgo9Kt7dblJqcYK4eYU6LYsInWQkZXR0ajMgArlU3TNmRdnYzW2magaAxSwnV0oLKEwrweFxq0uQBeUN1V7UH7qpLoHII9AXgA8fsDQqhLBw:1w7ac8:RSa3O9kPmWhpZBC5RU6aB29ZjShnwlZHOT0ZkAPnk4U', "expire_date" = '2026-03-31T15:12:44.400706+00:00'::timestamptz WHERE "django_session"."session_key" = '147qlgn9my4ww2uk493c1tv0exm1ugez'; args=('.eJxVjjEPgjAUhP9LV7V57YOWdnR3c29e6augBBKKLsb_LiQsTJfcfXe5ryhcSj-N4cPzpsKrswj0XrrwLjyHPgkvaiUOZqT2xeOWpCeNj0m207jMfZQbIve0yNuUeLju7GGgo9Kt7dblJqcYK4eYU6LYsInWQkZXR0ajMgArlU3TNmRdnYzW2magaAxSwnV0oLKEwrweFxq0uQBeUN1V7UH7qpLoHII9AXgA8fsDQqhLBw:1w7ac8:RSa3O9kPmWhpZBC5RU6aB29ZjShnwlZHOT0ZkAPnk4U', datetime.datetime(2026, 3, 31, 15, 12, 44, 400706, tzinfo=datetime.timezone.utc), '147qlgn9my4ww2uk493c1tv0exm1ugez'); alias=default
(0.003) COMMIT; args=None; alias=default
"GET /api/session/ HTTP/1.1" 200 144
(0.004) SELECT "django_session"."session_key", "django_session"."session_data", "django_session"."expire_date" FROM "django_session" WHERE ("django_session"."expire_date" > '2026-03-31T15:03:48.749826+00:00'::timestamptz AND "django_session"."session_key" = '147qlgn9my4ww2uk493c1tv0exm1ugez') LIMIT 21; args=(datetime.datetime(2026, 3, 31, 15, 3, 48, 749826, tzinfo=datetime.timezone.utc), '147qlgn9my4ww2uk493c1tv0exm1ugez'); alias=default
(0.009) SELECT "auth_user"."id", "auth_user"."password", "auth_user"."last_login", "auth_user"."is_superuser", "auth_user"."username", "auth_user"."first_name", "auth_user"."last_name", "auth_user"."email", "auth_user"."is_staff", "auth_user"."is_active", "auth_user"."date_joined" FROM "auth_user" WHERE "auth_user"."id" = 51 LIMIT 21; args=(51,); alias=default
(0.000) BEGIN; args=None; alias=default
(0.001) UPDATE "django_session" SET "session_data" = '.eJxVjjEPgjAUhP9LV7V57aOldHR3c29e6augBBKKLsb_LiQsTJfcfXe5ryhcSj-N4cPzpsKrswj0XrrwLjyHPgkvjBIHM1L74nFL0pPGxyTbaVzmPsoNkXta5G1KPFx39jDQUenWdttkl1OMVYOYU6Lo2Ma6hoyNiYxWZQBWKlvXOqobk6zWus5A0VqkhOvoQGUJhXk9LjRoewG8oLor4wF95aSrNDpzAvAA4vcHQupLCw:1w7adA:VvmWb7fK0How25M5euQCpY44y7Npk5scRP956DcyDro', "expire_date" = '2026-03-31T15:13:48.843312+00:00'::timestamptz WHERE "django_session"."session_key" = '147qlgn9my4ww2uk493c1tv0exm1ugez'; args=('.eJxVjjEPgjAUhP9LV7V57aOldHR3c29e6augBBKKLsb_LiQsTJfcfXe5ryhcSj-N4cPzpsKrswj0XrrwLjyHPgkvjBIHM1L74nFL0pPGxyTbaVzmPsoNkXta5G1KPFx39jDQUenWdttkl1OMVYOYU6Lo2Ma6hoyNiYxWZQBWKlvXOqobk6zWus5A0VqkhOvoQGUJhXk9LjRoewG8oLor4wF95aSrNDpzAvAA4vcHQupLCw:1w7adA:VvmWb7fK0How25M5euQCpY44y7Npk5scRP956DcyDro', datetime.datetime(2026, 3, 31, 15, 13, 48, 843312, tzinfo=datetime.timezone.utc), '147qlgn9my4ww2uk493c1tv0exm1ugez'); alias=default
(0.007) COMMIT; args=None; alias=default
"GET /api/session/ HTTP/1.1" 200 144
(0.003) SELECT "django_session"."session_key", "django_session"."session_data", "django_session"."expire_date" FROM "django_session" WHERE ("django_session"."expire_date" > '2026-03-31T15:03:51.349437+00:00'::timestamptz AND "django_session"."session_key" = '147qlgn9my4ww2uk493c1tv0exm1ugez') LIMIT 21; args=(datetime.datetime(2026, 3, 31, 15, 3, 51, 349437, tzinfo=datetime.timezone.utc), '147qlgn9my4ww2uk493c1tv0exm1ugez'); alias=default
(0.001) SELECT "auth_user"."id", "auth_user"."password", "auth_user"."last_login", "auth_user"."is_superuser", "auth_user"."username", "auth_user"."first_name", "auth_user"."last_name", "auth_user"."email", "auth_user"."is_staff", "auth_user"."is_active", "auth_user"."date_joined" FROM "auth_user" WHERE "auth_user"."id" = 51 LIMIT 21; args=(51,); alias=default
(0.000) BEGIN; args=None; alias=default
(0.003) UPDATE "django_session" SET "session_data" = '.eJxVjjEPwiAUhP8Lq0oePKGF0d3NnTzKw1YbmpTWxfjfbRMXp0vuvrvcW1SudZhKePG8q_DqKAKtSx_WynMYkvDCKPFnRuqeXPYkPajcJ9lNZZmHKHdE_tIqr1Pi8fJj_wZ6qv3W7lxuc4rx7BBzShRbtrFpIKMzkdGqDMBKZdt2LTXOJKu1bjJQtBYp4TY6Ul1CZd6OCw3angBPqG7KeEBvlDwjoHEHAA8gPl9CNEr_:1w7adD:ORhDoT3JU0u4Jwxv5mM71eVK9CotCtCsoDGGmWuZ_OM', "expire_date" = '2026-03-31T15:13:51.430743+00:00'::timestamptz WHERE "django_session"."session_key" = '147qlgn9my4ww2uk493c1tv0exm1ugez'; args=('.eJxVjjEPwiAUhP8Lq0oePKGF0d3NnTzKw1YbmpTWxfjfbRMXp0vuvrvcW1SudZhKePG8q_DqKAKtSx_WynMYkvDCKPFnRuqeXPYkPajcJ9lNZZmHKHdE_tIqr1Pi8fJj_wZ6qv3W7lxuc4rx7BBzShRbtrFpIKMzkdGqDMBKZdt2LTXOJKu1bjJQtBYp4TY6Ul1CZd6OCw3angBPqG7KeEBvlDwjoHEHAA8gPl9CNEr_:1w7adD:ORhDoT3JU0u4Jwxv5mM71eVK9CotCtCsoDGGmWuZ_OM', datetime.datetime(2026, 3, 31, 15, 13, 51, 430743, tzinfo=datetime.timezone.utc), '147qlgn9my4ww2uk493c1tv0exm1ugez'); alias=default
(0.027) COMMIT; args=None; alias=default
"GET /api/health/ HTTP/1.1" 200 16
(0.003) SELECT "django_session"."session_key", "django_session"."session_data", "django_session"."expire_date" FROM "django_session" WHERE ("django_session"."expire_date" > '2026-03-31T15:03:51.636406+00:00'::timestamptz AND "django_session"."session_key" = '147qlgn9my4ww2uk493c1tv0exm1ugez') LIMIT 21; args=(datetime.datetime(2026, 3, 31, 15, 3, 51, 636406, tzinfo=datetime.timezone.utc), '147qlgn9my4ww2uk493c1tv0exm1ugez'); alias=default
(0.002) SELECT "auth_user"."id", "auth_user"."password", "auth_user"."last_login", "auth_user"."is_superuser", "auth_user"."username", "auth_user"."first_name", "auth_user"."last_name", "auth_user"."email", "auth_user"."is_staff", "auth_user"."is_active", "auth_user"."date_joined" FROM "auth_user" WHERE "auth_user"."id" = 51 LIMIT 21; args=(51,); alias=default
(0.000) BEGIN; args=None; alias=default
(0.001) UPDATE "django_session" SET "session_data" = '.eJxVjjEPwiAUhP8Lq0oePIGW0d3NnTzKw1YbmpTWxfjfbRMXp0vuvrvcW1SudZhKePG8q_DqKAKtSx_WynMYkvDCKPFnRuqeXPYkPajcJ9lNZZmHKHdE_tIqr1Pi8fJj_wZ6qv3W7trc5BTjuUXMKVFs2EbnIGNrIqNVGYCVyrbpGnKtSVZr7TJQtBYp4TY6Ul1CZd6OCw3angBPqG7KeEBvlHRni-gOAB5AfL5CjUsF:1w7adD:jSNhG0op1YKKJkAhaOfdajGI7zXAiaKEXv_U3v3cUYI', "expire_date" = '2026-03-31T15:13:51.748618+00:00'::timestamptz WHERE "django_session"."session_key" = '147qlgn9my4ww2uk493c1tv0exm1ugez'; args=('.eJxVjjEPwiAUhP8Lq0oePIGW0d3NnTzKw1YbmpTWxfjfbRMXp0vuvrvcW1SudZhKePG8q_DqKAKtSx_WynMYkvDCKPFnRuqeXPYkPajcJ9lNZZmHKHdE_tIqr1Pi8fJj_wZ6qv3W7trc5BTjuUXMKVFs2EbnIGNrIqNVGYCVyrbpGnKtSVZr7TJQtBYp4TY6Ul1CZd6OCw3angBPqG7KeEBvlHRni-gOAB5AfL5CjUsF:1w7adD:jSNhG0op1YKKJkAhaOfdajGI7zXAiaKEXv_U3v3cUYI', datetime.datetime(2026, 3, 31, 15, 13, 51, 748618, tzinfo=datetime.timezone.utc), '147qlgn9my4ww2uk493c1tv0exm1ugez'); alias=default
(0.006) COMMIT; args=None; alias=default
"GET /api/csrf/ HTTP/1.1" 200 120
(0.002) SELECT "django_session"."session_key", "django_session"."session_data", "django_session"."expire_date" FROM "django_session" WHERE ("django_session"."expire_date" > '2026-03-31T15:03:51.779529+00:00'::timestamptz AND "django_session"."session_key" = '147qlgn9my4ww2uk493c1tv0exm1ugez') LIMIT 21; args=(datetime.datetime(2026, 3, 31, 15, 3, 51, 779529, tzinfo=datetime.timezone.utc), '147qlgn9my4ww2uk493c1tv0exm1ugez'); alias=default
(0.001) SELECT "auth_user"."id", "auth_user"."password", "auth_user"."last_login", "auth_user"."is_superuser", "auth_user"."username", "auth_user"."first_name", "auth_user"."last_name", "auth_user"."email", "auth_user"."is_staff", "auth_user"."is_active", "auth_user"."date_joined" FROM "auth_user" WHERE "auth_user"."id" = 51 LIMIT 21; args=(51,); alias=default
(0.000) BEGIN; args=None; alias=default
(0.002) UPDATE "django_session" SET "session_data" = '.eJxVjrEOwjAQQ_8lKxDd5UiaZmRnY48uzYUWUCs1hQXx77QSC5Ml-9nyW1WpdZjG-JJ5UxVwryI_lz4-q8xxyCooi-rPTNzdZdySfOPxOuluGpd5SHpD9C-t-jxleZx-7N9Az7Vf211bfMkpHVuikjMnLy41DRRqbRJyWAAEsTjfeW5am50xpinAyTniTOvog-sSq8h6XBkw7gB0ILygDUDBovZHh4Q7gACgPl9CT0r-:1w7adD:Pxj8a1YW3MtL7FWQ5mEfo0j4F-vigzG4FqfO4Dh5bfw', "expire_date" = '2026-03-31T15:13:51.847039+00:00'::timestamptz WHERE "django_session"."session_key" = '147qlgn9my4ww2uk493c1tv0exm1ugez'; args=('.eJxVjrEOwjAQQ_8lKxDd5UiaZmRnY48uzYUWUCs1hQXx77QSC5Ml-9nyW1WpdZjG-JJ5UxVwryI_lz4-q8xxyCooi-rPTNzdZdySfOPxOuluGpd5SHpD9C-t-jxleZx-7N9Az7Vf211bfMkpHVuikjMnLy41DRRqbRJyWAAEsTjfeW5am50xpinAyTniTOvog-sSq8h6XBkw7gB0ILygDUDBovZHh4Q7gACgPl9CT0r-:1w7adD:Pxj8a1YW3MtL7FWQ5mEfo0j4F-vigzG4FqfO4Dh5bfw', datetime.datetime(2026, 3, 31, 15, 13, 51, 847039, tzinfo=datetime.timezone.utc), '147qlgn9my4ww2uk493c1tv0exm1ugez'); alias=default
(0.019) COMMIT; args=None; alias=default
"GET /api/session/ HTTP/1.1" 200 144
(0.004) SELECT "django_session"."session_key", "django_session"."session_data", "django_session"."expire_date" FROM "django_session" WHERE ("django_session"."expire_date" > '2026-03-31T15:04:38.870081+00:00'::timestamptz AND "django_session"."session_key" = '147qlgn9my4ww2uk493c1tv0exm1ugez') LIMIT 21; args=(datetime.datetime(2026, 3, 31, 15, 4, 38, 870081, tzinfo=datetime.timezone.utc), '147qlgn9my4ww2uk493c1tv0exm1ugez'); alias=default
(0.009) SELECT "auth_user"."id", "auth_user"."password", "auth_user"."last_login", "auth_user"."is_superuser", "auth_user"."username", "auth_user"."first_name", "auth_user"."last_name", "auth_user"."email", "auth_user"."is_staff", "auth_user"."is_active", "auth_user"."date_joined" FROM "auth_user" WHERE "auth_user"."id" = 51 LIMIT 21; args=(51,); alias=default
(0.000) BEGIN; args=None; alias=default
(0.002) UPDATE "django_session" SET "session_data" = '.eJxVjjEPwiAUhP8Lq0oePEqB0d3NnTzKw1abNinVxfjfbRMXp0vuvrvcW1SudZin-OJlVxHUUUR6rn18Vl7ikEUQjRJ_ZqLuwdOe5DtNt1l287QuQ5I7In9plZc583j-sX8DPdV-a3e-uJJTMh6x5EzJsU1tCwV9kxitKgCsVLGuc9T6JlutdVuAkrVIGbfRkeoaK_N2XGjQ9gR4QnVVTQAT0ElvlDHmABAAxOcLQshLBw:1w7ady:VwpBfsTqaOFRx8AefzBWr1d1ynux_mdjWTWQwDy1LNg', "expire_date" = '2026-03-31T15:14:38.942443+00:00'::timestamptz WHERE "django_session"."session_key" = '147qlgn9my4ww2uk493c1tv0exm1ugez'; args=('.eJxVjjEPwiAUhP8Lq0oePEqB0d3NnTzKw1abNinVxfjfbRMXp0vuvrvcW1SudZin-OJlVxHUUUR6rn18Vl7ikEUQjRJ_ZqLuwdOe5DtNt1l287QuQ5I7In9plZc583j-sX8DPdV-a3e-uJJTMh6x5EzJsU1tCwV9kxitKgCsVLGuc9T6JlutdVuAkrVIGbfRkeoaK_N2XGjQ9gR4QnVVTQAT0ElvlDHmABAAxOcLQshLBw:1w7ady:VwpBfsTqaOFRx8AefzBWr1d1ynux_mdjWTWQwDy1LNg', datetime.datetime(2026, 3, 31, 15, 14, 38, 942443, tzinfo=datetime.timezone.utc), '147qlgn9my4ww2uk493c1tv0exm1ugez'); alias=default
(0.048) COMMIT; args=None; alias=default
"GET /api/session/ HTTP/1.1" 200 144
(0.003) SELECT "django_session"."session_key", "django_session"."session_data", "django_session"."expire_date" FROM "django_session" WHERE ("django_session"."expire_date" > '2026-03-31T15:04:50.917657+00:00'::timestamptz AND "django_session"."session_key" = '147qlgn9my4ww2uk493c1tv0exm1ugez') LIMIT 21; args=(datetime.datetime(2026, 3, 31, 15, 4, 50, 917657, tzinfo=datetime.timezone.utc), '147qlgn9my4ww2uk493c1tv0exm1ugez'); alias=default
(0.003) SELECT "auth_user"."id", "auth_user"."password", "auth_user"."last_login", "auth_user"."is_superuser", "auth_user"."username", "auth_user"."first_name", "auth_user"."last_name", "auth_user"."email", "auth_user"."is_staff", "auth_user"."is_active", "auth_user"."date_joined" FROM "auth_user" WHERE "auth_user"."id" = 51 LIMIT 21; args=(51,); alias=default
(0.000) BEGIN; args=None; alias=default
(0.001) UPDATE "django_session" SET "session_data" = '.eJxVjjEPgyAUhP8Layt5gKAwdu_WnTzkUW0NJqJdmv73auLidMndd5f7skKlDFP2H5p3ZU5cmcd16f1aaPZDZI5pwU5mwO5NeU_iC_Nz4t2Ul3kIfEf4kRZ-nyKNt4M9DfRY-q3d2dSmGEJtlUoxYmjJhKaBpKwOpIxIACREMm3XYmN1NFLKJgEGYxRGtY2OWBZfiLbjTII0FahKiYfQDmqngVtrtLYXAAfAfn9DKUsS:1w7aeA:4-3dVrIwNbscrqB76AY6c722JblDx1pd3gT4ShQESe4', "expire_date" = '2026-03-31T15:14:50.997604+00:00'::timestamptz WHERE "django_session"."session_key" = '147qlgn9my4ww2uk493c1tv0exm1ugez'; args=('.eJxVjjEPgyAUhP8Layt5gKAwdu_WnTzkUW0NJqJdmv73auLidMndd5f7skKlDFP2H5p3ZU5cmcd16f1aaPZDZI5pwU5mwO5NeU_iC_Nz4t2Ul3kIfEf4kRZ-nyKNt4M9DfRY-q3d2dSmGEJtlUoxYmjJhKaBpKwOpIxIACREMm3XYmN1NFLKJgEGYxRGtY2OWBZfiLbjTII0FahKiYfQDmqngVtrtLYXAAfAfn9DKUsS:1w7aeA:4-3dVrIwNbscrqB76AY6c722JblDx1pd3gT4ShQESe4', datetime.datetime(2026, 3, 31, 15, 14, 50, 997604, tzinfo=datetime.timezone.utc), '147qlgn9my4ww2uk493c1tv0exm1ugez'); alias=default
(0.021) COMMIT; args=None; alias=default
"GET /api/session/ HTTP/1.1" 200 144
(0.002) SELECT "django_session"."session_key", "django_session"."session_data", "django_session"."expire_date" FROM "django_session" WHERE ("django_session"."expire_date" > '2026-03-31T15:05:03.661739+00:00'::timestamptz AND "django_session"."session_key" = '147qlgn9my4ww2uk493c1tv0exm1ugez') LIMIT 21; args=(datetime.datetime(2026, 3, 31, 15, 5, 3, 661739, tzinfo=datetime.timezone.utc), '147qlgn9my4ww2uk493c1tv0exm1ugez'); alias=default
(0.001) SELECT "auth_user"."id", "auth_user"."password", "auth_user"."last_login", "auth_user"."is_superuser", "auth_user"."username", "auth_user"."first_name", "auth_user"."last_name", "auth_user"."email", "auth_user"."is_staff", "auth_user"."is_active", "auth_user"."date_joined" FROM "auth_user" WHERE "auth_user"."id" = 51 LIMIT 21; args=(51,); alias=default
(0.000) BEGIN; args=None; alias=default
(0.002) UPDATE "django_session" SET "session_data" = '.eJxVTssKgzAQ_JdcW8Mm2zz02HtvvYeN2VRbUTDaS-m_V8FLYWBgXsxHFC6ln8bw5nln0aizCLQuXVgLz6FPohFGiT8xUvvicXfSk8bHJNtpXOY-yj0iD7fI25R4uB7Zv4GOSre12zr7nGK81Ig5JYqebXQOMtYmMlqVAVipbH3rydUmWa21y0DRWqSE2-hAZQmFeTsuNGhbAVao7so0sAGl9c54dwJoAMT3B0L4Sw8:1w7aeN:zSzVTMUTyFfKIZo688fYclxp8oWt-Po6w59TvNcbl_s', "expire_date" = '2026-03-31T15:15:03.688312+00:00'::timestamptz WHERE "django_session"."session_key" = '147qlgn9my4ww2uk493c1tv0exm1ugez'; args=('.eJxVTssKgzAQ_JdcW8Mm2zz02HtvvYeN2VRbUTDaS-m_V8FLYWBgXsxHFC6ln8bw5nln0aizCLQuXVgLz6FPohFGiT8xUvvicXfSk8bHJNtpXOY-yj0iD7fI25R4uB7Zv4GOSre12zr7nGK81Ig5JYqebXQOMtYmMlqVAVipbH3rydUmWa21y0DRWqSE2-hAZQmFeTsuNGhbAVao7so0sAGl9c54dwJoAMT3B0L4Sw8:1w7aeN:zSzVTMUTyFfKIZo688fYclxp8oWt-Po6w59TvNcbl_s', datetime.datetime(2026, 3, 31, 15, 15, 3, 688312, tzinfo=datetime.timezone.utc), '147qlgn9my4ww2uk493c1tv0exm1ugez'); alias=default
(0.003) COMMIT; args=None; alias=default
"GET /api/session/ HTTP/1.1" 200 144
(0.003) SELECT "django_session"."session_key", "django_session"."session_data", "django_session"."expire_date" FROM "django_session" WHERE ("django_session"."expire_date" > '2026-03-31T15:05:16.852237+00:00'::timestamptz AND "django_session"."session_key" = '147qlgn9my4ww2uk493c1tv0exm1ugez') LIMIT 21; args=(datetime.datetime(2026, 3, 31, 15, 5, 16, 852237, tzinfo=datetime.timezone.utc), '147qlgn9my4ww2uk493c1tv0exm1ugez'); alias=default
(0.001) SELECT "auth_user"."id", "auth_user"."password", "auth_user"."last_login", "auth_user"."is_superuser", "auth_user"."username", "auth_user"."first_name", "auth_user"."last_name", "auth_user"."email", "auth_user"."is_staff", "auth_user"."is_active", "auth_user"."date_joined" FROM "auth_user" WHERE "auth_user"."id" = 51 LIMIT 21; args=(51,); alias=default
(0.000) BEGIN; args=None; alias=default
(0.026) UPDATE "django_session" SET "session_data" = '.eJxVjrEOwjAQQ_8lKxDd5UjSZmRnY48uzYUWUCs1hQXx77QSC5Ml-9nyW1WpdZjG-JJ5UxVwryI_lz4-q8xxyCooi-rPTNzdZdySfOPxOuluGpd5SHpD9C-t-jxleZx-7N9Az7Vf211bmpJTOrZEJWdOjbjkPRRqbRJyWAAEsbima9i3NjtjjC_AyTniTOvog-sSq8h6XBkw7gB0ILygDWADeg3gCM0OIACozxdB-Er3:1w7aeb:9tpGmcLb4G_IXO0EWmBKY98udYET87x8kPSsT0OofSM', "expire_date" = '2026-03-31T15:15:17.007201+00:00'::timestamptz WHERE "django_session"."session_key" = '147qlgn9my4ww2uk493c1tv0exm1ugez'; args=('.eJxVjrEOwjAQQ_8lKxDd5UjSZmRnY48uzYUWUCs1hQXx77QSC5Ml-9nyW1WpdZjG-JJ5UxVwryI_lz4-q8xxyCooi-rPTNzdZdySfOPxOuluGpd5SHpD9C-t-jxleZx-7N9Az7Vf211bmpJTOrZEJWdOjbjkPRRqbRJyWAAEsbima9i3NjtjjC_AyTniTOvog-sSq8h6XBkw7gB0ILygDWADeg3gCM0OIACozxdB-Er3:1w7aeb:9tpGmcLb4G_IXO0EWmBKY98udYET87x8kPSsT0OofSM', datetime.datetime(2026, 3, 31, 15, 15, 17, 7201, tzinfo=datetime.timezone.utc), '147qlgn9my4ww2uk493c1tv0exm1ugez'); alias=default
(0.006) COMMIT; args=None; alias=default
"GET /api/session/ HTTP/1.1" 200 144
(0.013) SELECT "django_session"."session_key", "django_session"."session_data", "django_session"."expire_date" FROM "django_session" WHERE ("django_session"."expire_date" > '2026-03-31T15:06:43.458620+00:00'::timestamptz AND "django_session"."session_key" = '147qlgn9my4ww2uk493c1tv0exm1ugez') LIMIT 21; args=(datetime.datetime(2026, 3, 31, 15, 6, 43, 458620, tzinfo=datetime.timezone.utc), '147qlgn9my4ww2uk493c1tv0exm1ugez'); alias=default
(0.001) SELECT "auth_user"."id", "auth_user"."password", "auth_user"."last_login", "auth_user"."is_superuser", "auth_user"."username", "auth_user"."first_name", "auth_user"."last_name", "auth_user"."email", "auth_user"."is_staff", "auth_user"."is_active", "auth_user"."date_joined" FROM "auth_user" WHERE "auth_user"."id" = 51 LIMIT 21; args=(51,); alias=default
(0.000) BEGIN; args=None; alias=default
(0.085) UPDATE "django_session" SET "session_data" = '.eJxVjr0OwjAQg98lKzS65JqfZmRnY48uzYUWUCs1hQXx7rQSC5Ml-7Plt6hc6zhP8cXLriKoo4j0XIf4rLzEMYsgjBJ_ZqL-ztOe5BtN11n287QuY5I7In9plec58-P0Y_8GBqrD1u674ktOqe0QS86UPNvkHBTsTGK0qgCwUsX63pPrTLZaa1eAkrVIGbfRB9U1VubtuNCgbQPYoLooE8CGFqUz3oE5AAQA8fkCQvZLCw:1w7afz:agXF5MIUuPOc0hWzogqrQOIVdNCVF_xTPcBoGflruFM', "expire_date" = '2026-03-31T15:16:43.759107+00:00'::timestamptz WHERE "django_session"."session_key" = '147qlgn9my4ww2uk493c1tv0exm1ugez'; args=('.eJxVjr0OwjAQg98lKzS65JqfZmRnY48uzYUWUCs1hQXx7rQSC5Ml-7Plt6hc6zhP8cXLriKoo4j0XIf4rLzEMYsgjBJ_ZqL-ztOe5BtN11n287QuY5I7In9plec58-P0Y_8GBqrD1u674ktOqe0QS86UPNvkHBTsTGK0qgCwUsX63pPrTLZaa1eAkrVIGbfRB9U1VubtuNCgbQPYoLooE8CGFqUz3oE5AAQA8fkCQvZLCw:1w7afz:agXF5MIUuPOc0hWzogqrQOIVdNCVF_xTPcBoGflruFM', datetime.datetime(2026, 3, 31, 15, 16, 43, 759107, tzinfo=datetime.timezone.utc), '147qlgn9my4ww2uk493c1tv0exm1ugez'); alias=default
(0.034) COMMIT; args=None; alias=default
"GET /api/health/ HTTP/1.1" 200 16
(0.006) SELECT "django_session"."session_key", "django_session"."session_data", "django_session"."expire_date" FROM "django_session" WHERE ("django_session"."expire_date" > '2026-03-31T15:06:44.583971+00:00'::timestamptz AND "django_session"."session_key" = '147qlgn9my4ww2uk493c1tv0exm1ugez') LIMIT 21; args=(datetime.datetime(2026, 3, 31, 15, 6, 44, 583971, tzinfo=datetime.timezone.utc), '147qlgn9my4ww2uk493c1tv0exm1ugez'); alias=default
(0.001) SELECT "auth_user"."id", "auth_user"."password", "auth_user"."last_login", "auth_user"."is_superuser", "auth_user"."username", "auth_user"."first_name", "auth_user"."last_name", "auth_user"."email", "auth_user"."is_staff", "auth_user"."is_active", "auth_user"."date_joined" FROM "auth_user" WHERE "auth_user"."id" = 51 LIMIT 21; args=(51,); alias=default
(0.000) BEGIN; args=None; alias=default
(0.001) UPDATE "django_session" SET "session_data" = '.eJxVjrEOgzAQQ_8la0t0SeAIGbt36x5dyKXQIpAIdKn67wWJhcmS_Wz5KzLn3E-j__C8q3DqKjytS-fXzLPvo3CiUuJkBmrfPO5JfNH4nGQ7jcvcB7kj8kizvE-Rh9vBngY6yt3WbptkUwyhbIxJMVKwjKGuIZmmCmxQJQBWKqFtLdVNFVFrXSeggGgomm10oLz4zLwdFxo0FmAKox6qcoCuLCUiKgsXAAcgfn9CzksH:1w7ag0:Ll1Y1U4cBpBZ98NVUYpFXelRyKjEvDhAHx2PXYIps3o', "expire_date" = '2026-03-31T15:16:44.667626+00:00'::timestamptz WHERE "django_session"."session_key" = '147qlgn9my4ww2uk493c1tv0exm1ugez'; args=('.eJxVjrEOgzAQQ_8la0t0SeAIGbt36x5dyKXQIpAIdKn67wWJhcmS_Wz5KzLn3E-j__C8q3DqKjytS-fXzLPvo3CiUuJkBmrfPO5JfNH4nGQ7jcvcB7kj8kizvE-Rh9vBngY6yt3WbptkUwyhbIxJMVKwjKGuIZmmCmxQJQBWKqFtLdVNFVFrXSeggGgomm10oLz4zLwdFxo0FmAKox6qcoCuLCUiKgsXAAcgfn9CzksH:1w7ag0:Ll1Y1U4cBpBZ98NVUYpFXelRyKjEvDhAHx2PXYIps3o', datetime.datetime(2026, 3, 31, 15, 16, 44, 667626, tzinfo=datetime.timezone.utc), '147qlgn9my4ww2uk493c1tv0exm1ugez'); alias=default
(0.014) COMMIT; args=None; alias=default
"GET /api/csrf/ HTTP/1.1" 200 120
(0.007) SELECT "django_session"."session_key", "django_session"."session_data", "django_session"."expire_date" FROM "django_session" WHERE ("django_session"."expire_date" > '2026-03-31T15:06:44.782542+00:00'::timestamptz AND "django_session"."session_key" = '147qlgn9my4ww2uk493c1tv0exm1ugez') LIMIT 21; args=(datetime.datetime(2026, 3, 31, 15, 6, 44, 782542, tzinfo=datetime.timezone.utc), '147qlgn9my4ww2uk493c1tv0exm1ugez'); alias=default
(0.007) SELECT "auth_user"."id", "auth_user"."password", "auth_user"."last_login", "auth_user"."is_superuser", "auth_user"."username", "auth_user"."first_name", "auth_user"."last_name", "auth_user"."email", "auth_user"."is_staff", "auth_user"."is_active", "auth_user"."date_joined" FROM "auth_user" WHERE "auth_user"."id" = 51 LIMIT 21; args=(51,); alias=default
(0.000) BEGIN; args=None; alias=default
(0.001) UPDATE "django_session" SET "session_data" = '.eJxVjjEPgjAUhP9LV7V5beHRdnR3c29e6augBBKKLsb_LiQsTJfcfXe5ryhcSj-N4cPzpsKrswj0XrrwLjyHPgkvaiUOZqT2xeOWpCeNj0m207jMfZQbIve0yNuUeLju7GGgo9Kt7dZlm1OMlTMmp0TRMsamgWxcHdmgygCsVEbbWmpcnVBr3WSgiGgomXV0oLKEwrweFxo0XsBcjLqr2gP6qpLWonJwAvAA4vcHQw5LDA:1w7ag0:g7kcDFKa8uMPPQ7K-JeExZZm2qlUoGyVAxkj4ABXpNE', "expire_date" = '2026-03-31T15:16:44.893818+00:00'::timestamptz WHERE "django_session"."session_key" = '147qlgn9my4ww2uk493c1tv0exm1ugez'; args=('.eJxVjjEPgjAUhP9LV7V5beHRdnR3c29e6augBBKKLsb_LiQsTJfcfXe5ryhcSj-N4cPzpsKrswj0XrrwLjyHPgkvaiUOZqT2xeOWpCeNj0m207jMfZQbIve0yNuUeLju7GGgo9Kt7dZlm1OMlTMmp0TRMsamgWxcHdmgygCsVEbbWmpcnVBr3WSgiGgomXV0oLKEwrweFxo0XsBcjLqr2gP6qpLWonJwAvAA4vcHQw5LDA:1w7ag0:g7kcDFKa8uMPPQ7K-JeExZZm2qlUoGyVAxkj4ABXpNE', datetime.datetime(2026, 3, 31, 15, 16, 44, 893818, tzinfo=datetime.timezone.utc), '147qlgn9my4ww2uk493c1tv0exm1ugez'); alias=default
(0.019) COMMIT; args=None; alias=default
"GET /api/session/ HTTP/1.1" 200 144
(0.017) SELECT "django_session"."session_key", "django_session"."session_data", "django_session"."expire_date" FROM "django_session" WHERE ("django_session"."expire_date" > '2026-03-31T15:08:31.847524+00:00'::timestamptz AND "django_session"."session_key" = '147qlgn9my4ww2uk493c1tv0exm1ugez') LIMIT 21; args=(datetime.datetime(2026, 3, 31, 15, 8, 31, 847524, tzinfo=datetime.timezone.utc), '147qlgn9my4ww2uk493c1tv0exm1ugez'); alias=default
(0.001) SELECT "auth_user"."id", "auth_user"."password", "auth_user"."last_login", "auth_user"."is_superuser", "auth_user"."username", "auth_user"."first_name", "auth_user"."last_name", "auth_user"."email", "auth_user"."is_staff", "auth_user"."is_active", "auth_user"."date_joined" FROM "auth_user" WHERE "auth_user"."id" = 51 LIMIT 21; args=(51,); alias=default
(0.000) BEGIN; args=None; alias=default
(0.001) UPDATE "django_session" SET "session_data" = '.eJxVjrEOwjAQQ_8lKxDd5WiaZGRnY48uzYUWUCs1hQXx77QSC5Ml-9nyW1WpdZjG-JJ5UxVwryI_lz4-q8xxyCqoBtWfmbi7y7gl-cbjddLdNC7zkPSG6F9a9XnK8jj92L-Bnmu_tjtfXMkpHT1RyZmTE5vaFgr5JglZLACCWKzrHLe-ydYY0xbgZC1xpnX0wXWJVWQ9rgwYewA6EF6wCeACofZ4JGt2AAFAfb5CmEsD:1w7ahj:NoeOoqLZbZ_BkGOcqK65JNTB4FSY1OnkJg7s0NU61Uw', "expire_date" = '2026-03-31T15:18:31.915185+00:00'::timestamptz WHERE "django_session"."session_key" = '147qlgn9my4ww2uk493c1tv0exm1ugez'; args=('.eJxVjrEOwjAQQ_8lKxDd5WiaZGRnY48uzYUWUCs1hQXx77QSC5Ml-9nyW1WpdZjG-JJ5UxVwryI_lz4-q8xxyCqoBtWfmbi7y7gl-cbjddLdNC7zkPSG6F9a9XnK8jj92L-Bnmu_tjtfXMkpHT1RyZmTE5vaFgr5JglZLACCWKzrHLe-ydYY0xbgZC1xpnX0wXWJVWQ9rgwYewA6EF6wCeACofZ4JGt2AAFAfb5CmEsD:1w7ahj:NoeOoqLZbZ_BkGOcqK65JNTB4FSY1OnkJg7s0NU61Uw', datetime.datetime(2026, 3, 31, 15, 18, 31, 915185, tzinfo=datetime.timezone.utc), '147qlgn9my4ww2uk493c1tv0exm1ugez'); alias=default
(0.048) COMMIT; args=None; alias=default
"GET /api/session/ HTTP/1.1" 200 144
(0.003) SELECT "django_session"."session_key", "django_session"."session_data", "django_session"."expire_date" FROM "django_session" WHERE ("django_session"."expire_date" > '2026-03-31T15:08:42.995054+00:00'::timestamptz AND "django_session"."session_key" = '147qlgn9my4ww2uk493c1tv0exm1ugez') LIMIT 21; args=(datetime.datetime(2026, 3, 31, 15, 8, 42, 995054, tzinfo=datetime.timezone.utc), '147qlgn9my4ww2uk493c1tv0exm1ugez'); alias=default
(0.001) SELECT "auth_user"."id", "auth_user"."password", "auth_user"."last_login", "auth_user"."is_superuser", "auth_user"."username", "auth_user"."first_name", "auth_user"."last_name", "auth_user"."email", "auth_user"."is_staff", "auth_user"."is_active", "auth_user"."date_joined" FROM "auth_user" WHERE "auth_user"."id" = 51 LIMIT 21; args=(51,); alias=default
(0.000) BEGIN; args=None; alias=default
(0.004) UPDATE "django_session" SET "session_data" = '.eJxVjrEOwjAQQ_8lKxBdcuSaZmRnY48uzYUWUCs1hQXx77QSC5Ml-9nyW1WpdZjG-JJ5UxXMXkV-Ln18VpnjkFVQzqg_M3F3l3FL8o3H66S7aVzmIekN0b-06vOU5XH6sX8DPdd-bXdt8SWndGwRS86cvFBqGijYuiRIpgCIMYV857lpXSZrbVOAExFyxnX0wXWJVWQ9rixYOgAe0FyMC-DDEbVBIkc7gACgPl9CxksI:1w7ahv:HwzRizqJzu0cmtp6QCfh5Om4LDQUsP9teqdu7_cp-j0', "expire_date" = '2026-03-31T15:18:43.137075+00:00'::timestamptz WHERE "django_session"."session_key" = '147qlgn9my4ww2uk493c1tv0exm1ugez'; args=('.eJxVjrEOwjAQQ_8lKxBdcuSaZmRnY48uzYUWUCs1hQXx77QSC5Ml-9nyW1WpdZjG-JJ5UxXMXkV-Ln18VpnjkFVQzqg_M3F3l3FL8o3H66S7aVzmIekN0b-06vOU5XH6sX8DPdd-bXdt8SWndGwRS86cvFBqGijYuiRIpgCIMYV857lpXSZrbVOAExFyxnX0wXWJVWQ9rixYOgAe0FyMC-DDEbVBIkc7gACgPl9CxksI:1w7ahv:HwzRizqJzu0cmtp6QCfh5Om4LDQUsP9teqdu7_cp-j0', datetime.datetime(2026, 3, 31, 15, 18, 43, 137075, tzinfo=datetime.timezone.utc), '147qlgn9my4ww2uk493c1tv0exm1ugez'); alias=default
(0.014) COMMIT; args=None; alias=default
"GET /api/health/ HTTP/1.1" 200 16
(0.002) SELECT "django_session"."session_key", "django_session"."session_data", "django_session"."expire_date" FROM "django_session" WHERE ("django_session"."expire_date" > '2026-03-31T15:08:43.271703+00:00'::timestamptz AND "django_session"."session_key" = '147qlgn9my4ww2uk493c1tv0exm1ugez') LIMIT 21; args=(datetime.datetime(2026, 3, 31, 15, 8, 43, 271703, tzinfo=datetime.timezone.utc), '147qlgn9my4ww2uk493c1tv0exm1ugez'); alias=default
(0.002) SELECT "auth_user"."id", "auth_user"."password", "auth_user"."last_login", "auth_user"."is_superuser", "auth_user"."username", "auth_user"."first_name", "auth_user"."last_name", "auth_user"."email", "auth_user"."is_staff", "auth_user"."is_active", "auth_user"."date_joined" FROM "auth_user" WHERE "auth_user"."id" = 51 LIMIT 21; args=(51,); alias=default
(0.000) BEGIN; args=None; alias=default
(0.002) UPDATE "django_session" SET "session_data" = '.eJxVjr0OwjAQg98lKzS65JqfZmRnY48uzYUWUCs1hQXx7rQSC5Ml-7Plt6hc6zhP8cXLriKoo4j0XIf4rLzEMYsgjBJ_ZqL-ztOe5BtN11n287QuY5I7In9plec58-P0Y_8GBqrD1u674ktOqe0QS86UPNvkHBTsTGK0qgCwUsX63pPrTLZaa1eAkrVIGbfRB9U1VubtuNCgbQPYoLooE8CHFiV6Z4w9AAQA8fkCQyRLDw:1w7ahv:HZEP62n4NV1fIzOgimucCVOgWP6X7fxNvJeXCaWS_xo', "expire_date" = '2026-03-31T15:18:43.388613+00:00'::timestamptz WHERE "django_session"."session_key" = '147qlgn9my4ww2uk493c1tv0exm1ugez'; args=('.eJxVjr0OwjAQg98lKzS65JqfZmRnY48uzYUWUCs1hQXx7rQSC5Ml-7Plt6hc6zhP8cXLriKoo4j0XIf4rLzEMYsgjBJ_ZqL-ztOe5BtN11n287QuY5I7In9plec58-P0Y_8GBqrD1u674ktOqe0QS86UPNvkHBTsTGK0qgCwUsX63pPrTLZaa1eAkrVIGbfRB9U1VubtuNCgbQPYoLooE8CHFiV6Z4w9AAQA8fkCQyRLDw:1w7ahv:HZEP62n4NV1fIzOgimucCVOgWP6X7fxNvJeXCaWS_xo', datetime.datetime(2026, 3, 31, 15, 18, 43, 388613, tzinfo=datetime.timezone.utc), '147qlgn9my4ww2uk493c1tv0exm1ugez'); alias=default
(0.003) COMMIT; args=None; alias=default
"GET /api/csrf/ HTTP/1.1" 200 120
(0.003) SELECT "django_session"."session_key", "django_session"."session_data", "django_session"."expire_date" FROM "django_session" WHERE ("django_session"."expire_date" > '2026-03-31T15:08:43.412725+00:00'::timestamptz AND "django_session"."session_key" = '147qlgn9my4ww2uk493c1tv0exm1ugez') LIMIT 21; args=(datetime.datetime(2026, 3, 31, 15, 8, 43, 412725, tzinfo=datetime.timezone.utc), '147qlgn9my4ww2uk493c1tv0exm1ugez'); alias=default
(0.001) SELECT "auth_user"."id", "auth_user"."password", "auth_user"."last_login", "auth_user"."is_superuser", "auth_user"."username", "auth_user"."first_name", "auth_user"."last_name", "auth_user"."email", "auth_user"."is_staff", "auth_user"."is_active", "auth_user"."date_joined" FROM "auth_user" WHERE "auth_user"."id" = 51 LIMIT 21; args=(51,); alias=default
(0.000) BEGIN; args=None; alias=default
(0.001) UPDATE "django_session" SET "session_data" = '.eJxVjjEPwiAUhP8Lq0oevEKB0d3NnTzKw1abNinVxfjfbRMXp0vuvrvcW1SudZin-OJlVxHUUUR6rn18Vl7ikEUQRok_M1H34GlP8p2m2yy7eVqXIckdkb-0ysuceTz_2L-Bnmq_tTtfXMkpNR6x5EzJsU1tCwW9SYxWFQBWqljXOWq9yVZr3RagZC1Sxm10pLrGyrwdFxq0PQGeUF2VCeBCg7Ix2oM9AAQA8fkCQslLBw:1w7ahv:_5xbAWN1hvwW5gl7SRtvqyfYhj-EOmJ6y5M9MV6iSp0', "expire_date" = '2026-03-31T15:18:43.453448+00:00'::timestamptz WHERE "django_session"."session_key" = '147qlgn9my4ww2uk493c1tv0exm1ugez'; args=('.eJxVjjEPwiAUhP8Lq0oevEKB0d3NnTzKw1abNinVxfjfbRMXp0vuvrvcW1SudZin-OJlVxHUUUR6rn18Vl7ikEUQRok_M1H34GlP8p2m2yy7eVqXIckdkb-0ysuceTz_2L-Bnmq_tTtfXMkpNR6x5EzJsU1tCwW9SYxWFQBWqljXOWq9yVZr3RagZC1Sxm10pLrGyrwdFxq0PQGeUF2VCeBCg7Ix2oM9AAQA8fkCQslLBw:1w7ahv:_5xbAWN1hvwW5gl7SRtvqyfYhj-EOmJ6y5M9MV6iSp0', datetime.datetime(2026, 3, 31, 15, 18, 43, 453448, tzinfo=datetime.timezone.utc), '147qlgn9my4ww2uk493c1tv0exm1ugez'); alias=default
(0.003) COMMIT; args=None; alias=default
"GET /api/session/ HTTP/1.1" 200 144
(0.002) SELECT "django_session"."session_key", "django_session"."session_data", "django_session"."expire_date" FROM "django_session" WHERE ("django_session"."expire_date" > '2026-03-31T15:08:50.416494+00:00'::timestamptz AND "django_session"."session_key" = '147qlgn9my4ww2uk493c1tv0exm1ugez') LIMIT 21; args=(datetime.datetime(2026, 3, 31, 15, 8, 50, 416494, tzinfo=datetime.timezone.utc), '147qlgn9my4ww2uk493c1tv0exm1ugez'); alias=default
(0.001) SELECT "auth_user"."id", "auth_user"."password", "auth_user"."last_login", "auth_user"."is_superuser", "auth_user"."username", "auth_user"."first_name", "auth_user"."last_name", "auth_user"."email", "auth_user"."is_staff", "auth_user"."is_active", "auth_user"."date_joined" FROM "auth_user" WHERE "auth_user"."id" = 51 LIMIT 21; args=(51,); alias=default
(0.000) BEGIN; args=None; alias=default
(0.001) UPDATE "django_session" SET "session_data" = '.eJxVjjEPgyAUhP8Layt5gCAydu_WnTzkUW0NJqJdmv73auLidMndd5f7skKlDFP2H5p3ZU5cmcd16f1aaPZDZI5pwU5mwO5NeU_iC_Nz4t2Ul3kIfEf4kRZ-nyKNt4M9DfRY-q3dtcmmGELdKpVixGDJhKaBpFodSBmRAEiIZGxnsWl1NFLKJgEGYxRGtY2OWBZfiLbjTII0FahKiYfQDqzTwOvaQK0vAA6A_f5CiUsC:1w7ai2:gyQqzlr_syNlrRZv74ZhQH_EkrKI2ZmyelWCvHOIsLg', "expire_date" = '2026-03-31T15:18:50.446807+00:00'::timestamptz WHERE "django_session"."session_key" = '147qlgn9my4ww2uk493c1tv0exm1ugez'; args=('.eJxVjjEPgyAUhP8Layt5gCAydu_WnTzkUW0NJqJdmv73auLidMndd5f7skKlDFP2H5p3ZU5cmcd16f1aaPZDZI5pwU5mwO5NeU_iC_Nz4t2Ul3kIfEf4kRZ-nyKNt4M9DfRY-q3dtcmmGELdKpVixGDJhKaBpFodSBmRAEiIZGxnsWl1NFLKJgEGYxRGtY2OWBZfiLbjTII0FahKiYfQDqzTwOvaQK0vAA6A_f5CiUsC:1w7ai2:gyQqzlr_syNlrRZv74ZhQH_EkrKI2ZmyelWCvHOIsLg', datetime.datetime(2026, 3, 31, 15, 18, 50, 446807, tzinfo=datetime.timezone.utc), '147qlgn9my4ww2uk493c1tv0exm1ugez'); alias=default
(0.003) COMMIT; args=None; alias=default
"GET /api/session/ HTTP/1.1" 200 144
(0.012) SELECT "django_session"."session_key", "django_session"."session_data", "django_session"."expire_date" FROM "django_session" WHERE ("django_session"."expire_date" > '2026-03-31T15:10:29.190329+00:00'::timestamptz AND "django_session"."session_key" = '147qlgn9my4ww2uk493c1tv0exm1ugez') LIMIT 21; args=(datetime.datetime(2026, 3, 31, 15, 10, 29, 190329, tzinfo=datetime.timezone.utc), '147qlgn9my4ww2uk493c1tv0exm1ugez'); alias=default
(0.001) SELECT "auth_user"."id", "auth_user"."password", "auth_user"."last_login", "auth_user"."is_superuser", "auth_user"."username", "auth_user"."first_name", "auth_user"."last_name", "auth_user"."email", "auth_user"."is_staff", "auth_user"."is_active", "auth_user"."date_joined" FROM "auth_user" WHERE "auth_user"."id" = 51 LIMIT 21; args=(51,); alias=default
(0.000) BEGIN; args=None; alias=default
(0.001) UPDATE "django_session" SET "session_data" = '.eJxVjrEOgzAQQ_8la0t0SeAgGbt36x5dyKXQIpAIdKn67wWJhcmS_Wz5KzLn3E-j__C8q3DqKjytS-fXzLPvo3CiUuJkBmrfPO5JfNH4nGQ7jcvcB7kj8kizvE-Rh9vBngY6yt3Wbm1qUgyhtMakGCk0jKGuIRlbBTaoEgArlbBpG6ptFVFrXSeggGgomm10oLz4zLwdFxo0FmAKox6qcgqctlKXiBovAA5A_P5CfUsE:1w7ajd:dVRGdFUrCR3ADhyZF3MwSbmDYvgl-eKnG6j_e9wCQkU', "expire_date" = '2026-03-31T15:20:29.247583+00:00'::timestamptz WHERE "django_session"."session_key" = '147qlgn9my4ww2uk493c1tv0exm1ugez'; args=('.eJxVjrEOgzAQQ_8la0t0SeAgGbt36x5dyKXQIpAIdKn67wWJhcmS_Wz5KzLn3E-j__C8q3DqKjytS-fXzLPvo3CiUuJkBmrfPO5JfNH4nGQ7jcvcB7kj8kizvE-Rh9vBngY6yt3Wbm1qUgyhtMakGCk0jKGuIRlbBTaoEgArlbBpG6ptFVFrXSeggGgomm10oLz4zLwdFxo0FmAKox6qcgqctlKXiBovAA5A_P5CfUsE:1w7ajd:dVRGdFUrCR3ADhyZF3MwSbmDYvgl-eKnG6j_e9wCQkU', datetime.datetime(2026, 3, 31, 15, 20, 29, 247583, tzinfo=datetime.timezone.utc), '147qlgn9my4ww2uk493c1tv0exm1ugez'); alias=default
(0.010) COMMIT; args=None; alias=default
"GET /api/session/ HTTP/1.1" 200 144
(0.003) SELECT "django_session"."session_key", "django_session"."session_data", "django_session"."expire_date" FROM "django_session" WHERE ("django_session"."expire_date" > '2026-03-31T15:11:03.379463+00:00'::timestamptz AND "django_session"."session_key" = '147qlgn9my4ww2uk493c1tv0exm1ugez') LIMIT 21; args=(datetime.datetime(2026, 3, 31, 15, 11, 3, 379463, tzinfo=datetime.timezone.utc), '147qlgn9my4ww2uk493c1tv0exm1ugez'); alias=default
(0.004) SELECT "auth_user"."id", "auth_user"."password", "auth_user"."last_login", "auth_user"."is_superuser", "auth_user"."username", "auth_user"."first_name", "auth_user"."last_name", "auth_user"."email", "auth_user"."is_staff", "auth_user"."is_active", "auth_user"."date_joined" FROM "auth_user" WHERE "auth_user"."id" = 51 LIMIT 21; args=(51,); alias=default
(0.000) BEGIN; args=None; alias=default
(0.002) UPDATE "django_session" SET "session_data" = '.eJxVjrEOwjAQQ_8lKxDd5UjaZGRnY48uzYUWUCs1hQXx77QSC5Ml-9nyW1WpdZjG-JJ5UxVwryI_lz4-q8xxyCooi-rPTNzdZdySfOPxOuluGpd5SHpD9C-t-jxleZx-7N9Az7Vf250vbckpHT1RyZlTKy41DRTyNgk5LACCWFzbtdx4m50xpinAyTniTOvog-sSq8h6XBkw7gB0ILygDYgBSFuyxtsdQABQny9CMEsA:1w7akB:QU6PlCpZDo7P9S8K-L-YYac3xwCCh1WvWflhCfXJoJk', "expire_date" = '2026-03-31T15:21:03.536221+00:00'::timestamptz WHERE "django_session"."session_key" = '147qlgn9my4ww2uk493c1tv0exm1ugez'; args=('.eJxVjrEOwjAQQ_8lKxDd5UjaZGRnY48uzYUWUCs1hQXx77QSC5Ml-9nyW1WpdZjG-JJ5UxVwryI_lz4-q8xxyCooi-rPTNzdZdySfOPxOuluGpd5SHpD9C-t-jxleZx-7N9Az7Vf250vbckpHT1RyZlTKy41DRTyNgk5LACCWFzbtdx4m50xpinAyTniTOvog-sSq8h6XBkw7gB0ILygDYgBSFuyxtsdQABQny9CMEsA:1w7akB:QU6PlCpZDo7P9S8K-L-YYac3xwCCh1WvWflhCfXJoJk', datetime.datetime(2026, 3, 31, 15, 21, 3, 536221, tzinfo=datetime.timezone.utc), '147qlgn9my4ww2uk493c1tv0exm1ugez'); alias=default
(0.023) COMMIT; args=None; alias=default
"GET /api/session/ HTTP/1.1" 200 144
(0.003) SELECT "django_session"."session_key", "django_session"."session_data", "django_session"."expire_date" FROM "django_session" WHERE ("django_session"."expire_date" > '2026-03-31T15:11:24.342671+00:00'::timestamptz AND "django_session"."session_key" = '147qlgn9my4ww2uk493c1tv0exm1ugez') LIMIT 21; args=(datetime.datetime(2026, 3, 31, 15, 11, 24, 342671, tzinfo=datetime.timezone.utc), '147qlgn9my4ww2uk493c1tv0exm1ugez'); alias=default
(0.001) SELECT "auth_user"."id", "auth_user"."password", "auth_user"."last_login", "auth_user"."is_superuser", "auth_user"."username", "auth_user"."first_name", "auth_user"."last_name", "auth_user"."email", "auth_user"."is_staff", "auth_user"."is_active", "auth_user"."date_joined" FROM "auth_user" WHERE "auth_user"."id" = 51 LIMIT 21; args=(51,); alias=default
(0.000) BEGIN; args=None; alias=default
(0.014) UPDATE "django_session" SET "session_data" = '.eJxVjr0OwjAQg98lKxDdJW3-RnY29ujSXGihaqWmsCDenVZiYbJkf7b8FpVrHeYpvnjZVQQ8ikjPtY_PykscsgiiRfFnJuoePO1JvtN0m2U3T-syJLkj8pdWeZkzj-cf-zfQU-23dueLKzmlxmtdcqbk2CRroWjfJtYGCwAjFuM6R9a32SilbAFKxmjKehsdqa6xMm_HhQJlTqBPGq_YBsSgGtmgt84eAAKA-HwBQqlLCg:1w7akW:gULllqVHYzxD-hM32jUghn6G5bZ_U-Psbr5makBGSt0', "expire_date" = '2026-03-31T15:21:24.420683+00:00'::timestamptz WHERE "django_session"."session_key" = '147qlgn9my4ww2uk493c1tv0exm1ugez'; args=('.eJxVjr0OwjAQg98lKxDdJW3-RnY29ujSXGihaqWmsCDenVZiYbJkf7b8FpVrHeYpvnjZVQQ8ikjPtY_PykscsgiiRfFnJuoePO1JvtN0m2U3T-syJLkj8pdWeZkzj-cf-zfQU-23dueLKzmlxmtdcqbk2CRroWjfJtYGCwAjFuM6R9a32SilbAFKxmjKehsdqa6xMm_HhQJlTqBPGq_YBsSgGtmgt84eAAKA-HwBQqlLCg:1w7akW:gULllqVHYzxD-hM32jUghn6G5bZ_U-Psbr5makBGSt0', datetime.datetime(2026, 3, 31, 15, 21, 24, 420683, tzinfo=datetime.timezone.utc), '147qlgn9my4ww2uk493c1tv0exm1ugez'); alias=default
(0.014) COMMIT; args=None; alias=default
"GET /api/session/ HTTP/1.1" 200 144
(0.007) SELECT "django_session"."session_key", "django_session"."session_data", "django_session"."expire_date" FROM "django_session" WHERE ("django_session"."expire_date" > '2026-03-31T15:11:39.647310+00:00'::timestamptz AND "django_session"."session_key" = '147qlgn9my4ww2uk493c1tv0exm1ugez') LIMIT 21; args=(datetime.datetime(2026, 3, 31, 15, 11, 39, 647310, tzinfo=datetime.timezone.utc), '147qlgn9my4ww2uk493c1tv0exm1ugez'); alias=default
(0.001) SELECT "auth_user"."id", "auth_user"."password", "auth_user"."last_login", "auth_user"."is_superuser", "auth_user"."username", "auth_user"."first_name", "auth_user"."last_name", "auth_user"."email", "auth_user"."is_staff", "auth_user"."is_active", "auth_user"."date_joined" FROM "auth_user" WHERE "auth_user"."id" = 51 LIMIT 21; args=(51,); alias=default
(0.000) BEGIN; args=None; alias=default
(0.005) UPDATE "django_session" SET "session_data" = '.eJxVjr1uwzAQg99FaxrhThf9jtm7dRdO1il2GtiA5XQp-u61gSyZCJAfCf6qLr1Py5x_ZD1UJfxQmZ_bmJ9d1jxVlZRF9WYWHr5lPpJ65_m26GGZt3Uq-kD0K-36c6nyuL7Yt4GR-7i3h9hCq6VcIlGrlUsQV7yHRtEWIYcNQBCbC0NgH211xhjfgItzxJX20Qf3LXeR_bgyYNwZ6Ez4hTYhJoraGxfIngASgPr7B0LkSws:1w7akl:6jn04DP69RCA7v07ikVOlYbMlk0RaE0nzZWHkRODllY', "expire_date" = '2026-03-31T15:21:39.727797+00:00'::timestamptz WHERE "django_session"."session_key" = '147qlgn9my4ww2uk493c1tv0exm1ugez'; args=('.eJxVjr1uwzAQg99FaxrhThf9jtm7dRdO1il2GtiA5XQp-u61gSyZCJAfCf6qLr1Py5x_ZD1UJfxQmZ_bmJ9d1jxVlZRF9WYWHr5lPpJ65_m26GGZt3Uq-kD0K-36c6nyuL7Yt4GR-7i3h9hCq6VcIlGrlUsQV7yHRtEWIYcNQBCbC0NgH211xhjfgItzxJX20Qf3LXeR_bgyYNwZ6Ez4hTYhJoraGxfIngASgPr7B0LkSws:1w7akl:6jn04DP69RCA7v07ikVOlYbMlk0RaE0nzZWHkRODllY', datetime.datetime(2026, 3, 31, 15, 21, 39, 727797, tzinfo=datetime.timezone.utc), '147qlgn9my4ww2uk493c1tv0exm1ugez'); alias=default
(0.011) COMMIT; args=None; alias=default
"GET /api/session/ HTTP/1.1" 200 144
(0.006) SELECT "django_session"."session_key", "django_session"."session_data", "django_session"."expire_date" FROM "django_session" WHERE ("django_session"."expire_date" > '2026-03-31T15:12:23.186576+00:00'::timestamptz AND "django_session"."session_key" = '147qlgn9my4ww2uk493c1tv0exm1ugez') LIMIT 21; args=(datetime.datetime(2026, 3, 31, 15, 12, 23, 186576, tzinfo=datetime.timezone.utc), '147qlgn9my4ww2uk493c1tv0exm1ugez'); alias=default
(0.002) SELECT "auth_user"."id", "auth_user"."password", "auth_user"."last_login", "auth_user"."is_superuser", "auth_user"."username", "auth_user"."first_name", "auth_user"."last_name", "auth_user"."email", "auth_user"."is_staff", "auth_user"."is_active", "auth_user"."date_joined" FROM "auth_user" WHERE "auth_user"."id" = 51 LIMIT 21; args=(51,); alias=default
(0.000) BEGIN; args=None; alias=default
(0.001) UPDATE "django_session" SET "session_data" = '.eJxVjrEOwjAQQ_8lKzS63JG0zcjOxh5dmgstoFZqCgvi32mlLkyW7GfLH1WklGEaw1vmTZU3RxX4tfThVWQOQ1JeWaP-zMjdQ8YtSXceb5PupnGZh6g3RO9p0ZcpyfO8s38DPZd-bXdtbnKK8dQS5ZQ4NuJiXUOm1kYhZzKAGJNd0zVctzY5RKwzcHSOONE6-uSyhCKyHlcI6CqgiszVWG_QI2m0gAAHAA-gvj9Bkkrv:1w7alT:QczRr_jnB62LXjwev5rGy9j04LVG819-oIeWYuXRH38', "expire_date" = '2026-03-31T15:22:23.251095+00:00'::timestamptz WHERE "django_session"."session_key" = '147qlgn9my4ww2uk493c1tv0exm1ugez'; args=('.eJxVjrEOwjAQQ_8lKzS63JG0zcjOxh5dmgstoFZqCgvi32mlLkyW7GfLH1WklGEaw1vmTZU3RxX4tfThVWQOQ1JeWaP-zMjdQ8YtSXceb5PupnGZh6g3RO9p0ZcpyfO8s38DPZd-bXdtbnKK8dQS5ZQ4NuJiXUOm1kYhZzKAGJNd0zVctzY5RKwzcHSOONE6-uSyhCKyHlcI6CqgiszVWG_QI2m0gAAHAA-gvj9Bkkrv:1w7alT:QczRr_jnB62LXjwev5rGy9j04LVG819-oIeWYuXRH38', datetime.datetime(2026, 3, 31, 15, 22, 23, 251095, tzinfo=datetime.timezone.utc), '147qlgn9my4ww2uk493c1tv0exm1ugez'); alias=default
(0.252) COMMIT; args=None; alias=default
"GET /api/session/ HTTP/1.1" 200 144
(0.003) SELECT "django_session"."session_key", "django_session"."session_data", "django_session"."expire_date" FROM "django_session" WHERE ("django_session"."expire_date" > '2026-03-31T15:12:39.162725+00:00'::timestamptz AND "django_session"."session_key" = '147qlgn9my4ww2uk493c1tv0exm1ugez') LIMIT 21; args=(datetime.datetime(2026, 3, 31, 15, 12, 39, 162725, tzinfo=datetime.timezone.utc), '147qlgn9my4ww2uk493c1tv0exm1ugez'); alias=default
(0.001) SELECT "auth_user"."id", "auth_user"."password", "auth_user"."last_login", "auth_user"."is_superuser", "auth_user"."username", "auth_user"."first_name", "auth_user"."last_name", "auth_user"."email", "auth_user"."is_staff", "auth_user"."is_active", "auth_user"."date_joined" FROM "auth_user" WHERE "auth_user"."id" = 51 LIMIT 21; args=(51,); alias=default
(0.000) BEGIN; args=None; alias=default
(0.004) UPDATE "django_session" SET "session_data" = '.eJxVjrEOwjAQQ_8lKzS6y9G0ycjOxh5dmgstoFZqCgvi32mlLkyW7GfLH1WklGEaw1vmTZXHowr8WvrwKjKHISmvalR_ZuTuIeOWpDuPt0l307jMQ9Qbove06MuU5Hne2b-Bnku_tjuX25xiPDminBLHVmxsGsjk6ihkMQMIYrZt13Lj6mSNMU0GjtYSJ1pHn1yWUETW48qAsRVQRXjF2qPx5LRBQusOAB5AfX9CdUsD:1w7alj:Gvtp4kiW5KpPE3bfMOyIzCsCnPv1n0Ae7rkodONOKSY', "expire_date" = '2026-03-31T15:22:39.214108+00:00'::timestamptz WHERE "django_session"."session_key" = '147qlgn9my4ww2uk493c1tv0exm1ugez'; args=('.eJxVjrEOwjAQQ_8lKzS6y9G0ycjOxh5dmgstoFZqCgvi32mlLkyW7GfLH1WklGEaw1vmTZXHowr8WvrwKjKHISmvalR_ZuTuIeOWpDuPt0l307jMQ9Qbove06MuU5Hne2b-Bnku_tjuX25xiPDminBLHVmxsGsjk6ihkMQMIYrZt13Lj6mSNMU0GjtYSJ1pHn1yWUETW48qAsRVQRXjF2qPx5LRBQusOAB5AfX9CdUsD:1w7alj:Gvtp4kiW5KpPE3bfMOyIzCsCnPv1n0Ae7rkodONOKSY', datetime.datetime(2026, 3, 31, 15, 22, 39, 214108, tzinfo=datetime.timezone.utc), '147qlgn9my4ww2uk493c1tv0exm1ugez'); alias=default
(0.120) COMMIT; args=None; alias=default
"GET /api/session/ HTTP/1.1" 200 144
(0.003) SELECT "django_session"."session_key", "django_session"."session_data", "django_session"."expire_date" FROM "django_session" WHERE ("django_session"."expire_date" > '2026-03-31T15:12:43.123106+00:00'::timestamptz AND "django_session"."session_key" = '147qlgn9my4ww2uk493c1tv0exm1ugez') LIMIT 21; args=(datetime.datetime(2026, 3, 31, 15, 12, 43, 123106, tzinfo=datetime.timezone.utc), '147qlgn9my4ww2uk493c1tv0exm1ugez'); alias=default
(0.001) SELECT "auth_user"."id", "auth_user"."password", "auth_user"."last_login", "auth_user"."is_superuser", "auth_user"."username", "auth_user"."first_name", "auth_user"."last_name", "auth_user"."email", "auth_user"."is_staff", "auth_user"."is_active", "auth_user"."date_joined" FROM "auth_user" WHERE "auth_user"."id" = 51 LIMIT 21; args=(51,); alias=default
(0.000) BEGIN; args=None; alias=default
(0.006) UPDATE "django_session" SET "session_data" = '.eJxVjrEOwjAQQ_8lKxDd5Zq0zcjOxh5dmgstVK3UFBbEv9NKLEyW7GfLb1WklGGewkuWXZXHowr8XPvwLLKEISmvLKo_M3L3kGlP0p2n26y7eVqXIeod0b-06MucZDz_2L-Bnku_tbs2NznFWLVEOSWOjbhY15CptVHIYQYQxOyaruG6tckZY-oMHJ0jTrSNjlzWUES248qAcSegE-EVrUfjK9LGYlXhAcADqM8XQgdK-Q:1w7aln:xhvant0PsM-7SgUtAeZ7pGnLyY4OvQKS1Dbn-AhzVkw', "expire_date" = '2026-03-31T15:22:43.251900+00:00'::timestamptz WHERE "django_session"."session_key" = '147qlgn9my4ww2uk493c1tv0exm1ugez'; args=('.eJxVjrEOwjAQQ_8lKxDd5Zq0zcjOxh5dmgstVK3UFBbEv9NKLEyW7GfLb1WklGGewkuWXZXHowr8XPvwLLKEISmvLKo_M3L3kGlP0p2n26y7eVqXIeod0b-06MucZDz_2L-Bnku_tbs2NznFWLVEOSWOjbhY15CptVHIYQYQxOyaruG6tckZY-oMHJ0jTrSNjlzWUES248qAcSegE-EVrUfjK9LGYlXhAcADqM8XQgdK-Q:1w7aln:xhvant0PsM-7SgUtAeZ7pGnLyY4OvQKS1Dbn-AhzVkw', datetime.datetime(2026, 3, 31, 15, 22, 43, 251900, tzinfo=datetime.timezone.utc), '147qlgn9my4ww2uk493c1tv0exm1ugez'); alias=default
(0.046) COMMIT; args=None; alias=default
"GET /api/health/ HTTP/1.1" 200 16
(0.003) SELECT "django_session"."session_key", "django_session"."session_data", "django_session"."expire_date" FROM "django_session" WHERE ("django_session"."expire_date" > '2026-03-31T15:12:43.461901+00:00'::timestamptz AND "django_session"."session_key" = '147qlgn9my4ww2uk493c1tv0exm1ugez') LIMIT 21; args=(datetime.datetime(2026, 3, 31, 15, 12, 43, 461901, tzinfo=datetime.timezone.utc), '147qlgn9my4ww2uk493c1tv0exm1ugez'); alias=default
(0.001) SELECT "auth_user"."id", "auth_user"."password", "auth_user"."last_login", "auth_user"."is_superuser", "auth_user"."username", "auth_user"."first_name", "auth_user"."last_name", "auth_user"."email", "auth_user"."is_staff", "auth_user"."is_active", "auth_user"."date_joined" FROM "auth_user" WHERE "auth_user"."id" = 51 LIMIT 21; args=(51,); alias=default
(0.000) BEGIN; args=None; alias=default
(0.001) UPDATE "django_session" SET "session_data" = '.eJxVjrEOwjAQQ_8lKxDd5UjaZGRnY48uzYUWUCs1hQXx77QSC5Ml-9nyW1WpdZjG-JJ5UxVwryI_lz4-q8xxyCooi-rPTNzdZdySfOPxOuluGpd5SHpD9C-t-jxleZx-7N9Az7Vf250vbckpHT1RyZlTKy41DRTyNgk5LACCWFzbtdx4m50xpinAyTniTOvog-sSq8h6XBkw7gB0ILygDWjCkbQ1Do3fAQQA9fkCQllLAQ:1w7aln:7xv-fNtbvy8ZxDc6NiA6lXCK_3s-4UqPx-eVYoqlv2I', "expire_date" = '2026-03-31T15:22:43.536241+00:00'::timestamptz WHERE "django_session"."session_key" = '147qlgn9my4ww2uk493c1tv0exm1ugez'; args=('.eJxVjrEOwjAQQ_8lKxDd5UjaZGRnY48uzYUWUCs1hQXx77QSC5Ml-9nyW1WpdZjG-JJ5UxVwryI_lz4-q8xxyCooi-rPTNzdZdySfOPxOuluGpd5SHpD9C-t-jxleZx-7N9Az7Vf250vbckpHT1RyZlTKy41DRTyNgk5LACCWFzbtdx4m50xpinAyTniTOvog-sSq8h6XBkw7gB0ILygDWjCkbQ1Do3fAQQA9fkCQllLAQ:1w7aln:7xv-fNtbvy8ZxDc6NiA6lXCK_3s-4UqPx-eVYoqlv2I', datetime.datetime(2026, 3, 31, 15, 22, 43, 536241, tzinfo=datetime.timezone.utc), '147qlgn9my4ww2uk493c1tv0exm1ugez'); alias=default
(0.117) COMMIT; args=None; alias=default
"GET /api/csrf/ HTTP/1.1" 200 120
(0.004) SELECT "django_session"."session_key", "django_session"."session_data", "django_session"."expire_date" FROM "django_session" WHERE ("django_session"."expire_date" > '2026-03-31T15:12:43.680834+00:00'::timestamptz AND "django_session"."session_key" = '147qlgn9my4ww2uk493c1tv0exm1ugez') LIMIT 21; args=(datetime.datetime(2026, 3, 31, 15, 12, 43, 680834, tzinfo=datetime.timezone.utc), '147qlgn9my4ww2uk493c1tv0exm1ugez'); alias=default
(0.001) SELECT "auth_user"."id", "auth_user"."password", "auth_user"."last_login", "auth_user"."is_superuser", "auth_user"."username", "auth_user"."first_name", "auth_user"."last_name", "auth_user"."email", "auth_user"."is_staff", "auth_user"."is_active", "auth_user"."date_joined" FROM "auth_user" WHERE "auth_user"."id" = 51 LIMIT 21; args=(51,); alias=default
(0.000) BEGIN; args=None; alias=default
(0.002) UPDATE "django_session" SET "session_data" = '.eJxVjjEPwiAUhP8Lq0oevAKF0d3NnTzKw1abNinVxfjfbRMXp0vuvrvcW1SudZin-OJlVxHUUUR6rn18Vl7ikEUQRok_M1H34GlP8p2m2yy7eVqXIckdkb-0ysuceTz_2L-Bnmq_tTtf2pJTajxiyZlSyzY5BwW9SYxWFQBWqti2a8l5k63W2hWgZC1Sxm10pLrGyrwdFxq0PQGeUF2VCUqHBqVr0DT-ABAAxOcLQqtLCA:1w7aln:9u4R-Uwtl99DTbSbQntS7UUXE3-lTRFEm8faL1OYiDY', "expire_date" = '2026-03-31T15:22:43.744400+00:00'::timestamptz WHERE "django_session"."session_key" = '147qlgn9my4ww2uk493c1tv0exm1ugez'; args=('.eJxVjjEPwiAUhP8Lq0oevAKF0d3NnTzKw1abNinVxfjfbRMXp0vuvrvcW1SudZin-OJlVxHUUUR6rn18Vl7ikEUQRok_M1H34GlP8p2m2yy7eVqXIckdkb-0ysuceTz_2L-Bnmq_tTtf2pJTajxiyZlSyzY5BwW9SYxWFQBWqti2a8l5k63W2hWgZC1Sxm10pLrGyrwdFxq0PQGeUF2VCUqHBqVr0DT-ABAAxOcLQqtLCA:1w7aln:9u4R-Uwtl99DTbSbQntS7UUXE3-lTRFEm8faL1OYiDY', datetime.datetime(2026, 3, 31, 15, 22, 43, 744400, tzinfo=datetime.timezone.utc), '147qlgn9my4ww2uk493c1tv0exm1ugez'); alias=default
(0.008) COMMIT; args=None; alias=default
"GET /api/session/ HTTP/1.1" 200 144
(0.012) SELECT "django_session"."session_key", "django_session"."session_data", "django_session"."expire_date" FROM "django_session" WHERE ("django_session"."expire_date" > '2026-03-31T15:13:05.508936+00:00'::timestamptz AND "django_session"."session_key" = '147qlgn9my4ww2uk493c1tv0exm1ugez') LIMIT 21; args=(datetime.datetime(2026, 3, 31, 15, 13, 5, 508936, tzinfo=datetime.timezone.utc), '147qlgn9my4ww2uk493c1tv0exm1ugez'); alias=default
(0.001) SELECT "auth_user"."id", "auth_user"."password", "auth_user"."last_login", "auth_user"."is_superuser", "auth_user"."username", "auth_user"."first_name", "auth_user"."last_name", "auth_user"."email", "auth_user"."is_staff", "auth_user"."is_active", "auth_user"."date_joined" FROM "auth_user" WHERE "auth_user"."id" = 51 LIMIT 21; args=(51,); alias=default
(0.000) BEGIN; args=None; alias=default
(0.001) UPDATE "django_session" SET "session_data" = '.eJxVjjEPwiAUhP8Lq5Y8eAKF0d3NnTzKw1ZNm5TqYvzvtkkXp0vuvrvcR1SudZjG-OZ5UxHUUUR6LX18VZ7jkEUQRok_M1H34HFL8p3G2yS7aVzmIckNkXta5WXK_Dzv7N9AT7Vf250vbckpnTxiyZlSyzY5BwW9SYxWFQBWqti2a8l5k63W2hWgZC1SxnX0SXWJlXk9LjRo2wA2qK7KBIUBjDTOa6cPAAFAfH9Cq0sH:1w7am9:QxnQqDIGX4So8_JDPHtRRUaqiKqVkUdgocWRVC78pjE', "expire_date" = '2026-03-31T15:23:05.580366+00:00'::timestamptz WHERE "django_session"."session_key" = '147qlgn9my4ww2uk493c1tv0exm1ugez'; args=('.eJxVjjEPwiAUhP8Lq5Y8eAKF0d3NnTzKw1ZNm5TqYvzvtkkXp0vuvrvcR1SudZjG-OZ5UxHUUUR6LX18VZ7jkEUQRok_M1H34HFL8p3G2yS7aVzmIckNkXta5WXK_Dzv7N9AT7Vf250vbckpnTxiyZlSyzY5BwW9SYxWFQBWqti2a8l5k63W2hWgZC1SxnX0SXWJlXk9LjRo2wA2qK7KBIUBjDTOa6cPAAFAfH9Cq0sH:1w7am9:QxnQqDIGX4So8_JDPHtRRUaqiKqVkUdgocWRVC78pjE', datetime.datetime(2026, 3, 31, 15, 23, 5, 580366, tzinfo=datetime.timezone.utc), '147qlgn9my4ww2uk493c1tv0exm1ugez'); alias=default
(0.086) COMMIT; args=None; alias=default
"GET /api/session/ HTTP/1.1" 200 144
(0.016) SELECT "django_session"."session_key", "django_session"."session_data", "django_session"."expire_date" FROM "django_session" WHERE ("django_session"."expire_date" > '2026-03-31T15:13:08.784196+00:00'::timestamptz AND "django_session"."session_key" = '147qlgn9my4ww2uk493c1tv0exm1ugez') LIMIT 21; args=(datetime.datetime(2026, 3, 31, 15, 13, 8, 784196, tzinfo=datetime.timezone.utc), '147qlgn9my4ww2uk493c1tv0exm1ugez'); alias=default
(0.002) SELECT "auth_user"."id", "auth_user"."password", "auth_user"."last_login", "auth_user"."is_superuser", "auth_user"."username", "auth_user"."first_name", "auth_user"."last_name", "auth_user"."email", "auth_user"."is_staff", "auth_user"."is_active", "auth_user"."date_joined" FROM "auth_user" WHERE "auth_user"."id" = 51 LIMIT 21; args=(51,); alias=default
(0.000) BEGIN; args=None; alias=default
(0.002) UPDATE "django_session" SET "session_data" = '.eJxVjrGOwyAQRP-FNhe0yxoMlOnTXY8Ws5x9F9mSca6J8u-xpTSpRpp5M5qHatLatMzpX9ZDVcQvlfi-jeneZE1TUVFZVB9m5uFP5iMpvzz_LHpY5m2dsj4Q_U6bvi5Fbpc3-zEwchv39hCqryXnLhDVUjh7cbnvoVKwWchhBRDE6vzguQ-2OGNMX4Gzc8SF9tEbty01kf24MmDcGehM-I02IkXwOmDXWTgBRAD1fAFCeUsB:1w7amC:mVCMkqyTY2fx-Utwe6sDvmvYKZS38BfbcOlUpUyWnUw', "expire_date" = '2026-03-31T15:23:08.914882+00:00'::timestamptz WHERE "django_session"."session_key" = '147qlgn9my4ww2uk493c1tv0exm1ugez'; args=('.eJxVjrGOwyAQRP-FNhe0yxoMlOnTXY8Ws5x9F9mSca6J8u-xpTSpRpp5M5qHatLatMzpX9ZDVcQvlfi-jeneZE1TUVFZVB9m5uFP5iMpvzz_LHpY5m2dsj4Q_U6bvi5Fbpc3-zEwchv39hCqryXnLhDVUjh7cbnvoVKwWchhBRDE6vzguQ-2OGNMX4Gzc8SF9tEbty01kf24MmDcGehM-I02IkXwOmDXWTgBRAD1fAFCeUsB:1w7amC:mVCMkqyTY2fx-Utwe6sDvmvYKZS38BfbcOlUpUyWnUw', datetime.datetime(2026, 3, 31, 15, 23, 8, 914882, tzinfo=datetime.timezone.utc), '147qlgn9my4ww2uk493c1tv0exm1ugez'); alias=default
(0.056) COMMIT; args=None; alias=default
"GET /api/health/ HTTP/1.1" 200 16
(0.006) SELECT "django_session"."session_key", "django_session"."session_data", "django_session"."expire_date" FROM "django_session" WHERE ("django_session"."expire_date" > '2026-03-31T15:13:09.079024+00:00'::timestamptz AND "django_session"."session_key" = '147qlgn9my4ww2uk493c1tv0exm1ugez') LIMIT 21; args=(datetime.datetime(2026, 3, 31, 15, 13, 9, 79024, tzinfo=datetime.timezone.utc), '147qlgn9my4ww2uk493c1tv0exm1ugez'); alias=default
(0.002) SELECT "auth_user"."id", "auth_user"."password", "auth_user"."last_login", "auth_user"."is_superuser", "auth_user"."username", "auth_user"."first_name", "auth_user"."last_name", "auth_user"."email", "auth_user"."is_staff", "auth_user"."is_active", "auth_user"."date_joined" FROM "auth_user" WHERE "auth_user"."id" = 51 LIMIT 21; args=(51,); alias=default
(0.000) BEGIN; args=None; alias=default
(0.001) UPDATE "django_session" SET "session_data" = '.eJxVjrEOwjAQQ_8lKxDd5WjSZGRnY48uzYUWUCs1hQXx77QSC5Ml-9nyW1WpdZjG-JJ5UxVwryI_lz4-q8xxyCqoBtWfmbi7y7gl-cbjddLdNC7zkPSG6F9a9XnK8jj92L-Bnmu_tjtf2pJTOnqikjOnVmxyDgr5JglZLACCWGzbtex8k60xxhXgZC1xpnX0wXWJVWQ9rgwYewA6EF6wCUgBvMajdwA7gACgPl9Ca0sA:1w7amD:KzaxkMmPV9mYwXmF8NOkBV3VA8Yxe9QF_koZzMMf9pY', "expire_date" = '2026-03-31T15:23:09.151321+00:00'::timestamptz WHERE "django_session"."session_key" = '147qlgn9my4ww2uk493c1tv0exm1ugez'; args=('.eJxVjrEOwjAQQ_8lKxDd5WjSZGRnY48uzYUWUCs1hQXx77QSC5Ml-9nyW1WpdZjG-JJ5UxVwryI_lz4-q8xxyCqoBtWfmbi7y7gl-cbjddLdNC7zkPSG6F9a9XnK8jj92L-Bnmu_tjtf2pJTOnqikjOnVmxyDgr5JglZLACCWGzbtex8k60xxhXgZC1xpnX0wXWJVWQ9rgwYewA6EF6wCUgBvMajdwA7gACgPl9Ca0sA:1w7amD:KzaxkMmPV9mYwXmF8NOkBV3VA8Yxe9QF_koZzMMf9pY', datetime.datetime(2026, 3, 31, 15, 23, 9, 151321, tzinfo=datetime.timezone.utc), '147qlgn9my4ww2uk493c1tv0exm1ugez'); alias=default
(0.005) COMMIT; args=None; alias=default
"GET /api/csrf/ HTTP/1.1" 200 120
(0.002) SELECT "django_session"."session_key", "django_session"."session_data", "django_session"."expire_date" FROM "django_session" WHERE ("django_session"."expire_date" > '2026-03-31T15:13:09.174576+00:00'::timestamptz AND "django_session"."session_key" = '147qlgn9my4ww2uk493c1tv0exm1ugez') LIMIT 21; args=(datetime.datetime(2026, 3, 31, 15, 13, 9, 174576, tzinfo=datetime.timezone.utc), '147qlgn9my4ww2uk493c1tv0exm1ugez'); alias=default
(0.001) SELECT "auth_user"."id", "auth_user"."password", "auth_user"."last_login", "auth_user"."is_superuser", "auth_user"."username", "auth_user"."first_name", "auth_user"."last_name", "auth_user"."email", "auth_user"."is_staff", "auth_user"."is_active", "auth_user"."date_joined" FROM "auth_user" WHERE "auth_user"."id" = 51 LIMIT 21; args=(51,); alias=default
(0.000) BEGIN; args=None; alias=default
(0.001) UPDATE "django_session" SET "session_data" = '.eJxVjrEOwjAQQ_8lKxDd5UjaZGRnY48uzYUWUCs1hQXx77QSC5Ml-9nyW1WpdZjG-JJ5UxVwryI_lz4-q8xxyCooi-rPTNzdZdySfOPxOuluGpd5SHpD9C-t-jxleZx-7N9Az7Vf250vbckpHT1RyZlTKy41DRTyNgk5LACCWFzbtdx4m50xpinAyTniTOvog-sSq8h6XBkw7gB0ILygDUgBvDbg0cIOIACozxdCNUr8:1w7amD:VF7tey4CZxy3nDr5QV3UmTQA3MPKhIOtYrKKdKdD-kE', "expire_date" = '2026-03-31T15:23:09.209706+00:00'::timestamptz WHERE "django_session"."session_key" = '147qlgn9my4ww2uk493c1tv0exm1ugez'; args=('.eJxVjrEOwjAQQ_8lKxDd5UjaZGRnY48uzYUWUCs1hQXx77QSC5Ml-9nyW1WpdZjG-JJ5UxVwryI_lz4-q8xxyCooi-rPTNzdZdySfOPxOuluGpd5SHpD9C-t-jxleZx-7N9Az7Vf250vbckpHT1RyZlTKy41DRTyNgk5LACCWFzbtdx4m50xpinAyTniTOvog-sSq8h6XBkw7gB0ILygDUgBvDbg0cIOIACozxdCNUr8:1w7amD:VF7tey4CZxy3nDr5QV3UmTQA3MPKhIOtYrKKdKdD-kE', datetime.datetime(2026, 3, 31, 15, 23, 9, 209706, tzinfo=datetime.timezone.utc), '147qlgn9my4ww2uk493c1tv0exm1ugez'); alias=default
(0.003) COMMIT; args=None; alias=default
"GET /api/session/ HTTP/1.1" 200 144
(0.018) SELECT "django_session"."session_key", "django_session"."session_data", "django_session"."expire_date" FROM "django_session" WHERE ("django_session"."expire_date" > '2026-03-31T15:13:46.523022+00:00'::timestamptz AND "django_session"."session_key" = '147qlgn9my4ww2uk493c1tv0exm1ugez') LIMIT 21; args=(datetime.datetime(2026, 3, 31, 15, 13, 46, 523022, tzinfo=datetime.timezone.utc), '147qlgn9my4ww2uk493c1tv0exm1ugez'); alias=default
(0.002) SELECT "auth_user"."id", "auth_user"."password", "auth_user"."last_login", "auth_user"."is_superuser", "auth_user"."username", "auth_user"."first_name", "auth_user"."last_name", "auth_user"."email", "auth_user"."is_staff", "auth_user"."is_active", "auth_user"."date_joined" FROM "auth_user" WHERE "auth_user"."id" = 51 LIMIT 21; args=(51,); alias=default
(0.000) BEGIN; args=None; alias=default
(0.001) UPDATE "django_session" SET "session_data" = '.eJxVjrFuwzAMRP9FaxuBFCNa1pg9W3eBsqjYaWADltOl6L_XBrJkOuDu3eF-TdPWpmVOP7oeaiJ-miTPbUzPpmuaionGo3kzswzfOh9Juct8W-ywzNs6ZXsg9pU2e12KPi4v9m1glDbu7aGvoZaczz1RLUVyUM5dB5V6n5UYK4AiVg5DkK73hZ1zXQXJzCSF9tGHtC011f24ceD4BHQi_EIfkeKZLftAhB8AEcD8_QNCwUsG:1w7amo:j5u2HHvhKOFwdeIsp8YR3SghFA24-dxNbzS-bFl5-dY', "expire_date" = '2026-03-31T15:23:46.659109+00:00'::timestamptz WHERE "django_session"."session_key" = '147qlgn9my4ww2uk493c1tv0exm1ugez'; args=('.eJxVjrFuwzAMRP9FaxuBFCNa1pg9W3eBsqjYaWADltOl6L_XBrJkOuDu3eF-TdPWpmVOP7oeaiJ-miTPbUzPpmuaionGo3kzswzfOh9Juct8W-ywzNs6ZXsg9pU2e12KPi4v9m1glDbu7aGvoZaczz1RLUVyUM5dB5V6n5UYK4AiVg5DkK73hZ1zXQXJzCSF9tGHtC011f24ceD4BHQi_EIfkeKZLftAhB8AEcD8_QNCwUsG:1w7amo:j5u2HHvhKOFwdeIsp8YR3SghFA24-dxNbzS-bFl5-dY', datetime.datetime(2026, 3, 31, 15, 23, 46, 659109, tzinfo=datetime.timezone.utc), '147qlgn9my4ww2uk493c1tv0exm1ugez'); alias=default
(0.037) COMMIT; args=None; alias=default
"GET /api/session/ HTTP/1.1" 200 144
(0.003) SELECT "django_session"."session_key", "django_session"."session_data", "django_session"."expire_date" FROM "django_session" WHERE ("django_session"."expire_date" > '2026-03-31T15:13:50.063668+00:00'::timestamptz AND "django_session"."session_key" = '147qlgn9my4ww2uk493c1tv0exm1ugez') LIMIT 21; args=(datetime.datetime(2026, 3, 31, 15, 13, 50, 63668, tzinfo=datetime.timezone.utc), '147qlgn9my4ww2uk493c1tv0exm1ugez'); alias=default
(0.001) SELECT "auth_user"."id", "auth_user"."password", "auth_user"."last_login", "auth_user"."is_superuser", "auth_user"."username", "auth_user"."first_name", "auth_user"."last_name", "auth_user"."email", "auth_user"."is_staff", "auth_user"."is_active", "auth_user"."date_joined" FROM "auth_user" WHERE "auth_user"."id" = 51 LIMIT 21; args=(51,); alias=default
(0.000) BEGIN; args=None; alias=default
(0.001) UPDATE "django_session" SET "session_data" = '.eJxVjrFuwzAQQ_9Fa2vhTmfJksbu3bILJ-tUuw1swHKyBPn32kCWTATIR4IP1aS1eV3SXbZTVcRPlfi2T-nWZEtzUVFZVG9m5vFPljMpv7z8rHpcl32bsz4R_Uqb_l6LXL9e7NvAxG062mOovpac-0BUS-HsxeVhgErBZiGHFUAQq_Oj5yHY4owxQwXOzhEXOkav3PbURI7jyoBxHVBHeEEbkaIFjcb3GD4AIoB6_gNCREsA:1w7ams:Ig_EJyJZH-kiIHXPUwQnnTfdFmrltJN_2tKP1Tqjmfs', "expire_date" = '2026-03-31T15:23:50.128912+00:00'::timestamptz WHERE "django_session"."session_key" = '147qlgn9my4ww2uk493c1tv0exm1ugez'; args=('.eJxVjrFuwzAQQ_9Fa2vhTmfJksbu3bILJ-tUuw1swHKyBPn32kCWTATIR4IP1aS1eV3SXbZTVcRPlfi2T-nWZEtzUVFZVG9m5vFPljMpv7z8rHpcl32bsz4R_Uqb_l6LXL9e7NvAxG062mOovpac-0BUS-HsxeVhgErBZiGHFUAQq_Oj5yHY4owxQwXOzhEXOkav3PbURI7jyoBxHVBHeEEbkaIFjcb3GD4AIoB6_gNCREsA:1w7ams:Ig_EJyJZH-kiIHXPUwQnnTfdFmrltJN_2tKP1Tqjmfs', datetime.datetime(2026, 3, 31, 15, 23, 50, 128912, tzinfo=datetime.timezone.utc), '147qlgn9my4ww2uk493c1tv0exm1ugez'); alias=default
(0.115) COMMIT; args=None; alias=default
"GET /api/health/ HTTP/1.1" 200 16
(0.007) SELECT "django_session"."session_key", "django_session"."session_data", "django_session"."expire_date" FROM "django_session" WHERE ("django_session"."expire_date" > '2026-03-31T15:13:50.331070+00:00'::timestamptz AND "django_session"."session_key" = '147qlgn9my4ww2uk493c1tv0exm1ugez') LIMIT 21; args=(datetime.datetime(2026, 3, 31, 15, 13, 50, 331070, tzinfo=datetime.timezone.utc), '147qlgn9my4ww2uk493c1tv0exm1ugez'); alias=default
(0.001) SELECT "auth_user"."id", "auth_user"."password", "auth_user"."last_login", "auth_user"."is_superuser", "auth_user"."username", "auth_user"."first_name", "auth_user"."last_name", "auth_user"."email", "auth_user"."is_staff", "auth_user"."is_active", "auth_user"."date_joined" FROM "auth_user" WHERE "auth_user"."id" = 51 LIMIT 21; args=(51,); alias=default
(0.000) BEGIN; args=None; alias=default
(0.001) UPDATE "django_session" SET "session_data" = '.eJxVjrEOwjAQQ_8lKxDd5UjaZGRnY48uzYUWUCs1hQXx77QSC5Ml-9nyW1WpdZjG-JJ5UxVwryI_lz4-q8xxyCooi-rPTNzdZdySfOPxOuluGpd5SHpD9C-t-jxleZx-7N9Az7Vf250vbckpHT1RyZlTKy41DRTyNgk5LACCWFzbtdx4m50xpinAyTniTOvog-sSq8h6XBkw7gB0ILygDUjBgj4SgvM7gACgPl9CLUr-:1w7ams:cC_YanSNc55A3oK6xx5izii79QUcMQnHwiJxg4rRLMo', "expire_date" = '2026-03-31T15:23:50.432278+00:00'::timestamptz WHERE "django_session"."session_key" = '147qlgn9my4ww2uk493c1tv0exm1ugez'; args=('.eJxVjrEOwjAQQ_8lKxDd5UjaZGRnY48uzYUWUCs1hQXx77QSC5Ml-9nyW1WpdZjG-JJ5UxVwryI_lz4-q8xxyCooi-rPTNzdZdySfOPxOuluGpd5SHpD9C-t-jxleZx-7N9Az7Vf250vbckpHT1RyZlTKy41DRTyNgk5LACCWFzbtdx4m50xpinAyTniTOvog-sSq8h6XBkw7gB0ILygDUjBgj4SgvM7gACgPl9CLUr-:1w7ams:cC_YanSNc55A3oK6xx5izii79QUcMQnHwiJxg4rRLMo', datetime.datetime(2026, 3, 31, 15, 23, 50, 432278, tzinfo=datetime.timezone.utc), '147qlgn9my4ww2uk493c1tv0exm1ugez'); alias=default
(0.019) COMMIT; args=None; alias=default
"GET /api/csrf/ HTTP/1.1" 200 120
(0.002) SELECT "django_session"."session_key", "django_session"."session_data", "django_session"."expire_date" FROM "django_session" WHERE ("django_session"."expire_date" > '2026-03-31T15:13:50.492606+00:00'::timestamptz AND "django_session"."session_key" = '147qlgn9my4ww2uk493c1tv0exm1ugez') LIMIT 21; args=(datetime.datetime(2026, 3, 31, 15, 13, 50, 492606, tzinfo=datetime.timezone.utc), '147qlgn9my4ww2uk493c1tv0exm1ugez'); alias=default
(0.001) SELECT "auth_user"."id", "auth_user"."password", "auth_user"."last_login", "auth_user"."is_superuser", "auth_user"."username", "auth_user"."first_name", "auth_user"."last_name", "auth_user"."email", "auth_user"."is_staff", "auth_user"."is_active", "auth_user"."date_joined" FROM "auth_user" WHERE "auth_user"."id" = 51 LIMIT 21; args=(51,); alias=default
(0.000) BEGIN; args=None; alias=default
(0.001) UPDATE "django_session" SET "session_data" = '.eJxVjjEPwiAUhP8Lq5Y8eIUCo7ubO3mUh62aNinVxfjfbRMXp0vuvrvcW1SudZyn-OJlVxHUUUR6rkN8Vl7imEUQRok_M1F_52lP8o2m6yz7eVqXMckdkb-0yvOc-XH6sX8DA9Vha_e-uJJTaj1iyZmSY5u6Dgp6kxitKgCsVLGud9R5k63WuitAyVqkjNvog-oaK_N2XGjQtgFsUF2UCQqDAWlar509AAQA8fkCQrdLCQ:1w7ams:qezEJf2ru7gTjgDR6VWUB9Yv1UhwWwXhUpwKGxc08tw', "expire_date" = '2026-03-31T15:23:50.555551+00:00'::timestamptz WHERE "django_session"."session_key" = '147qlgn9my4ww2uk493c1tv0exm1ugez'; args=('.eJxVjjEPwiAUhP8Lq5Y8eIUCo7ubO3mUh62aNinVxfjfbRMXp0vuvrvcW1SudZyn-OJlVxHUUUR6rkN8Vl7imEUQRok_M1F_52lP8o2m6yz7eVqXMckdkb-0yvOc-XH6sX8DA9Vha_e-uJJTaj1iyZmSY5u6Dgp6kxitKgCsVLGud9R5k63WuitAyVqkjNvog-oaK_N2XGjQtgFsUF2UCQqDAWlar509AAQA8fkCQrdLCQ:1w7ams:qezEJf2ru7gTjgDR6VWUB9Yv1UhwWwXhUpwKGxc08tw', datetime.datetime(2026, 3, 31, 15, 23, 50, 555551, tzinfo=datetime.timezone.utc), '147qlgn9my4ww2uk493c1tv0exm1ugez'); alias=default
(0.018) COMMIT; args=None; alias=default
"GET /api/session/ HTTP/1.1" 200 144
(0.002) SELECT "django_session"."session_key", "django_session"."session_data", "django_session"."expire_date" FROM "django_session" WHERE ("django_session"."expire_date" > '2026-03-31T15:14:04.089128+00:00'::timestamptz AND "django_session"."session_key" = '147qlgn9my4ww2uk493c1tv0exm1ugez') LIMIT 21; args=(datetime.datetime(2026, 3, 31, 15, 14, 4, 89128, tzinfo=datetime.timezone.utc), '147qlgn9my4ww2uk493c1tv0exm1ugez'); alias=default
(0.001) SELECT "auth_user"."id", "auth_user"."password", "auth_user"."last_login", "auth_user"."is_superuser", "auth_user"."username", "auth_user"."first_name", "auth_user"."last_name", "auth_user"."email", "auth_user"."is_staff", "auth_user"."is_active", "auth_user"."date_joined" FROM "auth_user" WHERE "auth_user"."id" = 51 LIMIT 21; args=(51,); alias=default
(0.000) BEGIN; args=None; alias=default
(0.001) UPDATE "django_session" SET "session_data" = '.eJxVjrEOgzAQQ_8la0t0l5AAGbt36x5dyKXQIpAIdKn67wWJhcmS_Wz5KzLn3E-j__C8q3B4FZ7WpfNr5tn3UThhUJzMQO2bxz2JLxqfk2yncZn7IHdEHmmW9ynycDvY00BHudvabZPqFEMoG61TjBRqtqGqIOnGBNYWEwAjJlu3NVWNiVYpVSWgYK2mqLfRgfLiM_N2XChQtgBdaHygcVg6KCUaoyxeAByA-P0BQhlK-w:1w7an6:UuRScbxLN5FoJEhcn9ft5wnmNfRRdBP1YYewUs3sxXY', "expire_date" = '2026-03-31T15:24:04.155990+00:00'::timestamptz WHERE "django_session"."session_key" = '147qlgn9my4ww2uk493c1tv0exm1ugez'; args=('.eJxVjrEOgzAQQ_8la0t0l5AAGbt36x5dyKXQIpAIdKn67wWJhcmS_Wz5KzLn3E-j__C8q3B4FZ7WpfNr5tn3UThhUJzMQO2bxz2JLxqfk2yncZn7IHdEHmmW9ynycDvY00BHudvabZPqFEMoG61TjBRqtqGqIOnGBNYWEwAjJlu3NVWNiVYpVSWgYK2mqLfRgfLiM_N2XChQtgBdaHygcVg6KCUaoyxeAByA-P0BQhlK-w:1w7an6:UuRScbxLN5FoJEhcn9ft5wnmNfRRdBP1YYewUs3sxXY', datetime.datetime(2026, 3, 31, 15, 24, 4, 155990, tzinfo=datetime.timezone.utc), '147qlgn9my4ww2uk493c1tv0exm1ugez'); alias=default
(0.010) COMMIT; args=None; alias=default
"GET /api/session/ HTTP/1.1" 200 144
(0.003) SELECT "django_session"."session_key", "django_session"."session_data", "django_session"."expire_date" FROM "django_session" WHERE ("django_session"."expire_date" > '2026-03-31T15:14:39.696889+00:00'::timestamptz AND "django_session"."session_key" = '147qlgn9my4ww2uk493c1tv0exm1ugez') LIMIT 21; args=(datetime.datetime(2026, 3, 31, 15, 14, 39, 696889, tzinfo=datetime.timezone.utc), '147qlgn9my4ww2uk493c1tv0exm1ugez'); alias=default
(0.001) SELECT "auth_user"."id", "auth_user"."password", "auth_user"."last_login", "auth_user"."is_superuser", "auth_user"."username", "auth_user"."first_name", "auth_user"."last_name", "auth_user"."email", "auth_user"."is_staff", "auth_user"."is_active", "auth_user"."date_joined" FROM "auth_user" WHERE "auth_user"."id" = 51 LIMIT 21; args=(51,); alias=default
(0.000) BEGIN; args=None; alias=default
(0.018) UPDATE "django_session" SET "session_data" = '.eJxVjjEPgjAUhP9LV7V57YOWdnR3c29e6augBBKKLsb_LiQsTJfcfXe5ryhcSj-N4cPzpsKrswj0XrrwLjyHPgkvaiUOZqT2xeOWpCeNj0m207jMfZQbIve0yNuUeLju7GGgo9Kt7dblJqcYK4eYU6LYsInWQkZXR0ajMgArlU3TNmRdnYzW2magaAxSwnV0oLKEwrweFxq0uQBeUN1V7VXl0UlrNFR4AvAA4vcHQsFLBQ:1w7anf:OhJpm4zWYarSDzwVFOWx5hF_5X9teyyn_VW5sHPj63o', "expire_date" = '2026-03-31T15:24:39.762967+00:00'::timestamptz WHERE "django_session"."session_key" = '147qlgn9my4ww2uk493c1tv0exm1ugez'; args=('.eJxVjjEPgjAUhP9LV7V57YOWdnR3c29e6augBBKKLsb_LiQsTJfcfXe5ryhcSj-N4cPzpsKrswj0XrrwLjyHPgkvaiUOZqT2xeOWpCeNj0m207jMfZQbIve0yNuUeLju7GGgo9Kt7dblJqcYK4eYU6LYsInWQkZXR0ajMgArlU3TNmRdnYzW2magaAxSwnV0oLKEwrweFxq0uQBeUN1V7VXl0UlrNFR4AvAA4vcHQsFLBQ:1w7anf:OhJpm4zWYarSDzwVFOWx5hF_5X9teyyn_VW5sHPj63o', datetime.datetime(2026, 3, 31, 15, 24, 39, 762967, tzinfo=datetime.timezone.utc), '147qlgn9my4ww2uk493c1tv0exm1ugez'); alias=default
(0.036) COMMIT; args=None; alias=default
"GET /api/session/ HTTP/1.1" 200 144
(0.003) SELECT "django_session"."session_key", "django_session"."session_data", "django_session"."expire_date" FROM "django_session" WHERE ("django_session"."expire_date" > '2026-03-31T15:15:12.224647+00:00'::timestamptz AND "django_session"."session_key" = '147qlgn9my4ww2uk493c1tv0exm1ugez') LIMIT 21; args=(datetime.datetime(2026, 3, 31, 15, 15, 12, 224647, tzinfo=datetime.timezone.utc), '147qlgn9my4ww2uk493c1tv0exm1ugez'); alias=default
(0.002) SELECT "auth_user"."id", "auth_user"."password", "auth_user"."last_login", "auth_user"."is_superuser", "auth_user"."username", "auth_user"."first_name", "auth_user"."last_name", "auth_user"."email", "auth_user"."is_staff", "auth_user"."is_active", "auth_user"."date_joined" FROM "auth_user" WHERE "auth_user"."id" = 51 LIMIT 21; args=(51,); alias=default
(0.000) BEGIN; args=None; alias=default
(0.004) UPDATE "django_session" SET "session_data" = '.eJxVTj0LgzAU_C9ZW8NLYqLJ2L1b9_BiXqqtKBjtUvrfa8BFODi4L-7LMuU8zJP_0FKYOXFlHre191umxQ-ROaYFO4kBuzdNxYkvnJ4z7-ZpXYbAS4Qfbub3OdJ4O7KngR5zv7c7m9oUQ6itUilGDC2Z0DSQlNWBlBEJgIRIpu1abKyORkrZJMBgjMKo9tER8-oz0X6cSZCmAlUp8RDaFUgurbG2vgA4APb7A0LxSw4:1w7aoC:ejrP8eKXNcZq-xQfd8Amgd4RPNgbyzo6B2OSvZ2B31k', "expire_date" = '2026-03-31T15:25:12.297866+00:00'::timestamptz WHERE "django_session"."session_key" = '147qlgn9my4ww2uk493c1tv0exm1ugez'; args=('.eJxVTj0LgzAU_C9ZW8NLYqLJ2L1b9_BiXqqtKBjtUvrfa8BFODi4L-7LMuU8zJP_0FKYOXFlHre191umxQ-ROaYFO4kBuzdNxYkvnJ4z7-ZpXYbAS4Qfbub3OdJ4O7KngR5zv7c7m9oUQ6itUilGDC2Z0DSQlNWBlBEJgIRIpu1abKyORkrZJMBgjMKo9tER8-oz0X6cSZCmAlUp8RDaFUgurbG2vgA4APb7A0LxSw4:1w7aoC:ejrP8eKXNcZq-xQfd8Amgd4RPNgbyzo6B2OSvZ2B31k', datetime.datetime(2026, 3, 31, 15, 25, 12, 297866, tzinfo=datetime.timezone.utc), '147qlgn9my4ww2uk493c1tv0exm1ugez'); alias=default
(0.184) COMMIT; args=None; alias=default
"GET /api/session/ HTTP/1.1" 200 144
(0.003) SELECT "django_session"."session_key", "django_session"."session_data", "django_session"."expire_date" FROM "django_session" WHERE ("django_session"."expire_date" > '2026-03-31T15:16:00.741140+00:00'::timestamptz AND "django_session"."session_key" = '147qlgn9my4ww2uk493c1tv0exm1ugez') LIMIT 21; args=(datetime.datetime(2026, 3, 31, 15, 16, 0, 741140, tzinfo=datetime.timezone.utc), '147qlgn9my4ww2uk493c1tv0exm1ugez'); alias=default
(0.001) SELECT "auth_user"."id", "auth_user"."password", "auth_user"."last_login", "auth_user"."is_superuser", "auth_user"."username", "auth_user"."first_name", "auth_user"."last_name", "auth_user"."email", "auth_user"."is_staff", "auth_user"."is_active", "auth_user"."date_joined" FROM "auth_user" WHERE "auth_user"."id" = 51 LIMIT 21; args=(51,); alias=default
(0.000) BEGIN; args=None; alias=default
(0.031) UPDATE "django_session" SET "session_data" = '.eJxVTj0PgjAQ_S9dleaulWthdHdzb670KqiBhKKL8b8LCYvTy_vM-6gipQzTGN4yb6haPKrAr6UPryJzGJJqVY3qT4zcPWTcnHTn8TbpbhqXeYh6i-jdLfoyJXme9-zfQM-lX9tdk31OMZ4aa3NKHL1QdA6ybeooljADCGIm33l2TZ3IGOMycCSynOw6-uSyhCKyHlcGDFVgK4tXrFukFkB7RHJ0AFiJ-v4AQmBLAg:1w7aoy:uFs-xUnoYWV6d5rV9WRWwbDXDIPebjQNUvUxuED9dRE', "expire_date" = '2026-03-31T15:26:00.812557+00:00'::timestamptz WHERE "django_session"."session_key" = '147qlgn9my4ww2uk493c1tv0exm1ugez'; args=('.eJxVTj0PgjAQ_S9dleaulWthdHdzb670KqiBhKKL8b8LCYvTy_vM-6gipQzTGN4yb6haPKrAr6UPryJzGJJqVY3qT4zcPWTcnHTn8TbpbhqXeYh6i-jdLfoyJXme9-zfQM-lX9tdk31OMZ4aa3NKHL1QdA6ybeooljADCGIm33l2TZ3IGOMycCSynOw6-uSyhCKyHlcGDFVgK4tXrFukFkB7RHJ0AFiJ-v4AQmBLAg:1w7aoy:uFs-xUnoYWV6d5rV9WRWwbDXDIPebjQNUvUxuED9dRE', datetime.datetime(2026, 3, 31, 15, 26, 0, 812557, tzinfo=datetime.timezone.utc), '147qlgn9my4ww2uk493c1tv0exm1ugez'); alias=default
(0.017) COMMIT; args=None; alias=default
"GET /api/session/ HTTP/1.1" 200 144
(0.005) SELECT "django_session"."session_key", "django_session"."session_data", "django_session"."expire_date" FROM "django_session" WHERE ("django_session"."expire_date" > '2026-03-31T15:16:08.841638+00:00'::timestamptz AND "django_session"."session_key" = '147qlgn9my4ww2uk493c1tv0exm1ugez') LIMIT 21; args=(datetime.datetime(2026, 3, 31, 15, 16, 8, 841638, tzinfo=datetime.timezone.utc), '147qlgn9my4ww2uk493c1tv0exm1ugez'); alias=default
(0.002) SELECT "auth_user"."id", "auth_user"."password", "auth_user"."last_login", "auth_user"."is_superuser", "auth_user"."username", "auth_user"."first_name", "auth_user"."last_name", "auth_user"."email", "auth_user"."is_staff", "auth_user"."is_active", "auth_user"."date_joined" FROM "auth_user" WHERE "auth_user"."id" = 51 LIMIT 21; args=(51,); alias=default
(0.000) BEGIN; args=None; alias=default
(0.005) UPDATE "django_session" SET "session_data" = '.eJxVjjEPgjAUhP9LV6V57bOldHR3c29e6augBBIKLsb_LiQsTpfcfXe5jyhcSj-N4c3zrsKrswi0Ll1YC8-hT8ILo8SfGal98bgn6UnjY5LtNC5zH-WOyCMt8jYlHq4H-zfQUem2dttkl1OMlwYxp0TRsY11DRkbExmtygCsVLaudVQ3JlmtdZ2BorVICbfRgcoSCvN2XGjQtgKsUN2V8cp6cNI5A4AnAA8gvj9CyEsF:1w7ap6:Bc4JRuedKa1oE67rA_gxBGDXMIxH1PQwgcTOyOudwrw', "expire_date" = '2026-03-31T15:26:08.886037+00:00'::timestamptz WHERE "django_session"."session_key" = '147qlgn9my4ww2uk493c1tv0exm1ugez'; args=('.eJxVjjEPgjAUhP9LV6V57bOldHR3c29e6augBBIKLsb_LiQsTpfcfXe5jyhcSj-N4c3zrsKrswi0Ll1YC8-hT8ILo8SfGal98bgn6UnjY5LtNC5zH-WOyCMt8jYlHq4H-zfQUem2dttkl1OMlwYxp0TRsY11DRkbExmtygCsVLaudVQ3JlmtdZ2BorVICbfRgcoSCvN2XGjQtgKsUN2V8cp6cNI5A4AnAA8gvj9CyEsF:1w7ap6:Bc4JRuedKa1oE67rA_gxBGDXMIxH1PQwgcTOyOudwrw', datetime.datetime(2026, 3, 31, 15, 26, 8, 886037, tzinfo=datetime.timezone.utc), '147qlgn9my4ww2uk493c1tv0exm1ugez'); alias=default
(0.020) COMMIT; args=None; alias=default
"GET /api/session/ HTTP/1.1" 200 144
(0.012) SELECT "django_session"."session_key", "django_session"."session_data", "django_session"."expire_date" FROM "django_session" WHERE ("django_session"."expire_date" > '2026-03-31T15:16:20.963583+00:00'::timestamptz AND "django_session"."session_key" = '147qlgn9my4ww2uk493c1tv0exm1ugez') LIMIT 21; args=(datetime.datetime(2026, 3, 31, 15, 16, 20, 963583, tzinfo=datetime.timezone.utc), '147qlgn9my4ww2uk493c1tv0exm1ugez'); alias=default
(0.001) SELECT "auth_user"."id", "auth_user"."password", "auth_user"."last_login", "auth_user"."is_superuser", "auth_user"."username", "auth_user"."first_name", "auth_user"."last_name", "auth_user"."email", "auth_user"."is_staff", "auth_user"."is_active", "auth_user"."date_joined" FROM "auth_user" WHERE "auth_user"."id" = 51 LIMIT 21; args=(51,); alias=default
(0.000) BEGIN; args=None; alias=default
(0.046) UPDATE "django_session" SET "session_data" = '.eJxVjjEPwiAUhP8Lq0reAwuF0d3NnTzKw1YbmpTWxfjfbRMXp0vuvrvcW1SudZhKePG8q_B4FIHWpQ9r5TkMSXjRoPgzI3VPLnuSHlTuk-ymssxDlDsif2mV1ynxePmxfwM91X5rdy63OcV4dlrnlCi2bKK1kLVrImuDGYARs2m7lqxrklFK2QwUjdGU9DY6Ul1CZd6OCwXKnECfNN6w8Wi8QgkKrTsfADyA-HwBQjxK_w:1w7apJ:kQFpcigHuwgyEfUcgLp2VU5ytt7MFnUM95FX7PpcXxE', "expire_date" = '2026-03-31T15:26:21.022821+00:00'::timestamptz WHERE "django_session"."session_key" = '147qlgn9my4ww2uk493c1tv0exm1ugez'; args=('.eJxVjjEPwiAUhP8Lq0reAwuF0d3NnTzKw1YbmpTWxfjfbRMXp0vuvrvcW1SudZhKePG8q_B4FIHWpQ9r5TkMSXjRoPgzI3VPLnuSHlTuk-ymssxDlDsif2mV1ynxePmxfwM91X5rdy63OcV4dlrnlCi2bKK1kLVrImuDGYARs2m7lqxrklFK2QwUjdGU9DY6Ul1CZd6OCwXKnECfNN6w8Wi8QgkKrTsfADyA-HwBQjxK_w:1w7apJ:kQFpcigHuwgyEfUcgLp2VU5ytt7MFnUM95FX7PpcXxE', datetime.datetime(2026, 3, 31, 15, 26, 21, 22821, tzinfo=datetime.timezone.utc), '147qlgn9my4ww2uk493c1tv0exm1ugez'); alias=default
(0.016) COMMIT; args=None; alias=default
"GET /api/session/ HTTP/1.1" 200 144
(0.006) SELECT "django_session"."session_key", "django_session"."session_data", "django_session"."expire_date" FROM "django_session" WHERE ("django_session"."expire_date" > '2026-03-31T15:16:43.125748+00:00'::timestamptz AND "django_session"."session_key" = '147qlgn9my4ww2uk493c1tv0exm1ugez') LIMIT 21; args=(datetime.datetime(2026, 3, 31, 15, 16, 43, 125748, tzinfo=datetime.timezone.utc), '147qlgn9my4ww2uk493c1tv0exm1ugez'); alias=default
(0.005) SELECT "auth_user"."id", "auth_user"."password", "auth_user"."last_login", "auth_user"."is_superuser", "auth_user"."username", "auth_user"."first_name", "auth_user"."last_name", "auth_user"."email", "auth_user"."is_staff", "auth_user"."is_active", "auth_user"."date_joined" FROM "auth_user" WHERE "auth_user"."id" = 51 LIMIT 21; args=(51,); alias=default
(0.000) BEGIN; args=None; alias=default
(0.001) UPDATE "django_session" SET "session_data" = '.eJxVjrEOgzAQQ_8la9vokoMDMnbv1j26kEuhRSAR2qXqvxckFiZL9rPlr8qScz-N_iPzpsqZs_L8Xjr_zjL7PiqnSqMOZuD2JeOWxCePj0m307jMfdAbovc069sUZbju7GGg49yt7bZJdYohFA1iipFDLRSqChI2ZRAkkwDEmER1W3PVlJGstVUCDkTIEdfRgfPis8h6XFmwdAG8oLmb0hlyBWpbWAJ7AnAA6vcHQklK_A:1w7apf:nafDvj3RyL3dog-7bvUaOCP8vioIxK4_5tEWC8fHxPA', "expire_date" = '2026-03-31T15:26:43.243853+00:00'::timestamptz WHERE "django_session"."session_key" = '147qlgn9my4ww2uk493c1tv0exm1ugez'; args=('.eJxVjrEOgzAQQ_8la9vokoMDMnbv1j26kEuhRSAR2qXqvxckFiZL9rPlr8qScz-N_iPzpsqZs_L8Xjr_zjL7PiqnSqMOZuD2JeOWxCePj0m307jMfdAbovc069sUZbju7GGg49yt7bZJdYohFA1iipFDLRSqChI2ZRAkkwDEmER1W3PVlJGstVUCDkTIEdfRgfPis8h6XFmwdAG8oLmb0hlyBWpbWAJ7AnAA6vcHQklK_A:1w7apf:nafDvj3RyL3dog-7bvUaOCP8vioIxK4_5tEWC8fHxPA', datetime.datetime(2026, 3, 31, 15, 26, 43, 243853, tzinfo=datetime.timezone.utc), '147qlgn9my4ww2uk493c1tv0exm1ugez'); alias=default
(0.014) COMMIT; args=None; alias=default
"GET /api/session/ HTTP/1.1" 200 144
(0.003) SELECT "django_session"."session_key", "django_session"."session_data", "django_session"."expire_date" FROM "django_session" WHERE ("django_session"."expire_date" > '2026-03-31T15:17:01.394570+00:00'::timestamptz AND "django_session"."session_key" = '147qlgn9my4ww2uk493c1tv0exm1ugez') LIMIT 21; args=(datetime.datetime(2026, 3, 31, 15, 17, 1, 394570, tzinfo=datetime.timezone.utc), '147qlgn9my4ww2uk493c1tv0exm1ugez'); alias=default
(0.001) SELECT "auth_user"."id", "auth_user"."password", "auth_user"."last_login", "auth_user"."is_superuser", "auth_user"."username", "auth_user"."first_name", "auth_user"."last_name", "auth_user"."email", "auth_user"."is_staff", "auth_user"."is_active", "auth_user"."date_joined" FROM "auth_user" WHERE "auth_user"."id" = 51 LIMIT 21; args=(51,); alias=default
(0.000) BEGIN; args=None; alias=default
(0.008) UPDATE "django_session" SET "session_data" = '.eJxVjrFuhDAQRP_Fbe6sXS_Y2GX6dOmtNV4HcggkzKU53b8HJBqqkWbejOalqtQ6LnP8k_VQFfCmIj-3IT6rrHHMKqgW1cVM3D9kPpL8y_PPovtl3tYx6QPRZ1r115Jl-jzZy8DAddjbvS9dySk1nqjkzKkTm5yDQr5NQhYLgCAW2_UdO99ma4xxBThZS5xpH524brGK7MeVAWPvQHfCb2wDugCoG2q8NR8AAUC9_wFCfEsD:1w7apx:N33MznyUwC9sNxuc3rEhkAlfEkv94T4UKzTv5ECEGp0', "expire_date" = '2026-03-31T15:27:01.436721+00:00'::timestamptz WHERE "django_session"."session_key" = '147qlgn9my4ww2uk493c1tv0exm1ugez'; args=('.eJxVjrFuhDAQRP_Fbe6sXS_Y2GX6dOmtNV4HcggkzKU53b8HJBqqkWbejOalqtQ6LnP8k_VQFfCmIj-3IT6rrHHMKqgW1cVM3D9kPpL8y_PPovtl3tYx6QPRZ1r115Jl-jzZy8DAddjbvS9dySk1nqjkzKkTm5yDQr5NQhYLgCAW2_UdO99ma4xxBThZS5xpH524brGK7MeVAWPvQHfCb2wDugCoG2q8NR8AAUC9_wFCfEsD:1w7apx:N33MznyUwC9sNxuc3rEhkAlfEkv94T4UKzTv5ECEGp0', datetime.datetime(2026, 3, 31, 15, 27, 1, 436721, tzinfo=datetime.timezone.utc), '147qlgn9my4ww2uk493c1tv0exm1ugez'); alias=default
(0.015) COMMIT; args=None; alias=default
"GET /api/session/ HTTP/1.1" 200 144
(0.003) SELECT "django_session"."session_key", "django_session"."session_data", "django_session"."expire_date" FROM "django_session" WHERE ("django_session"."expire_date" > '2026-03-31T15:17:23.794072+00:00'::timestamptz AND "django_session"."session_key" = '147qlgn9my4ww2uk493c1tv0exm1ugez') LIMIT 21; args=(datetime.datetime(2026, 3, 31, 15, 17, 23, 794072, tzinfo=datetime.timezone.utc), '147qlgn9my4ww2uk493c1tv0exm1ugez'); alias=default
(0.001) SELECT "auth_user"."id", "auth_user"."password", "auth_user"."last_login", "auth_user"."is_superuser", "auth_user"."username", "auth_user"."first_name", "auth_user"."last_name", "auth_user"."email", "auth_user"."is_staff", "auth_user"."is_active", "auth_user"."date_joined" FROM "auth_user" WHERE "auth_user"."id" = 51 LIMIT 21; args=(51,); alias=default
(0.000) BEGIN; args=None; alias=default
(0.001) UPDATE "django_session" SET "session_data" = '.eJxVjr0OwjAQg98lKzS65JqfZmRnY48uzYUWUCs1hQXx7rQSC5Ml-7Plt6hc6zhP8cXLriKoo4j0XIf4rLzEMYsgjBJ_ZqL-ztOe5BtN11n287QuY5I7In9plec58-P0Y_8GBqrD1u674ktOqe0QS86UPNvkHBTsTGK0qgCwUsX63pPrTLZaa1eAkrVIGbfRB9U1VubtuNCgbQPYoLooE5QLGqU30Ho8AAQA8fkCQsZLBw:1w7aqJ:mFYpi_siUXOb68EwgfuKETK_f0oiAwjEK9AOyiKQ6dk', "expire_date" = '2026-03-31T15:27:23.855590+00:00'::timestamptz WHERE "django_session"."session_key" = '147qlgn9my4ww2uk493c1tv0exm1ugez'; args=('.eJxVjr0OwjAQg98lKzS65JqfZmRnY48uzYUWUCs1hQXx7rQSC5Ml-7Plt6hc6zhP8cXLriKoo4j0XIf4rLzEMYsgjBJ_ZqL-ztOe5BtN11n287QuY5I7In9plec58-P0Y_8GBqrD1u674ktOqe0QS86UPNvkHBTsTGK0qgCwUsX63pPrTLZaa1eAkrVIGbfRB9U1VubtuNCgbQPYoLooE5QLGqU30Ho8AAQA8fkCQsZLBw:1w7aqJ:mFYpi_siUXOb68EwgfuKETK_f0oiAwjEK9AOyiKQ6dk', datetime.datetime(2026, 3, 31, 15, 27, 23, 855590, tzinfo=datetime.timezone.utc), '147qlgn9my4ww2uk493c1tv0exm1ugez'); alias=default
(0.055) COMMIT; args=None; alias=default
"GET /api/session/ HTTP/1.1" 200 144
(0.002) SELECT "django_session"."session_key", "django_session"."session_data", "django_session"."expire_date" FROM "django_session" WHERE ("django_session"."expire_date" > '2026-03-31T15:17:34.969976+00:00'::timestamptz AND "django_session"."session_key" = '147qlgn9my4ww2uk493c1tv0exm1ugez') LIMIT 21; args=(datetime.datetime(2026, 3, 31, 15, 17, 34, 969976, tzinfo=datetime.timezone.utc), '147qlgn9my4ww2uk493c1tv0exm1ugez'); alias=default
(0.001) SELECT "auth_user"."id", "auth_user"."password", "auth_user"."last_login", "auth_user"."is_superuser", "auth_user"."username", "auth_user"."first_name", "auth_user"."last_name", "auth_user"."email", "auth_user"."is_staff", "auth_user"."is_active", "auth_user"."date_joined" FROM "auth_user" WHERE "auth_user"."id" = 51 LIMIT 21; args=(51,); alias=default
(0.000) BEGIN; args=None; alias=default
(0.001) UPDATE "django_session" SET "session_data" = '.eJxVjrEOwjAQQ_8lKxDd5UjSZmRnY48uzYUWUCs1hQXx77QSC5Ml-9nyW1WpdZjG-JJ5UxVwryI_lz4-q8xxyCooi-rPTNzdZdySfOPxOuluGpd5SHpD9C-t-jxleZx-7N9Az7Vf211bmpJTOrZEJWdOjbjkPRRqbRJyWAAEsbima9i3NjtjjC_AyTniTOvog-sSq8h6XBkw7gB0ILygDegDWQ149Ag7gACgPl9CQ0r7:1w7aqV:yhlL_RW4DWAHpEYdPS07O6Unbj681kStcQavAFZqcu4', "expire_date" = '2026-03-31T15:27:35.016012+00:00'::timestamptz WHERE "django_session"."session_key" = '147qlgn9my4ww2uk493c1tv0exm1ugez'; args=('.eJxVjrEOwjAQQ_8lKxDd5UjSZmRnY48uzYUWUCs1hQXx77QSC5Ml-9nyW1WpdZjG-JJ5UxVwryI_lz4-q8xxyCooi-rPTNzdZdySfOPxOuluGpd5SHpD9C-t-jxleZx-7N9Az7Vf211bmpJTOrZEJWdOjbjkPRRqbRJyWAAEsbima9i3NjtjjC_AyTniTOvog-sSq8h6XBkw7gB0ILygDegDWQ149Ag7gACgPl9CQ0r7:1w7aqV:yhlL_RW4DWAHpEYdPS07O6Unbj681kStcQavAFZqcu4', datetime.datetime(2026, 3, 31, 15, 27, 35, 16012, tzinfo=datetime.timezone.utc), '147qlgn9my4ww2uk493c1tv0exm1ugez'); alias=default
(0.005) COMMIT; args=None; alias=default
"GET /api/nwp_models/list-models/ HTTP/1.1" 200 530
(0.014) SELECT "django_session"."session_key", "django_session"."session_data", "django_session"."expire_date" FROM "django_session" WHERE ("django_session"."expire_date" > '2026-03-31T15:17:35.057088+00:00'::timestamptz AND "django_session"."session_key" = '147qlgn9my4ww2uk493c1tv0exm1ugez') LIMIT 21; args=(datetime.datetime(2026, 3, 31, 15, 17, 35, 57088, tzinfo=datetime.timezone.utc), '147qlgn9my4ww2uk493c1tv0exm1ugez'); alias=default
(0.011) SELECT "auth_user"."id", "auth_user"."password", "auth_user"."last_login", "auth_user"."is_superuser", "auth_user"."username", "auth_user"."first_name", "auth_user"."last_name", "auth_user"."email", "auth_user"."is_staff", "auth_user"."is_active", "auth_user"."date_joined" FROM "auth_user" WHERE "auth_user"."id" = 51 LIMIT 21; args=(51,); alias=default
(0.000) BEGIN; args=None; alias=default
(0.001) UPDATE "django_session" SET "session_data" = '.eJxVjrEOwjAQQ_8lKxDd5UjSZmRnY48uzYUWUCs1hQXx77QSC5Ml-9nyW1WpdZjG-JJ5UxVwryI_lz4-q8xxyCooi-rPTNzdZdySfOPxOuluGpd5SHpD9C-t-jxleZx-7N9Az7Vf211bmpJTOrZEJWdOjbjkPRRqbRJyWAAEsbima9i3NjtjjC_AyTniTOvog-sSq8h6XBkw7gB0ILygDegDWY1bxewAAoD6fAFCX0r9:1w7aqV:9rnPTJS9Y_JYvFfgVxv1JQ7XtFcs_pWuYlRnSVAGhkg', "expire_date" = '2026-03-31T15:27:35.163431+00:00'::timestamptz WHERE "django_session"."session_key" = '147qlgn9my4ww2uk493c1tv0exm1ugez'; args=('.eJxVjrEOwjAQQ_8lKxDd5UjSZmRnY48uzYUWUCs1hQXx77QSC5Ml-9nyW1WpdZjG-JJ5UxVwryI_lz4-q8xxyCooi-rPTNzdZdySfOPxOuluGpd5SHpD9C-t-jxleZx-7N9Az7Vf211bmpJTOrZEJWdOjbjkPRRqbRJyWAAEsbima9i3NjtjjC_AyTniTOvog-sSq8h6XBkw7gB0ILygDegDWY1bxewAAoD6fAFCX0r9:1w7aqV:9rnPTJS9Y_JYvFfgVxv1JQ7XtFcs_pWuYlRnSVAGhkg', datetime.datetime(2026, 3, 31, 15, 27, 35, 163431, tzinfo=datetime.timezone.utc), '147qlgn9my4ww2uk493c1tv0exm1ugez'); alias=default
(0.012) COMMIT; args=None; alias=default
"GET /api/session/ HTTP/1.1" 200 144
(0.003) SELECT "django_session"."session_key", "django_session"."session_data", "django_session"."expire_date" FROM "django_session" WHERE ("django_session"."expire_date" > '2026-03-31T15:17:36.327989+00:00'::timestamptz AND "django_session"."session_key" = '147qlgn9my4ww2uk493c1tv0exm1ugez') LIMIT 21; args=(datetime.datetime(2026, 3, 31, 15, 17, 36, 327989, tzinfo=datetime.timezone.utc), '147qlgn9my4ww2uk493c1tv0exm1ugez'); alias=default
(0.002) SELECT "auth_user"."id", "auth_user"."password", "auth_user"."last_login", "auth_user"."is_superuser", "auth_user"."username", "auth_user"."first_name", "auth_user"."last_name", "auth_user"."email", "auth_user"."is_staff", "auth_user"."is_active", "auth_user"."date_joined" FROM "auth_user" WHERE "auth_user"."id" = 51 LIMIT 21; args=(51,); alias=default
(0.002) SELECT "news_warning"."id", "news_warning"."title", "news_warning"."slug", "news_warning"."warning_type", "news_warning"."message", "news_warning"."start_at", "news_warning"."end_at", "news_warning"."is_active", "news_warning"."priority", "news_warning"."created_at", "news_warning"."updated_at" FROM "news_warning" WHERE ("news_warning"."is_active" AND "news_warning"."start_at" <= '2026-03-31T15:17:36.410869+00:00'::timestamptz AND ("news_warning"."end_at" >= '2026-03-31T15:17:36.410869+00:00'::timestamptz OR "news_warning"."end_at" IS NULL)) ORDER BY "news_warning"."priority" DESC, "news_warning"."start_at" DESC; args=(datetime.datetime(2026, 3, 31, 15, 17, 36, 410869, tzinfo=datetime.timezone.utc), datetime.datetime(2026, 3, 31, 15, 17, 36, 410869, tzinfo=datetime.timezone.utc)); alias=default
(0.006) SELECT "django_session"."session_key", "django_session"."session_data", "django_session"."expire_date" FROM "django_session" WHERE ("django_session"."expire_date" > '2026-03-31T15:17:36.330696+00:00'::timestamptz AND "django_session"."session_key" = '147qlgn9my4ww2uk493c1tv0exm1ugez') LIMIT 21; args=(datetime.datetime(2026, 3, 31, 15, 17, 36, 330696, tzinfo=datetime.timezone.utc), '147qlgn9my4ww2uk493c1tv0exm1ugez'); alias=default
(0.000) BEGIN; args=None; alias=default
(0.001) SELECT "auth_user"."id", "auth_user"."password", "auth_user"."last_login", "auth_user"."is_superuser", "auth_user"."username", "auth_user"."first_name", "auth_user"."last_name", "auth_user"."email", "auth_user"."is_staff", "auth_user"."is_active", "auth_user"."date_joined" FROM "auth_user" WHERE "auth_user"."id" = 51 LIMIT 21; args=(51,); alias=default
(0.001) UPDATE "django_session" SET "session_data" = '.eJxVjjEPwiAUhP8Lq0oePAuF0d3NnTzKw1YbmpTWxfjfbRMXp0vuvrvcW1SudZhKePG8q_DqKAKtSx_WynMYkvCiUeLPjNQ9uexJelC5T7KbyjIPUe6I_KVVXqfE4-XH_g30VPut3bnc5hTj2SHmlCi2bKK1kNE1kdGoDMBKZdN2LVnXJKO1thkoGoOUcBsdqS6hMm_HhQZtToAnVDfVeGU9GnkGZx0cADyA-HwBQwpLDA:1w7aqW:Z10JfjmndwTgjqPjWIbtT0dnIszzM6u8YSEPgXUF8Tw', "expire_date" = '2026-03-31T15:27:36.421124+00:00'::timestamptz WHERE "django_session"."session_key" = '147qlgn9my4ww2uk493c1tv0exm1ugez'; args=('.eJxVjjEPwiAUhP8Lq0oePAuF0d3NnTzKw1YbmpTWxfjfbRMXp0vuvrvcW1SudZhKePG8q_DqKAKtSx_WynMYkvCiUeLPjNQ9uexJelC5T7KbyjIPUe6I_KVVXqfE4-XH_g30VPut3bnc5hTj2SHmlCi2bKK1kNE1kdGoDMBKZdN2LVnXJKO1thkoGoOUcBsdqS6hMm_HhQZtToAnVDfVeGU9GnkGZx0cADyA-HwBQwpLDA:1w7aqW:Z10JfjmndwTgjqPjWIbtT0dnIszzM6u8YSEPgXUF8Tw', datetime.datetime(2026, 3, 31, 15, 27, 36, 421124, tzinfo=datetime.timezone.utc), '147qlgn9my4ww2uk493c1tv0exm1ugez'); alias=default
(0.002) SELECT "news_event"."id", "news_event"."title", "news_event"."slug", "news_event"."description", "news_event"."location", "news_event"."start_date", "news_event"."end_date", "news_event"."is_active", "news_event"."created_at" FROM "news_event" WHERE ("news_event"."is_active" AND "news_event"."start_date" >= '2026-03-31T15:17:36.425461+00:00'::timestamptz) ORDER BY "news_event"."start_date" ASC LIMIT 5; args=(datetime.datetime(2026, 3, 31, 15, 17, 36, 425461, tzinfo=datetime.timezone.utc),); alias=default
(0.000) BEGIN; args=None; alias=default
(0.014) COMMIT; args=None; alias=default
(0.004) UPDATE "django_session" SET "session_data" = '.eJxVjr0OwjAQg98lKzS65JqfZmRnY48uzYUWUCs1hQXx7rQSC5Ml-7Plt6hc6zhP8cXLriKoo4j0XIf4rLzEMYsgjBJ_ZqL-ztOe5BtN11n287QuY5I7In9plec58-P0Y_8GBqrD1u674ktOqe0QS86UPNvkHBTsTGK0qgCwUsX63pPrTLZaa1eAkrVIGbfRB9U1VubtuNCgbQPYoLooE5QLaGWrDWh_AAgA4vMFQqlLBA:1w7aqW:Rlthx9SgAbCDqUmR8JahTpLNser_C7oXRYkDLgXNoME', "expire_date" = '2026-03-31T15:27:36.436846+00:00'::timestamptz WHERE "django_session"."session_key" = '147qlgn9my4ww2uk493c1tv0exm1ugez'; args=('.eJxVjr0OwjAQg98lKzS65JqfZmRnY48uzYUWUCs1hQXx7rQSC5Ml-7Plt6hc6zhP8cXLriKoo4j0XIf4rLzEMYsgjBJ_ZqL-ztOe5BtN11n287QuY5I7In9plec58-P0Y_8GBqrD1u674ktOqe0QS86UPNvkHBTsTGK0qgCwUsX63pPrTLZaa1eAkrVIGbfRB9U1VubtuNCgbQPYoLooE5QLaGWrDWh_AAgA4vMFQqlLBA:1w7aqW:Rlthx9SgAbCDqUmR8JahTpLNser_C7oXRYkDLgXNoME', datetime.datetime(2026, 3, 31, 15, 27, 36, 436846, tzinfo=datetime.timezone.utc), '147qlgn9my4ww2uk493c1tv0exm1ugez'); alias=default
"GET /api/warnings/active/ HTTP/1.1" 200 2
(0.079) COMMIT; args=None; alias=default
"GET /api/events/upcoming/ HTTP/1.1" 200 2
(0.002) SELECT "django_session"."session_key", "django_session"."session_data", "django_session"."expire_date" FROM "django_session" WHERE ("django_session"."expire_date" > '2026-03-31T15:17:36.499300+00:00'::timestamptz AND "django_session"."session_key" = '147qlgn9my4ww2uk493c1tv0exm1ugez') LIMIT 21; args=(datetime.datetime(2026, 3, 31, 15, 17, 36, 499300, tzinfo=datetime.timezone.utc), '147qlgn9my4ww2uk493c1tv0exm1ugez'); alias=default
(0.001) SELECT "auth_user"."id", "auth_user"."password", "auth_user"."last_login", "auth_user"."is_superuser", "auth_user"."username", "auth_user"."first_name", "auth_user"."last_name", "auth_user"."email", "auth_user"."is_staff", "auth_user"."is_active", "auth_user"."date_joined" FROM "auth_user" WHERE "auth_user"."id" = 51 LIMIT 21; args=(51,); alias=default
(0.006) SELECT "news_news"."id", "news_news"."title", "news_news"."slug", "news_news"."content", "news_news"."published_at", "news_news"."is_published", "news_news"."author", "news_news"."image", "news_news"."created_at", "news_news"."updated_at" FROM "news_news" WHERE "news_news"."is_published" ORDER BY "news_news"."published_at" DESC; args=(); alias=default
(0.000) BEGIN; args=None; alias=default
(0.009) UPDATE "django_session" SET "session_data" = '.eJxVjrFuwzAQQ_9Fa2vhTldJlsbs3bILJ-tUuw1swHK6BPn32ICXTATIR4IP1aS1aZnTv6yHqoifKvF9G9O9yZqmoqKyqN7MzMOfzEdSfnn-WfSwzNs6ZX0g-kyb_l6K3C4n-zYwchv39hBqX0vOX4GolsK5F5e9h0rBZiGHFUAQq-uHnn2wxRljfAXOzhEX2kdv3LbURPbjyoBxHVBHeEUb0Udy2gZC9B8AEUA9X0LySwk:1w7aqW:L0SDHGrhr2RAaIdK0VK_Yq3whs-YjaNUQ9AWb6wZo14', "expire_date" = '2026-03-31T15:27:36.607532+00:00'::timestamptz WHERE "django_session"."session_key" = '147qlgn9my4ww2uk493c1tv0exm1ugez'; args=('.eJxVjrFuwzAQQ_9Fa2vhTldJlsbs3bILJ-tUuw1swHK6BPn32ICXTATIR4IP1aS1aZnTv6yHqoifKvF9G9O9yZqmoqKyqN7MzMOfzEdSfnn-WfSwzNs6ZX0g-kyb_l6K3C4n-zYwchv39hBqX0vOX4GolsK5F5e9h0rBZiGHFUAQq-uHnn2wxRljfAXOzhEX2kdv3LbURPbjyoBxHVBHeEUb0Udy2gZC9B8AEUA9X0LySwk:1w7aqW:L0SDHGrhr2RAaIdK0VK_Yq3whs-YjaNUQ9AWb6wZo14', datetime.datetime(2026, 3, 31, 15, 27, 36, 607532, tzinfo=datetime.timezone.utc), '147qlgn9my4ww2uk493c1tv0exm1ugez'); alias=default
(0.007) SELECT "django_session"."session_key", "django_session"."session_data", "django_session"."expire_date" FROM "django_session" WHERE ("django_session"."expire_date" > '2026-03-31T15:17:36.543342+00:00'::timestamptz AND "django_session"."session_key" = '147qlgn9my4ww2uk493c1tv0exm1ugez') LIMIT 21; args=(datetime.datetime(2026, 3, 31, 15, 17, 36, 543342, tzinfo=datetime.timezone.utc), '147qlgn9my4ww2uk493c1tv0exm1ugez'); alias=default
(0.012) SELECT "auth_user"."id", "auth_user"."password", "auth_user"."last_login", "auth_user"."is_superuser", "auth_user"."username", "auth_user"."first_name", "auth_user"."last_name", "auth_user"."email", "auth_user"."is_staff", "auth_user"."is_active", "auth_user"."date_joined" FROM "auth_user" WHERE "auth_user"."id" = 51 LIMIT 21; args=(51,); alias=default
(0.022) COMMIT; args=None; alias=default
(0.002) SELECT "news_announcement"."id", "news_announcement"."title", "news_announcement"."message", "news_announcement"."slug", "news_announcement"."start_at", "news_announcement"."end_at", "news_announcement"."is_active", "news_announcement"."priority", "news_announcement"."created_at", "news_announcement"."updated_at" FROM "news_announcement" WHERE ("news_announcement"."is_active" AND "news_announcement"."start_at" <= '2026-03-31T15:17:36.638183+00:00'::timestamptz AND ("news_announcement"."end_at" >= '2026-03-31T15:17:36.638183+00:00'::timestamptz OR "news_announcement"."end_at" IS NULL)) ORDER BY "news_announcement"."priority" DESC, "news_announcement"."start_at" DESC; args=(datetime.datetime(2026, 3, 31, 15, 17, 36, 638183, tzinfo=datetime.timezone.utc), datetime.datetime(2026, 3, 31, 15, 17, 36, 638183, tzinfo=datetime.timezone.utc)); alias=default
(0.000) BEGIN; args=None; alias=default
(0.001) UPDATE "django_session" SET "session_data" = '.eJxVjrEOwjAQQ_8lKzS65OilzcjOxh5dmgstoFZqCgvi32mlLkyW7GfLH1WklGEaw1vmTZU3RxX4tfThVWQOQ1Je1Ub9mZG7h4xbku483ibdTeMyD1FviN7Toi9Tkud5Z_8Gei792u7a3OQU46lFzClxbISic5CxraMgmQwgxmRquoZdWyey1roMHImQE66jTy5LKCLrcWXBUgVYobma2hvnkTShcwgHAA-gvj9C-UsJ:1w7aqW:2H7vjQtCsSTjZSUPH-BWlRQPNtQjwl5J1eodJQSbVoQ', "expire_date" = '2026-03-31T15:27:36.642730+00:00'::timestamptz WHERE "django_session"."session_key" = '147qlgn9my4ww2uk493c1tv0exm1ugez'; args=('.eJxVjrEOwjAQQ_8lKzS65OilzcjOxh5dmgstoFZqCgvi32mlLkyW7GfLH1WklGEaw1vmTZU3RxX4tfThVWQOQ1Je1Ub9mZG7h4xbku483ibdTeMyD1FviN7Toi9Tkud5Z_8Gei792u7a3OQU46lFzClxbISic5CxraMgmQwgxmRquoZdWyey1roMHImQE66jTy5LKCLrcWXBUgVYobma2hvnkTShcwgHAA-gvj9C-UsJ:1w7aqW:2H7vjQtCsSTjZSUPH-BWlRQPNtQjwl5J1eodJQSbVoQ', datetime.datetime(2026, 3, 31, 15, 27, 36, 642730, tzinfo=datetime.timezone.utc), '147qlgn9my4ww2uk493c1tv0exm1ugez'); alias=default
"GET /api/news/ HTTP/1.1" 200 2
(0.057) COMMIT; args=None; alias=default
"GET /api/announcements/active/ HTTP/1.1" 200 2
(0.002) SELECT "django_session"."session_key", "django_session"."session_data", "django_session"."expire_date" FROM "django_session" WHERE ("django_session"."expire_date" > '2026-03-31T15:18:42.983754+00:00'::timestamptz AND "django_session"."session_key" = '147qlgn9my4ww2uk493c1tv0exm1ugez') LIMIT 21; args=(datetime.datetime(2026, 3, 31, 15, 18, 42, 983754, tzinfo=datetime.timezone.utc), '147qlgn9my4ww2uk493c1tv0exm1ugez'); alias=default
(0.001) SELECT "auth_user"."id", "auth_user"."password", "auth_user"."last_login", "auth_user"."is_superuser", "auth_user"."username", "auth_user"."first_name", "auth_user"."last_name", "auth_user"."email", "auth_user"."is_staff", "auth_user"."is_active", "auth_user"."date_joined" FROM "auth_user" WHERE "auth_user"."id" = 51 LIMIT 21; args=(51,); alias=default
(0.000) BEGIN; args=None; alias=default
(0.001) UPDATE "django_session" SET "session_data" = '.eJxVjr0OwjAMhN8lKxDZMU3SjOxs7JHTOLSAWqkpLIh3p5VYmE66n0_3VlVqHaYxvmTeVAXcq8jPpY_PKnMcsgqqQfVnJu7uMm5JvvF4nXQ3jcs8JL1V9C-t-jxleZx-3T9Az7Vf111bfMkpHVuikjMnLzY5B4XaJglZLACCWKzvPLu2ydYY4wpwspY40wp9cF1iFVmPKwPGHoAOhBdsAvpwJA3oVuAOIACozxdCp0sE:1w7arb:JeCCK9qA6-LSIwqYWAg0Gu5bw7Dm7d2jhZSfw_5x5tY', "expire_date" = '2026-03-31T15:28:43.018614+00:00'::timestamptz WHERE "django_session"."session_key" = '147qlgn9my4ww2uk493c1tv0exm1ugez'; args=('.eJxVjr0OwjAMhN8lKxDZMU3SjOxs7JHTOLSAWqkpLIh3p5VYmE66n0_3VlVqHaYxvmTeVAXcq8jPpY_PKnMcsgqqQfVnJu7uMm5JvvF4nXQ3jcs8JL1V9C-t-jxleZx-3T9Az7Vf111bfMkpHVuikjMnLzY5B4XaJglZLACCWKzvPLu2ydYY4wpwspY40wp9cF1iFVmPKwPGHoAOhBdsAvpwJA3oVuAOIACozxdCp0sE:1w7arb:JeCCK9qA6-LSIwqYWAg0Gu5bw7Dm7d2jhZSfw_5x5tY', datetime.datetime(2026, 3, 31, 15, 28, 43, 18614, tzinfo=datetime.timezone.utc), '147qlgn9my4ww2uk493c1tv0exm1ugez'); alias=default
(0.004) COMMIT; args=None; alias=default
"GET /api/session/ HTTP/1.1" 200 144
(0.005) SELECT "django_session"."session_key", "django_session"."session_data", "django_session"."expire_date" FROM "django_session" WHERE ("django_session"."expire_date" > '2026-03-31T15:18:59.912285+00:00'::timestamptz AND "django_session"."session_key" = '147qlgn9my4ww2uk493c1tv0exm1ugez') LIMIT 21; args=(datetime.datetime(2026, 3, 31, 15, 18, 59, 912285, tzinfo=datetime.timezone.utc), '147qlgn9my4ww2uk493c1tv0exm1ugez'); alias=default
(0.001) SELECT "auth_user"."id", "auth_user"."password", "auth_user"."last_login", "auth_user"."is_superuser", "auth_user"."username", "auth_user"."first_name", "auth_user"."last_name", "auth_user"."email", "auth_user"."is_staff", "auth_user"."is_active", "auth_user"."date_joined" FROM "auth_user" WHERE "auth_user"."id" = 51 LIMIT 21; args=(51,); alias=default
(0.000) BEGIN; args=None; alias=default
(0.003) UPDATE "django_session" SET "session_data" = '.eJxVTj0PgyAQ_S-sreQOFMSxe7fu5JCj2hpNRLs0_e_VxMXp5X3mfUXmnPtp9B-edxQNXoWnden8mnn2fRSNqFCcxEDtm8fdiS8an5Nsp3GZ-yD3iDzcLO9T5OF2ZE8DHeVua7cu1SmGUDqtU4wUajbBWkjaVYG1wQTAiMnUbU3WVdEopWwCCsZoinobHSgvPjNvx4UCZQrQhcYHVg26BkAC2hLUBWAj4vcHQfFK9g:1w7ars:tvD1YDexa9fxij7oZSF8-dwpej7S67k3BAEMWiv5d9c', "expire_date" = '2026-03-31T15:29:00.018555+00:00'::timestamptz WHERE "django_session"."session_key" = '147qlgn9my4ww2uk493c1tv0exm1ugez'; args=('.eJxVTj0PgyAQ_S-sreQOFMSxe7fu5JCj2hpNRLs0_e_VxMXp5X3mfUXmnPtp9B-edxQNXoWnden8mnn2fRSNqFCcxEDtm8fdiS8an5Nsp3GZ-yD3iDzcLO9T5OF2ZE8DHeVua7cu1SmGUDqtU4wUajbBWkjaVYG1wQTAiMnUbU3WVdEopWwCCsZoinobHSgvPjNvx4UCZQrQhcYHVg26BkAC2hLUBWAj4vcHQfFK9g:1w7ars:tvD1YDexa9fxij7oZSF8-dwpej7S67k3BAEMWiv5d9c', datetime.datetime(2026, 3, 31, 15, 29, 0, 18555, tzinfo=datetime.timezone.utc), '147qlgn9my4ww2uk493c1tv0exm1ugez'); alias=default
(0.005) COMMIT; args=None; alias=default
"GET /api/session/ HTTP/1.1" 200 144
(0.003) SELECT "django_session"."session_key", "django_session"."session_data", "django_session"."expire_date" FROM "django_session" WHERE ("django_session"."expire_date" > '2026-03-31T15:23:50.668968+00:00'::timestamptz AND "django_session"."session_key" = '147qlgn9my4ww2uk493c1tv0exm1ugez') LIMIT 21; args=(datetime.datetime(2026, 3, 31, 15, 23, 50, 668968, tzinfo=datetime.timezone.utc), '147qlgn9my4ww2uk493c1tv0exm1ugez'); alias=default
(0.009) SELECT "auth_user"."id", "auth_user"."password", "auth_user"."last_login", "auth_user"."is_superuser", "auth_user"."username", "auth_user"."first_name", "auth_user"."last_name", "auth_user"."email", "auth_user"."is_staff", "auth_user"."is_active", "auth_user"."date_joined" FROM "auth_user" WHERE "auth_user"."id" = 51 LIMIT 21; args=(51,); alias=default
(0.000) BEGIN; args=None; alias=default
(0.046) UPDATE "django_session" SET "session_data" = '.eJxVjjEPgjAUhP9LV6V57bMtdHR3c29e6augBBIKLsb_LiQsTpfcfXe5jyhcSj-N4c3zrsKrswi0Ll1YC8-hT8ILo8SfGal98bgn6UnjY5LtNC5zH-WOyCMt8jYlHq4H-zfQUem2dtvkOqcYLw1iTolizTY6BxkbExmtygCsVLZ1W5NrTLJaa5eBorVICbfRgcoSCvN2XGjQtgKsUN2V8Rq9AekQLLgTgAcQ3x9CU0r_:1w7awY:vGVnlKrQUD7uZZLdd5X4Va9UrzoiWA-PNYbrAA2F0d8', "expire_date" = '2026-03-31T15:33:50.731391+00:00'::timestamptz WHERE "django_session"."session_key" = '147qlgn9my4ww2uk493c1tv0exm1ugez'; args=('.eJxVjjEPgjAUhP9LV6V57bMtdHR3c29e6augBBIKLsb_LiQsTpfcfXe5jyhcSj-N4c3zrsKrswi0Ll1YC8-hT8ILo8SfGal98bgn6UnjY5LtNC5zH-WOyCMt8jYlHq4H-zfQUem2dtvkOqcYLw1iTolizTY6BxkbExmtygCsVLZ1W5NrTLJaa5eBorVICbfRgcoSCvN2XGjQtgKsUN2V8Rq9AekQLLgTgAcQ3x9CU0r_:1w7awY:vGVnlKrQUD7uZZLdd5X4Va9UrzoiWA-PNYbrAA2F0d8', datetime.datetime(2026, 3, 31, 15, 33, 50, 731391, tzinfo=datetime.timezone.utc), '147qlgn9my4ww2uk493c1tv0exm1ugez'); alias=default
(0.044) COMMIT; args=None; alias=default
"GET /api/health/ HTTP/1.1" 200 16
(0.005) SELECT "django_session"."session_key", "django_session"."session_data", "django_session"."expire_date" FROM "django_session" WHERE ("django_session"."expire_date" > '2026-03-31T15:24:54.372733+00:00'::timestamptz AND "django_session"."session_key" = '147qlgn9my4ww2uk493c1tv0exm1ugez') LIMIT 21; args=(datetime.datetime(2026, 3, 31, 15, 24, 54, 372733, tzinfo=datetime.timezone.utc), '147qlgn9my4ww2uk493c1tv0exm1ugez'); alias=default
(0.005) SELECT "django_session"."session_key", "django_session"."session_data", "django_session"."expire_date" FROM "django_session" WHERE ("django_session"."expire_date" > '2026-03-31T15:24:54.375485+00:00'::timestamptz AND "django_session"."session_key" = '147qlgn9my4ww2uk493c1tv0exm1ugez') LIMIT 21; args=(datetime.datetime(2026, 3, 31, 15, 24, 54, 375485, tzinfo=datetime.timezone.utc), '147qlgn9my4ww2uk493c1tv0exm1ugez'); alias=default
(0.001) SELECT "auth_user"."id", "auth_user"."password", "auth_user"."last_login", "auth_user"."is_superuser", "auth_user"."username", "auth_user"."first_name", "auth_user"."last_name", "auth_user"."email", "auth_user"."is_staff", "auth_user"."is_active", "auth_user"."date_joined" FROM "auth_user" WHERE "auth_user"."id" = 51 LIMIT 21; args=(51,); alias=default
(0.001) SELECT "auth_user"."id", "auth_user"."password", "auth_user"."last_login", "auth_user"."is_superuser", "auth_user"."username", "auth_user"."first_name", "auth_user"."last_name", "auth_user"."email", "auth_user"."is_staff", "auth_user"."is_active", "auth_user"."date_joined" FROM "auth_user" WHERE "auth_user"."id" = 51 LIMIT 21; args=(51,); alias=default
(0.000) BEGIN; args=None; alias=default
(0.000) BEGIN; args=None; alias=default
(0.001) UPDATE "django_session" SET "session_data" = '.eJxVjrEOgzAQQ_8la0t0yZEAGbt36x5dyKXQIpAIdKn67wWJhcmS_Wz5KzLn3E-j__C8q3DqKjytS-fXzLPvo3DCKHEyA7VvHvckvmh8TrKdxmXug9wReaRZ3qfIw-1gTwMd5W5rt02qUwyhbBBTjBRqtqGqIGFjAqNVCYCVSrZua6oaE63WukpAwVqkiNvoQHnxmXk7LjRoWwAWqB7KOF06U8pSozXmAuAAxO8PQrNLBg:1w7axa:sv_-LprvtjBRyvurXoxgTv9wwP7QldxrffNV2ITIEls', "expire_date" = '2026-03-31T15:34:54.424079+00:00'::timestamptz WHERE "django_session"."session_key" = '147qlgn9my4ww2uk493c1tv0exm1ugez'; args=('.eJxVjrEOgzAQQ_8la0t0yZEAGbt36x5dyKXQIpAIdKn67wWJhcmS_Wz5KzLn3E-j__C8q3DqKjytS-fXzLPvo3DCKHEyA7VvHvckvmh8TrKdxmXug9wReaRZ3qfIw-1gTwMd5W5rt02qUwyhbBBTjBRqtqGqIGFjAqNVCYCVSrZua6oaE63WukpAwVqkiNvoQHnxmXk7LjRoWwAWqB7KOF06U8pSozXmAuAAxO8PQrNLBg:1w7axa:sv_-LprvtjBRyvurXoxgTv9wwP7QldxrffNV2ITIEls', datetime.datetime(2026, 3, 31, 15, 34, 54, 424079, tzinfo=datetime.timezone.utc), '147qlgn9my4ww2uk493c1tv0exm1ugez'); alias=default
(0.004) COMMIT; args=None; alias=default
(0.005) UPDATE "django_session" SET "session_data" = '.eJxVjjEPgyAUhP8Layt5gCAydu_WnTzkUW0NJqJdmv73auLidMndd5f7skKlDFP2H5p3ZU5cmcd16f1aaPZDZI5pwU5mwO5NeU_iC_Nz4t2Ul3kIfEf4kRZ-nyKNt4M9DfRY-q3dtcmmGELdKpVixGDJhKaBpFodSBmRAEiIZGxnsWl1NFLKJgEGYxRGtY2OWBZfiLbjTII0FahKiYfQTtZO17zeG_YC4ADY7w9CqksG:1w7axa:262rhX-nlOenMKnOND3Bb0ncz6ENzbAXWQG39uXveMA', "expire_date" = '2026-03-31T15:34:54.425877+00:00'::timestamptz WHERE "django_session"."session_key" = '147qlgn9my4ww2uk493c1tv0exm1ugez'; args=('.eJxVjjEPgyAUhP8Layt5gCAydu_WnTzkUW0NJqJdmv73auLidMndd5f7skKlDFP2H5p3ZU5cmcd16f1aaPZDZI5pwU5mwO5NeU_iC_Nz4t2Ul3kIfEf4kRZ-nyKNt4M9DfRY-q3dtcmmGELdKpVixGDJhKaBpFodSBmRAEiIZGxnsWl1NFLKJgEGYxRGtY2OWBZfiLbjTII0FahKiYfQTtZO17zeG_YC4ADY7w9CqksG:1w7axa:262rhX-nlOenMKnOND3Bb0ncz6ENzbAXWQG39uXveMA', datetime.datetime(2026, 3, 31, 15, 34, 54, 425877, tzinfo=datetime.timezone.utc), '147qlgn9my4ww2uk493c1tv0exm1ugez'); alias=default
"GET /api/health/ HTTP/1.1" 200 16
(0.013) COMMIT; args=None; alias=default
"GET /api/csrf/ HTTP/1.1" 200 120
(0.002) SELECT "django_session"."session_key", "django_session"."session_data", "django_session"."expire_date" FROM "django_session" WHERE ("django_session"."expire_date" > '2026-03-31T15:24:54.470941+00:00'::timestamptz AND "django_session"."session_key" = '147qlgn9my4ww2uk493c1tv0exm1ugez') LIMIT 21; args=(datetime.datetime(2026, 3, 31, 15, 24, 54, 470941, tzinfo=datetime.timezone.utc), '147qlgn9my4ww2uk493c1tv0exm1ugez'); alias=default
(0.001) SELECT "auth_user"."id", "auth_user"."password", "auth_user"."last_login", "auth_user"."is_superuser", "auth_user"."username", "auth_user"."first_name", "auth_user"."last_name", "auth_user"."email", "auth_user"."is_staff", "auth_user"."is_active", "auth_user"."date_joined" FROM "auth_user" WHERE "auth_user"."id" = 51 LIMIT 21; args=(51,); alias=default
(0.000) BEGIN; args=None; alias=default
(0.001) UPDATE "django_session" SET "session_data" = '.eJxVjjEPgyAUhP8Layt5gCAwdu_WnTzkUW2NJqJdmv73auLidMndd5f7skKl9NMYPjTvyry4soDr0oW10Bz6xDzTgp3MiO2bxj1JLxyfE2-ncZn7yHeEH2nh9ynRcDvY00CHpdvarcs2pxhrp1ROCaMlE5sGsnI6kjIiA5AQ2djWYuN0MlLKJgNGYxQmtY0OWJZQiLbjTII0FahKiYfQXtZe17x2xjq4AHgA9vsDQ0NLEQ:1w7axa:i5IU8G9f7bQl_15ly4fu4F3RFtcNxjXG5-Y04yvCInM', "expire_date" = '2026-03-31T15:34:54.498233+00:00'::timestamptz WHERE "django_session"."session_key" = '147qlgn9my4ww2uk493c1tv0exm1ugez'; args=('.eJxVjjEPgyAUhP8Layt5gCAwdu_WnTzkUW2NJqJdmv73auLidMndd5f7skKl9NMYPjTvyry4soDr0oW10Bz6xDzTgp3MiO2bxj1JLxyfE2-ncZn7yHeEH2nh9ynRcDvY00CHpdvarcs2pxhrp1ROCaMlE5sGsnI6kjIiA5AQ2djWYuN0MlLKJgNGYxQmtY0OWJZQiLbjTII0FahKiYfQXtZe17x2xjq4AHgA9vsDQ0NLEQ:1w7axa:i5IU8G9f7bQl_15ly4fu4F3RFtcNxjXG5-Y04yvCInM', datetime.datetime(2026, 3, 31, 15, 34, 54, 498233, tzinfo=datetime.timezone.utc), '147qlgn9my4ww2uk493c1tv0exm1ugez'); alias=default
(0.008) COMMIT; args=None; alias=default
"GET /api/session/ HTTP/1.1" 200 144
(0.002) SELECT "django_session"."session_key", "django_session"."session_data", "django_session"."expire_date" FROM "django_session" WHERE ("django_session"."expire_date" > '2026-03-31T15:24:54.562578+00:00'::timestamptz AND "django_session"."session_key" = '147qlgn9my4ww2uk493c1tv0exm1ugez') LIMIT 21; args=(datetime.datetime(2026, 3, 31, 15, 24, 54, 562578, tzinfo=datetime.timezone.utc), '147qlgn9my4ww2uk493c1tv0exm1ugez'); alias=default
(0.005) SELECT "auth_user"."id", "auth_user"."password", "auth_user"."last_login", "auth_user"."is_superuser", "auth_user"."username", "auth_user"."first_name", "auth_user"."last_name", "auth_user"."email", "auth_user"."is_staff", "auth_user"."is_active", "auth_user"."date_joined" FROM "auth_user" WHERE "auth_user"."id" = 51 LIMIT 21; args=(51,); alias=default
(0.003) SELECT "news_warning"."id", "news_warning"."title", "news_warning"."slug", "news_warning"."warning_type", "news_warning"."message", "news_warning"."start_at", "news_warning"."end_at", "news_warning"."is_active", "news_warning"."priority", "news_warning"."created_at", "news_warning"."updated_at" FROM "news_warning" WHERE ("news_warning"."is_active" AND "news_warning"."start_at" <= '2026-03-31T15:24:54.635357+00:00'::timestamptz AND ("news_warning"."end_at" >= '2026-03-31T15:24:54.635357+00:00'::timestamptz OR "news_warning"."end_at" IS NULL)) ORDER BY "news_warning"."priority" DESC, "news_warning"."start_at" DESC; args=(datetime.datetime(2026, 3, 31, 15, 24, 54, 635357, tzinfo=datetime.timezone.utc), datetime.datetime(2026, 3, 31, 15, 24, 54, 635357, tzinfo=datetime.timezone.utc)); alias=default
(0.000) BEGIN; args=None; alias=default
(0.009) SELECT "django_session"."session_key", "django_session"."session_data", "django_session"."expire_date" FROM "django_session" WHERE ("django_session"."expire_date" > '2026-03-31T15:24:54.570321+00:00'::timestamptz AND "django_session"."session_key" = '147qlgn9my4ww2uk493c1tv0exm1ugez') LIMIT 21; args=(datetime.datetime(2026, 3, 31, 15, 24, 54, 570321, tzinfo=datetime.timezone.utc), '147qlgn9my4ww2uk493c1tv0exm1ugez'); alias=default
(0.013) UPDATE "django_session" SET "session_data" = '.eJxVjjEPgyAUhP8Layt5gIAwdu_WnTzkUW2NJqJdmv73auLidMndd5f7skKl9NMYPjTvyry4soDr0oW10Bz6xDzTgp3MiO2bxj1JLxyfE2-ncZn7yHeEH2nh9ynRcDvY00CHpdvarctNTjHWTqmcEsaGTLQWsnI6kjIiA5AQ2TRtg9bpZKSUNgNGYxQmtY0OWJZQiLbjTII0FahKiYfQXtZe19xIJ7S9AHgA9vsDQvJLCw:1w7axa:WGXO75RHjXFYxrOn-1A59JH9XkdxpTETxzsmv9IKvU8', "expire_date" = '2026-03-31T15:34:54.640878+00:00'::timestamptz WHERE "django_session"."session_key" = '147qlgn9my4ww2uk493c1tv0exm1ugez'; args=('.eJxVjjEPgyAUhP8Layt5gIAwdu_WnTzkUW2NJqJdmv73auLidMndd5f7skKl9NMYPjTvyry4soDr0oW10Bz6xDzTgp3MiO2bxj1JLxyfE2-ncZn7yHeEH2nh9ynRcDvY00CHpdvarctNTjHWTqmcEsaGTLQWsnI6kjIiA5AQ2TRtg9bpZKSUNgNGYxQmtY0OWJZQiLbjTII0FahKiYfQXtZe19xIJ7S9AHgA9vsDQvJLCw:1w7axa:WGXO75RHjXFYxrOn-1A59JH9XkdxpTETxzsmv9IKvU8', datetime.datetime(2026, 3, 31, 15, 34, 54, 640878, tzinfo=datetime.timezone.utc), '147qlgn9my4ww2uk493c1tv0exm1ugez'); alias=default
(0.003) SELECT "auth_user"."id", "auth_user"."password", "auth_user"."last_login", "auth_user"."is_superuser", "auth_user"."username", "auth_user"."first_name", "auth_user"."last_name", "auth_user"."email", "auth_user"."is_staff", "auth_user"."is_active", "auth_user"."date_joined" FROM "auth_user" WHERE "auth_user"."id" = 51 LIMIT 21; args=(51,); alias=default
(0.002) SELECT "news_event"."id", "news_event"."title", "news_event"."slug", "news_event"."description", "news_event"."location", "news_event"."start_date", "news_event"."end_date", "news_event"."is_active", "news_event"."created_at" FROM "news_event" WHERE ("news_event"."is_active" AND "news_event"."start_date" >= '2026-03-31T15:24:54.659157+00:00'::timestamptz) ORDER BY "news_event"."start_date" ASC LIMIT 5; args=(datetime.datetime(2026, 3, 31, 15, 24, 54, 659157, tzinfo=datetime.timezone.utc),); alias=default
(0.000) BEGIN; args=None; alias=default
(0.005) UPDATE "django_session" SET "session_data" = '.eJxVjr0OgzAQg98la0t0ScgPGbt36x5dyKXQIpAIdKn67gWJhcmS_dnylxUqpZ_G8KF5V-bFlQVcly6shebQJ-aZFuxkRmzfNO5JeuH4nHg7jcvcR74j_EgLv0-JhtvBngY6LN3WbpvscoqxbpTKKWF0ZKK1kFWjIykjMgAJkY1rHdpGJyOltBkwGqMwqW10wLKEQrQdZxKkqUBVSjyE9rL2uuZGOyv1BcADsN8fQx9LDg:1w7axa:CoHsaIfXxO1RDzTzyTx5kejuH2eiTjkCqEB0AFATKLo', "expire_date" = '2026-03-31T15:34:54.664718+00:00'::timestamptz WHERE "django_session"."session_key" = '147qlgn9my4ww2uk493c1tv0exm1ugez'; args=('.eJxVjr0OgzAQg98la0t0ScgPGbt36x5dyKXQIpAIdKn67gWJhcmS_dnylxUqpZ_G8KF5V-bFlQVcly6shebQJ-aZFuxkRmzfNO5JeuH4nHg7jcvcR74j_EgLv0-JhtvBngY6LN3WbpvscoqxbpTKKWF0ZKK1kFWjIykjMgAJkY1rHdpGJyOltBkwGqMwqW10wLKEQrQdZxKkqUBVSjyE9rL2uuZGOyv1BcADsN8fQx9LDg:1w7axa:CoHsaIfXxO1RDzTzyTx5kejuH2eiTjkCqEB0AFATKLo', datetime.datetime(2026, 3, 31, 15, 34, 54, 664718, tzinfo=datetime.timezone.utc), '147qlgn9my4ww2uk493c1tv0exm1ugez'); alias=default
(0.017) COMMIT; args=None; alias=default
"GET /api/warnings/active/ HTTP/1.1" 200 2
(0.023) COMMIT; args=None; alias=default
"GET /api/events/upcoming/ HTTP/1.1" 200 2
(0.008) SELECT "django_session"."session_key", "django_session"."session_data", "django_session"."expire_date" FROM "django_session" WHERE ("django_session"."expire_date" > '2026-03-31T15:24:54.595268+00:00'::timestamptz AND "django_session"."session_key" = '147qlgn9my4ww2uk493c1tv0exm1ugez') LIMIT 21; args=(datetime.datetime(2026, 3, 31, 15, 24, 54, 595268, tzinfo=datetime.timezone.utc), '147qlgn9my4ww2uk493c1tv0exm1ugez'); alias=default
(0.002) SELECT "auth_user"."id", "auth_user"."password", "auth_user"."last_login", "auth_user"."is_superuser", "auth_user"."username", "auth_user"."first_name", "auth_user"."last_name", "auth_user"."email", "auth_user"."is_staff", "auth_user"."is_active", "auth_user"."date_joined" FROM "auth_user" WHERE "auth_user"."id" = 51 LIMIT 21; args=(51,); alias=default
(0.003) SELECT "news_news"."id", "news_news"."title", "news_news"."slug", "news_news"."content", "news_news"."published_at", "news_news"."is_published", "news_news"."author", "news_news"."image", "news_news"."created_at", "news_news"."updated_at" FROM "news_news" WHERE "news_news"."is_published" ORDER BY "news_news"."published_at" DESC; args=(); alias=default
(0.000) BEGIN; args=None; alias=default
(0.006) UPDATE "django_session" SET "session_data" = '.eJxVjjEPgyAUhP8Layt5gIAwdu_WnTzkUW2NJqJdmv73auLidMndd5f7skKl9NMYPjTvyry4soDr0oW10Bz6xDzTgp3MiO2bxj1JLxyfE2-ncZn7yHeEH2nh9ynRcDvY00CHpdvarctNTjHWTqmcEsaGTLQWsnI6kjIiA5AQ2TRtg9bpZKSUNgNGYxQmtY0OWJZQiLbjTII0FahKiYfQXtZe19wKV2t3AfAA7PcHQyZLEA:1w7axa:O04-UL2C0sEfTbk3NlhiTv96NqlH9ukRcEEp8MNifxQ', "expire_date" = '2026-03-31T15:34:54.744354+00:00'::timestamptz WHERE "django_session"."session_key" = '147qlgn9my4ww2uk493c1tv0exm1ugez'; args=('.eJxVjjEPgyAUhP8Layt5gIAwdu_WnTzkUW2NJqJdmv73auLidMndd5f7skKl9NMYPjTvyry4soDr0oW10Bz6xDzTgp3MiO2bxj1JLxyfE2-ncZn7yHeEH2nh9ynRcDvY00CHpdvarctNTjHWTqmcEsaGTLQWsnI6kjIiA5AQ2TRtg9bpZKSUNgNGYxQmtY0OWJZQiLbjTII0FahKiYfQXtZe19wKV2t3AfAA7PcHQyZLEA:1w7axa:O04-UL2C0sEfTbk3NlhiTv96NqlH9ukRcEEp8MNifxQ', datetime.datetime(2026, 3, 31, 15, 34, 54, 744354, tzinfo=datetime.timezone.utc), '147qlgn9my4ww2uk493c1tv0exm1ugez'); alias=default
(0.003) COMMIT; args=None; alias=default
"GET /api/news/ HTTP/1.1" 200 2
(0.002) SELECT "django_session"."session_key", "django_session"."session_data", "django_session"."expire_date" FROM "django_session" WHERE ("django_session"."expire_date" > '2026-03-31T15:24:54.708926+00:00'::timestamptz AND "django_session"."session_key" = '147qlgn9my4ww2uk493c1tv0exm1ugez') LIMIT 21; args=(datetime.datetime(2026, 3, 31, 15, 24, 54, 708926, tzinfo=datetime.timezone.utc), '147qlgn9my4ww2uk493c1tv0exm1ugez'); alias=default
(0.001) SELECT "auth_user"."id", "auth_user"."password", "auth_user"."last_login", "auth_user"."is_superuser", "auth_user"."username", "auth_user"."first_name", "auth_user"."last_name", "auth_user"."email", "auth_user"."is_staff", "auth_user"."is_active", "auth_user"."date_joined" FROM "auth_user" WHERE "auth_user"."id" = 51 LIMIT 21; args=(51,); alias=default
(0.002) SELECT "news_announcement"."id", "news_announcement"."title", "news_announcement"."message", "news_announcement"."slug", "news_announcement"."start_at", "news_announcement"."end_at", "news_announcement"."is_active", "news_announcement"."priority", "news_announcement"."created_at", "news_announcement"."updated_at" FROM "news_announcement" WHERE ("news_announcement"."is_active" AND "news_announcement"."start_at" <= '2026-03-31T15:24:54.792886+00:00'::timestamptz AND ("news_announcement"."end_at" >= '2026-03-31T15:24:54.792886+00:00'::timestamptz OR "news_announcement"."end_at" IS NULL)) ORDER BY "news_announcement"."priority" DESC, "news_announcement"."start_at" DESC; args=(datetime.datetime(2026, 3, 31, 15, 24, 54, 792886, tzinfo=datetime.timezone.utc), datetime.datetime(2026, 3, 31, 15, 24, 54, 792886, tzinfo=datetime.timezone.utc)); alias=default
(0.000) BEGIN; args=None; alias=default
(0.001) UPDATE "django_session" SET "session_data" = '.eJxVjjEPgyAUhP8Layt5gIAwdu_WnTzkUW2NJqJdmv73auLidMndd5f7skKl9NMYPjTvyry4soDr0oW10Bz6xDzTgp3MiO2bxj1JLxyfE2-ncZn7yHeEH2nh9ynRcDvY00CHpdvarctNTjHWTqmcEsaGTLQWsnI6kjIiA5AQ2TRtg9bpZKSUNgNGYxQmtY0OWJZQiLbjTII0FahKiYfQXtZe19w6KWt9AfAA7PcHQvZLCg:1w7axa:JAxAHYufU_34tUNu8ZLpIK0wLyHll2g4Te_Hx86hiZs', "expire_date" = '2026-03-31T15:34:54.797626+00:00'::timestamptz WHERE "django_session"."session_key" = '147qlgn9my4ww2uk493c1tv0exm1ugez'; args=('.eJxVjjEPgyAUhP8Layt5gIAwdu_WnTzkUW2NJqJdmv73auLidMndd5f7skKl9NMYPjTvyry4soDr0oW10Bz6xDzTgp3MiO2bxj1JLxyfE2-ncZn7yHeEH2nh9ynRcDvY00CHpdvarctNTjHWTqmcEsaGTLQWsnI6kjIiA5AQ2TRtg9bpZKSUNgNGYxQmtY0OWJZQiLbjTII0FahKiYfQXtZe19w6KWt9AfAA7PcHQvZLCg:1w7axa:JAxAHYufU_34tUNu8ZLpIK0wLyHll2g4Te_Hx86hiZs', datetime.datetime(2026, 3, 31, 15, 34, 54, 797626, tzinfo=datetime.timezone.utc), '147qlgn9my4ww2uk493c1tv0exm1ugez'); alias=default
(0.006) COMMIT; args=None; alias=default
"GET /api/announcements/active/ HTTP/1.1" 200 2
(0.006) SELECT "django_session"."session_key", "django_session"."session_data", "django_session"."expire_date" FROM "django_session" WHERE ("django_session"."expire_date" > '2026-03-31T15:24:56.759313+00:00'::timestamptz AND "django_session"."session_key" = '147qlgn9my4ww2uk493c1tv0exm1ugez') LIMIT 21; args=(datetime.datetime(2026, 3, 31, 15, 24, 56, 759313, tzinfo=datetime.timezone.utc), '147qlgn9my4ww2uk493c1tv0exm1ugez'); alias=default
(0.001) SELECT "auth_user"."id", "auth_user"."password", "auth_user"."last_login", "auth_user"."is_superuser", "auth_user"."username", "auth_user"."first_name", "auth_user"."last_name", "auth_user"."email", "auth_user"."is_staff", "auth_user"."is_active", "auth_user"."date_joined" FROM "auth_user" WHERE "auth_user"."id" = 51 LIMIT 21; args=(51,); alias=default
(0.000) BEGIN; args=None; alias=default
(0.001) UPDATE "django_session" SET "session_data" = '.eJxVjjEPwiAUhP8Lq5Y8oDwoo7ubO3mUh62aNinVxfjfbRMXp0vuvrvcW1SudZyn-OJlVxHUUUR6rkN8Vl7imEUQVok_M1F_52lP8o2m6yz7eVqXMckdkb-0yvOc-XH6sX8DA9Vha_dd8SWn1HbGlJwpecbkHBTT2cQGVQFgpQr63pPrbEattStACdFQNtvog-oaK_N2XGjQ2IBpjLooG3QbLErvPFp7AAgA4vMFQ4hLFg:1w7axc:VkrIjcO9zmIwogDI2N8as2nUJ63TwvwYVmmmTBDEiJs', "expire_date" = '2026-03-31T15:34:56.880016+00:00'::timestamptz WHERE "django_session"."session_key" = '147qlgn9my4ww2uk493c1tv0exm1ugez'; args=('.eJxVjjEPwiAUhP8Lq5Y8oDwoo7ubO3mUh62aNinVxfjfbRMXp0vuvrvcW1SudZyn-OJlVxHUUUR6rkN8Vl7imEUQVok_M1F_52lP8o2m6yz7eVqXMckdkb-0yvOc-XH6sX8DA9Vha_dd8SWn1HbGlJwpecbkHBTT2cQGVQFgpQr63pPrbEattStACdFQNtvog-oaK_N2XGjQ2IBpjLooG3QbLErvPFp7AAgA4vMFQ4hLFg:1w7axc:VkrIjcO9zmIwogDI2N8as2nUJ63TwvwYVmmmTBDEiJs', datetime.datetime(2026, 3, 31, 15, 34, 56, 880016, tzinfo=datetime.timezone.utc), '147qlgn9my4ww2uk493c1tv0exm1ugez'); alias=default
(0.117) COMMIT; args=None; alias=default
"GET /api/session/ HTTP/1.1" 200 144
(0.002) SELECT "django_session"."session_key", "django_session"."session_data", "django_session"."expire_date" FROM "django_session" WHERE ("django_session"."expire_date" > '2026-03-31T15:25:27.985435+00:00'::timestamptz AND "django_session"."session_key" = '147qlgn9my4ww2uk493c1tv0exm1ugez') LIMIT 21; args=(datetime.datetime(2026, 3, 31, 15, 25, 27, 985435, tzinfo=datetime.timezone.utc), '147qlgn9my4ww2uk493c1tv0exm1ugez'); alias=default
(0.009) SELECT "auth_user"."id", "auth_user"."password", "auth_user"."last_login", "auth_user"."is_superuser", "auth_user"."username", "auth_user"."first_name", "auth_user"."last_name", "auth_user"."email", "auth_user"."is_staff", "auth_user"."is_active", "auth_user"."date_joined" FROM "auth_user" WHERE "auth_user"."id" = 51 LIMIT 21; args=(51,); alias=default
(0.000) BEGIN; args=None; alias=default
(0.009) UPDATE "django_session" SET "session_data" = '.eJxVTssKgzAQ_JdcW8Mm28TEY--99R42ZlNtRcFoL6X_XgUvhYGBeTEfUbiUfhrDm-edRaPOItC6dGEtPIc-iUYYJf7ESO2Lx91JTxofk2yncZn7KPeIPNwib1Pi4Xpk_wY6Kt3Wbn12OcV48Yg5JYqObaxryOhNZLQqA7BS2brWUe1NslrrOgNFa5ESbqMDlSUU5u240KBtBVihuivT6A1Ogkej4QTQAIjvD0KgSwI:1w7ay8:ZSdSgabcnugdc2LN9Rr3BH-z-NqSOn8sqa7QovWLvZc', "expire_date" = '2026-03-31T15:35:28.094597+00:00'::timestamptz WHERE "django_session"."session_key" = '147qlgn9my4ww2uk493c1tv0exm1ugez'; args=('.eJxVTssKgzAQ_JdcW8Mm28TEY--99R42ZlNtRcFoL6X_XgUvhYGBeTEfUbiUfhrDm-edRaPOItC6dGEtPIc-iUYYJf7ESO2Lx91JTxofk2yncZn7KPeIPNwib1Pi4Xpk_wY6Kt3Wbn12OcV48Yg5JYqObaxryOhNZLQqA7BS2brWUe1NslrrOgNFa5ESbqMDlSUU5u240KBtBVihuivT6A1Ogkej4QTQAIjvD0KgSwI:1w7ay8:ZSdSgabcnugdc2LN9Rr3BH-z-NqSOn8sqa7QovWLvZc', datetime.datetime(2026, 3, 31, 15, 35, 28, 94597, tzinfo=datetime.timezone.utc), '147qlgn9my4ww2uk493c1tv0exm1ugez'); alias=default
(0.017) COMMIT; args=None; alias=default
"GET /api/session/ HTTP/1.1" 200 144
(0.017) SELECT "django_session"."session_key", "django_session"."session_data", "django_session"."expire_date" FROM "django_session" WHERE ("django_session"."expire_date" > '2026-03-31T15:26:07.806480+00:00'::timestamptz AND "django_session"."session_key" = '147qlgn9my4ww2uk493c1tv0exm1ugez') LIMIT 21; args=(datetime.datetime(2026, 3, 31, 15, 26, 7, 806480, tzinfo=datetime.timezone.utc), '147qlgn9my4ww2uk493c1tv0exm1ugez'); alias=default
(0.001) SELECT "auth_user"."id", "auth_user"."password", "auth_user"."last_login", "auth_user"."is_superuser", "auth_user"."username", "auth_user"."first_name", "auth_user"."last_name", "auth_user"."email", "auth_user"."is_staff", "auth_user"."is_active", "auth_user"."date_joined" FROM "auth_user" WHERE "auth_user"."id" = 51 LIMIT 21; args=(51,); alias=default
(0.000) BEGIN; args=None; alias=default
(0.003) UPDATE "django_session" SET "session_data" = '.eJxVjjEPgyAUhP8Layt5gIAwdu_WnTzkUW2NJqJdmv73auLidMndd5f7skKl9NMYPjTvyry4soDr0oW10Bz6xDzTgp3MiO2bxj1JLxyfE2-ncZn7yHeEH2nh9ynRcDvY00CHpdvarctNTjHWTqmcEsaGTLQWsnI6kjIiA5AQ2TRtg9bpZKSUNgNGYxQmtY0OWJZQiLbjTII0FahKiYfQXhoPlrtaA7gLgAdgvz9C3EsI:1w7ayl:F0hJEoc_iE1TD-XGd0Z8WbperILQM5Y4DkH3N6FTkN0', "expire_date" = '2026-03-31T15:36:07.954929+00:00'::timestamptz WHERE "django_session"."session_key" = '147qlgn9my4ww2uk493c1tv0exm1ugez'; args=('.eJxVjjEPgyAUhP8Layt5gIAwdu_WnTzkUW2NJqJdmv73auLidMndd5f7skKl9NMYPjTvyry4soDr0oW10Bz6xDzTgp3MiO2bxj1JLxyfE2-ncZn7yHeEH2nh9ynRcDvY00CHpdvarctNTjHWTqmcEsaGTLQWsnI6kjIiA5AQ2TRtg9bpZKSUNgNGYxQmtY0OWJZQiLbjTII0FahKiYfQXhoPlrtaA7gLgAdgvz9C3EsI:1w7ayl:F0hJEoc_iE1TD-XGd0Z8WbperILQM5Y4DkH3N6FTkN0', datetime.datetime(2026, 3, 31, 15, 36, 7, 954929, tzinfo=datetime.timezone.utc), '147qlgn9my4ww2uk493c1tv0exm1ugez'); alias=default
(0.155) COMMIT; args=None; alias=default
"GET /api/session/ HTTP/1.1" 200 144
(0.002) SELECT "django_session"."session_key", "django_session"."session_data", "django_session"."expire_date" FROM "django_session" WHERE ("django_session"."expire_date" > '2026-03-31T15:27:57.893937+00:00'::timestamptz AND "django_session"."session_key" = '147qlgn9my4ww2uk493c1tv0exm1ugez') LIMIT 21; args=(datetime.datetime(2026, 3, 31, 15, 27, 57, 893937, tzinfo=datetime.timezone.utc), '147qlgn9my4ww2uk493c1tv0exm1ugez'); alias=default
(0.001) SELECT "auth_user"."id", "auth_user"."password", "auth_user"."last_login", "auth_user"."is_superuser", "auth_user"."username", "auth_user"."first_name", "auth_user"."last_name", "auth_user"."email", "auth_user"."is_staff", "auth_user"."is_active", "auth_user"."date_joined" FROM "auth_user" WHERE "auth_user"."id" = 51 LIMIT 21; args=(51,); alias=default
(0.000) BEGIN; args=None; alias=default
(0.006) UPDATE "django_session" SET "session_data" = '.eJxVjjEPgyAUhP8Layt5gIAwdu_WnTzkUW2NJqJdmv73auLidMndd5f7skKl9NMYPjTvyry4soDr0oW10Bz6xDzTgp3MiO2bxj1JLxyfE2-ncZn7yHeEH2nh9ynRcDvY00CHpdvarctNTjHWTqmcEsaGTLQWsnI6kjIiA5AQ2TRtg9bpZKSUNgNGYxQmtY0OWJZQiLbjTII0FahKiYfQXlqvLXdSSKgvAB6A_f5C40sF:1w7b0X:_X9Uvx2y8yHvpuF9Mklid0bLKXKPeY2cNi9NAnnWENA', "expire_date" = '2026-03-31T15:37:57.922214+00:00'::timestamptz WHERE "django_session"."session_key" = '147qlgn9my4ww2uk493c1tv0exm1ugez'; args=('.eJxVjjEPgyAUhP8Layt5gIAwdu_WnTzkUW2NJqJdmv73auLidMndd5f7skKl9NMYPjTvyry4soDr0oW10Bz6xDzTgp3MiO2bxj1JLxyfE2-ncZn7yHeEH2nh9ynRcDvY00CHpdvarctNTjHWTqmcEsaGTLQWsnI6kjIiA5AQ2TRtg9bpZKSUNgNGYxQmtY0OWJZQiLbjTII0FahKiYfQXlqvLXdSSKgvAB6A_f5C40sF:1w7b0X:_X9Uvx2y8yHvpuF9Mklid0bLKXKPeY2cNi9NAnnWENA', datetime.datetime(2026, 3, 31, 15, 37, 57, 922214, tzinfo=datetime.timezone.utc), '147qlgn9my4ww2uk493c1tv0exm1ugez'); alias=default
(0.005) COMMIT; args=None; alias=default
"GET /api/session/ HTTP/1.1" 200 144
Watching for file changes with StatReloader
Waiting for apps ready_event.
Apps ready_event triggered. Sending autoreload_started signal.
Watching dir /home/haron/miniconda3/envs/rsmc-env/lib/python3.11/site-packages/rest_framework/templates with glob **/*.
Watching dir /home/haron/kmd/kmd_web/web_service/locale with glob **/*.mo.
Watching dir /home/haron/miniconda3/envs/rsmc-env/lib/python3.11/site-packages/rest_framework/locale with glob **/*.mo.
Watching dir /home/haron/kmd/kmd_web/web_service/home/locale with glob **/*.mo.
Watching dir /home/haron/miniconda3/envs/rsmc-env/lib/python3.11/site-packages/corsheaders/locale with glob **/*.mo.
Watching dir /home/haron/kmd/kmd_web/web_service/products/locale with glob **/*.mo.
Watching dir /home/haron/kmd/kmd_web/web_service/nwp_models/locale with glob **/*.mo.
Watching dir /home/haron/kmd/kmd_web/web_service/national_met_services/locale with glob **/*.mo.
Watching dir /home/haron/kmd/kmd_web/web_service/forecasts/locale with glob **/*.mo.
Watching dir /home/haron/kmd/kmd_web/web_service/swfp_evaluation/locale with glob **/*.mo.
Watching dir /home/haron/kmd/kmd_web/web_service/users/locale with glob **/*.mo.
Watching dir /home/haron/kmd/kmd_web/web_service/pages/locale with glob **/*.mo.
Watching dir /home/haron/kmd/kmd_web/web_service/wrfapi/locale with glob **/*.mo.
Watching dir /home/haron/kmd/kmd_web/web_service/news/locale with glob **/*.mo.
Watching dir /home/haron/kmd/kmd_web/web_service/user_accounts/locale with glob **/*.mo.
File /home/haron/miniconda3/envs/rsmc-env/lib/python3.11/gettext.py first seen with mtime 1761072196.624342
File /home/haron/miniconda3/envs/rsmc-env/lib/python3.11/asyncio/streams.py first seen with mtime 1761072196.9313426
File /home/haron/miniconda3/envs/rsmc-env/lib/python3.11/site-packages/xarray/backends/locks.py first seen with mtime 1769665430.0
File /home/haron/miniconda3/envs/rsmc-env/lib/python3.11/site-packages/urllib3/connection.py first seen with mtime 1771147020.7233708
File /home/haron/miniconda3/envs/rsmc-env/lib/python3.11/site-packages/charset_normalizer/md__mypyc.cpython-311-x86_64-linux-gnu.so first seen with mtime 1771147021.671381
File /home/haron/miniconda3/envs/rsmc-env/lib/python3.11/site-packages/scipy/sparse/lil.py first seen with mtime 1771171139.0106587
File /home/haron/miniconda3/envs/rsmc-env/lib/python3.11/site-packages/shapely/affinity.py first seen with mtime 1772616997.6864686
File /home/haron/miniconda3/envs/rsmc-env/lib/python3.11/site-packages/amqp/serialization.py first seen with mtime 1771428721.581153
File /home/haron/miniconda3/envs/rsmc-env/lib/python3.11/site-packages/matplotlib/mlab.py first seen with mtime 1772617000.499851
File /home/haron/miniconda3/envs/rsmc-env/lib/python3.11/site-packages/pandas/core/computation/scope.py first seen with mtime 1771408984.0
File /home/haron/miniconda3/envs/rsmc-env/lib/python3.11/site-packages/celery/app/backends.py first seen with mtime 1771428721.8964863
File /home/haron/miniconda3/envs/rsmc-env/lib/python3.11/importlib/abc.py first seen with mtime 1761072197.8123443
File /home/haron/miniconda3/envs/rsmc-env/lib/python3.11/site-packages/pandas/util/version/__init__.py first seen with mtime 1771408984.0
File /home/haron/miniconda3/envs/rsmc-env/lib/python3.11/site-packages/shapely/creation.py first seen with mtime 1772616997.6864686
File /home/haron/miniconda3/envs/rsmc-env/lib/python3.11/site-packages/django/middleware/__init__.py first seen with mtime 1768985465.602293
File /home/haron/miniconda3/envs/rsmc-env/lib/python3.11/site-packages/xarray/groupers.py first seen with mtime 1769665430.0
File /home/haron/miniconda3/envs/rsmc-env/lib/python3.11/site-packages/pandas/core/groupby/groupby.py first seen with mtime 1771408984.0
File /home/haron/miniconda3/envs/rsmc-env/lib/python3.11/site-packages/pandas/api/interchange/__init__.py first seen with mtime 1771408984.0
File /home/haron/miniconda3/envs/rsmc-env/lib/python3.11/site-packages/django/db/models/functions/math.py first seen with mtime 1768985465.5647364
File /home/haron/miniconda3/envs/rsmc-env/lib/python3.11/site-packages/scipy/sparse/coo.py first seen with mtime 1771171139.0106587
File /home/haron/miniconda3/envs/rsmc-env/lib/python3.11/site-packages/django/db/models/deletion.py first seen with mtime 1768985465.5534692
File /home/haron/miniconda3/envs/rsmc-env/lib/python3.11/site-packages/matplotlib/markers.py first seen with mtime 1772617000.499851
File /home/haron/miniconda3/envs/rsmc-env/lib/python3.11/site-packages/django/core/management/color.py first seen with mtime 1768985465.5046453
File /home/haron/miniconda3/envs/rsmc-env/lib/python3.11/site-packages/requests/utils.py first seen with mtime 1771147021.8593829
File /home/haron/miniconda3/envs/rsmc-env/lib/python3.11/site-packages/django/db/models/fields/json.py first seen with mtime 1768985465.5609806
File /home/haron/miniconda3/envs/rsmc-env/lib/python3.11/site-packages/pandas/io/json/_normalize.py first seen with mtime 1771408984.0
File /home/haron/miniconda3/envs/rsmc-env/lib/python3.11/site-packages/scipy/sparse/_base.py first seen with mtime 1771171138.9664485
File /home/haron/miniconda3/envs/rsmc-env/lib/python3.11/lib-dynload/fcntl.cpython-311-x86_64-linux-gnu.so first seen with mtime 1761072208.5353646
File /home/haron/kmd/kmd_web/web_service/nwp_models/__init__.py first seen with mtime 1770369220.021018
File /home/haron/miniconda3/envs/rsmc-env/lib/python3.11/site-packages/django/core/checks/security/base.py first seen with mtime 1768985465.4933784
File /home/haron/miniconda3/envs/rsmc-env/lib/python3.11/site-packages/cftime/__init__.py first seen with mtime 1761561614.0223224
File /home/haron/miniconda3/envs/rsmc-env/lib/python3.11/site-packages/pandas/core/computation/__init__.py first seen with mtime 1771408984.0
File /home/haron/miniconda3/envs/rsmc-env/lib/python3.11/collections/abc.py first seen with mtime 1761072196.9603426
File /home/haron/miniconda3/envs/rsmc-env/lib/python3.11/site-packages/django/core/management/base.py first seen with mtime 1768985465.5046453
File /home/haron/miniconda3/envs/rsmc-env/lib/python3.11/site-packages/pandas/_testing/contexts.py first seen with mtime 1771408984.0
File /home/haron/miniconda3/envs/rsmc-env/lib/python3.11/site-packages/numexpr/utils.py first seen with mtime 1771147021.2713766
File /home/haron/miniconda3/envs/rsmc-env/lib/python3.11/weakref.py first seen with mtime 1761072196.8633425
File /home/haron/miniconda3/envs/rsmc-env/lib/python3.11/site-packages/scipy/io/_fortran.py first seen with mtime 1771171138.628864
File /home/haron/miniconda3/envs/rsmc-env/lib/python3.11/site-packages/matplotlib/_layoutgrid.py first seen with mtime 1772617000.4466913
File /home/haron/miniconda3/envs/rsmc-env/lib/python3.11/site-packages/xarray/namedarray/_aggregations.py first seen with mtime 1769665430.0
File /home/haron/miniconda3/envs/rsmc-env/lib/python3.11/site-packages/urllib3/util/retry.py first seen with mtime 1771147020.7353709
File /home/haron/miniconda3/envs/rsmc-env/lib/python3.11/site-packages/django/middleware/cache.py first seen with mtime 1768985465.602293
File /home/haron/miniconda3/envs/rsmc-env/lib/python3.11/site-packages/pandas/_libs/json.cpython-311-x86_64-linux-gnu.so first seen with mtime 1771408984.0
File /home/haron/miniconda3/envs/rsmc-env/lib/python3.11/site-packages/pandas/core/array_algos/take.py first seen with mtime 1771408984.0
File /home/haron/miniconda3/envs/rsmc-env/lib/python3.11/asyncio/selector_events.py first seen with mtime 1761072196.9243426
File /home/haron/miniconda3/envs/rsmc-env/lib/python3.11/site-packages/django/template/defaultfilters.py first seen with mtime 1768985465.6060488
File /home/haron/miniconda3/envs/rsmc-env/lib/python3.11/site-packages/django/core/handlers/__init__.py first seen with mtime 1768985465.497134
File /home/haron/miniconda3/envs/rsmc-env/lib/python3.11/site-packages/charset_normalizer/md.cpython-311-x86_64-linux-gnu.so first seen with mtime 1771147021.671381
File /home/haron/miniconda3/envs/rsmc-env/lib/python3.11/site-packages/simplejson/encoder.py first seen with mtime 1771147020.9033728
File /home/haron/miniconda3/envs/rsmc-env/lib/python3.11/http/cookies.py first seen with mtime 1761072197.5693438
File /home/haron/miniconda3/envs/rsmc-env/lib/python3.11/site-packages/shapely/algorithms/_oriented_envelope.py first seen with mtime 1772616997.6987362
File /home/haron/miniconda3/envs/rsmc-env/lib/python3.11/site-packages/sqlparse/filters/tokens.py first seen with mtime 1768985463.510379
File /home/haron/miniconda3/envs/rsmc-env/lib/python3.11/site-packages/pandas/core/groupby/base.py first seen with mtime 1771408984.0
File /home/haron/miniconda3/envs/rsmc-env/lib/python3.11/multiprocessing/reduction.py first seen with mtime 1761072198.112345
File /home/haron/miniconda3/envs/rsmc-env/lib/python3.11/site-packages/django/core/exceptions.py first seen with mtime 1768985465.485867
File /home/haron/miniconda3/envs/rsmc-env/lib/python3.11/asyncio/subprocess.py first seen with mtime 1761072196.9343426
File /home/haron/miniconda3/envs/rsmc-env/lib/python3.11/site-packages/django/http/request.py first seen with mtime 1768985465.5985374
File /home/haron/miniconda3/envs/rsmc-env/lib/python3.11/numbers.py first seen with mtime 1761072196.6863422
File /home/haron/miniconda3/envs/rsmc-env/lib/python3.11/site-packages/pandas/core/indexes/__init__.py first seen with mtime 1771408984.0
File /home/haron/miniconda3/envs/rsmc-env/lib/python3.11/site-packages/asgiref/local.py first seen with mtime 1768985463.5742257
File /home/haron/miniconda3/envs/rsmc-env/lib/python3.11/site-packages/amqp/platform.py first seen with mtime 1771428721.581153
File /home/haron/miniconda3/envs/rsmc-env/lib/python3.11/site-packages/celery/fixups/django.py first seen with mtime 1771428721.9184864
File /home/haron/miniconda3/envs/rsmc-env/lib/python3.11/site-packages/scipy/_lib/_util.py first seen with mtime 1771171138.4962416
File /home/haron/miniconda3/envs/rsmc-env/lib/python3.11/_sysconfigdata__linux_x86_64-linux-gnu.py first seen with mtime 1768985163.2751977
File /home/haron/miniconda3/envs/rsmc-env/lib/python3.11/site-packages/yaml/constructor.py first seen with mtime 1771170928.8931074
File /home/haron/miniconda3/envs/rsmc-env/lib/python3.11/site-packages/xarray/namedarray/utils.py first seen with mtime 1769665430.0
File /home/haron/miniconda3/envs/rsmc-env/lib/python3.11/site-packages/shapely/geometry/__init__.py first seen with mtime 1772616997.6987362
File /home/haron/miniconda3/envs/rsmc-env/lib/python3.11/site-packages/shapefile.py first seen with mtime 1772616991.2714126
File /home/haron/miniconda3/envs/rsmc-env/lib/python3.11/site-packages/django/db/backends/utils.py first seen with mtime 1768985465.530935
File /home/haron/miniconda3/envs/rsmc-env/lib/python3.11/site-packages/simplejson/decoder.py first seen with mtime 1771147020.8993726
File /home/haron/miniconda3/envs/rsmc-env/lib/python3.11/site-packages/kombu/serialization.py first seen with mtime 1771428721.6398196
File /home/haron/miniconda3/envs/rsmc-env/lib/python3.11/site-packages/scipy/_lib/_ccallback.py first seen with mtime 1771171138.4922228
File /home/haron/miniconda3/envs/rsmc-env/lib/python3.11/site-packages/shapely/constructive.py first seen with mtime 1772616997.6864686
File /home/haron/miniconda3/envs/rsmc-env/lib/python3.11/site-packages/numpy/core/__init__.py first seen with mtime 1772616992.6151597
File /home/haron/miniconda3/envs/rsmc-env/lib/python3.11/site-packages/matplotlib/_c_internal_utils.cpython-311-x86_64-linux-gnu.so first seen with mtime 1772617000.4344237
File /home/haron/miniconda3/envs/rsmc-env/lib/python3.11/site-packages/pandas/core/indexes/interval.py first seen with mtime 1771408984.0
File /home/haron/miniconda3/envs/rsmc-env/lib/python3.11/site-packages/rest_framework/utils/json.py first seen with mtime 1768985470.8309784
File /home/haron/miniconda3/envs/rsmc-env/lib/python3.11/site-packages/scipy/io/mmio.py first seen with mtime 1771171138.628864
File /home/haron/miniconda3/envs/rsmc-env/lib/python3.11/site-packages/pandas/_libs/hashtable.cpython-311-x86_64-linux-gnu.so first seen with mtime 1771408984.0
File /home/haron/miniconda3/envs/rsmc-env/lib/python3.11/site-packages/numpy/lib/_iotools.py first seen with mtime 1772616992.7658222
File /home/haron/miniconda3/envs/rsmc-env/lib/python3.11/site-packages/django/utils/dateformat.py first seen with mtime 1768985465.6173158
File /home/haron/miniconda3/envs/rsmc-env/lib/python3.11/site-packages/pandas/io/parquet.py first seen with mtime 1771408984.0
File /home/haron/miniconda3/envs/rsmc-env/lib/python3.11/site-packages/pyproj/sync.py first seen with mtime 1772616999.1953902
File /home/haron/miniconda3/envs/rsmc-env/lib/python3.11/unittest/loader.py first seen with mtime 1761072198.2853453
File /home/haron/miniconda3/envs/rsmc-env/lib/python3.11/unittest/result.py first seen with mtime 1761072198.2923453
File /home/haron/miniconda3/envs/rsmc-env/lib/python3.11/site-packages/numpy/_core/_add_newdocs.py first seen with mtime 1772616992.4522812
File /home/haron/miniconda3/envs/rsmc-env/lib/python3.11/site-packages/rest_framework/utils/model_meta.py first seen with mtime 1768985470.8309784
File /home/haron/miniconda3/envs/rsmc-env/lib/python3.11/site-packages/pandas/_libs/__init__.py first seen with mtime 1771408984.0
File /home/haron/miniconda3/envs/rsmc-env/lib/python3.11/site-packages/django/db/backends/postgresql/operations.py first seen with mtime 1768985465.5422022
File /home/haron/miniconda3/envs/rsmc-env/lib/python3.11/site-packages/rest_framework/__init__.py first seen with mtime 1768985470.6957738
File /home/haron/miniconda3/envs/rsmc-env/lib/python3.11/calendar.py first seen with mtime 1761072196.5443418
File /home/haron/miniconda3/envs/rsmc-env/lib/python3.11/site-packages/matplotlib/path.py first seen with mtime 1772617000.5039403
File /home/haron/miniconda3/envs/rsmc-env/lib/python3.11/site-packages/pandas/io/parsers/__init__.py first seen with mtime 1771408984.0
File /home/haron/miniconda3/envs/rsmc-env/lib/python3.11/site-packages/scipy/io/__init__.py first seen with mtime 1771171138.628864
File /home/haron/miniconda3/envs/rsmc-env/lib/python3.11/site-packages/pyproj/_compat.cpython-311-x86_64-linux-gnu.so first seen with mtime 1772616999.09316
File /home/haron/miniconda3/envs/rsmc-env/lib/python3.11/lzma.py first seen with mtime 1761072196.6633422
File /home/haron/miniconda3/envs/rsmc-env/lib/python3.11/site-packages/django/db/models/fields/related_descriptors.py first seen with mtime 1768985465.5609806
File /home/haron/miniconda3/envs/rsmc-env/lib/python3.11/site-packages/dateutil/rrule.py first seen with mtime 1772616998.4756877
File /home/haron/miniconda3/envs/rsmc-env/lib/python3.11/site-packages/scipy/sparse/_csparsetools.cpython-311-x86_64-linux-gnu.so first seen with mtime 1771171138.9704673
File /home/haron/miniconda3/envs/rsmc-env/lib/python3.11/site-packages/matplotlib/colorbar.py first seen with mtime 1772617000.4753158
File /home/haron/miniconda3/envs/rsmc-env/lib/python3.11/site-packages/xarray/namedarray/pycompat.py first seen with mtime 1769665430.0
File /home/haron/miniconda3/envs/rsmc-env/lib/python3.11/site-packages/xarray/core/dataarray.py first seen with mtime 1769665430.0
File /home/haron/miniconda3/envs/rsmc-env/lib/python3.11/site-packages/xarray/computation/apply_ufunc.py first seen with mtime 1769665430.0
File /home/haron/miniconda3/envs/rsmc-env/lib/python3.11/site-packages/django/core/checks/database.py first seen with mtime 1768985465.4896226
File /home/haron/miniconda3/envs/rsmc-env/lib/python3.11/lib-dynload/_typing.cpython-311-x86_64-linux-gnu.so first seen with mtime 1761072208.120364
File /home/haron/kmd/kmd_web/web_service/pages/views.py first seen with mtime 1770818901.0300145
File /home/haron/miniconda3/envs/rsmc-env/lib/python3.11/site-packages/django/templatetags/l10n.py first seen with mtime 1768985465.6098044
File /home/haron/miniconda3/envs/rsmc-env/lib/python3.11/site-packages/matplotlib/_cm_multivar.py first seen with mtime 1772617000.4385128
File /home/haron/miniconda3/envs/rsmc-env/lib/python3.11/selectors.py first seen with mtime 1761072196.7583423
File /home/haron/miniconda3/envs/rsmc-env/lib/python3.11/site-packages/cftime/_cftime.cpython-311-x86_64-linux-gnu.so first seen with mtime 1761561614.4573207
File /home/haron/miniconda3/envs/rsmc-env/lib/python3.11/site-packages/django/db/models/sql/where.py first seen with mtime 1768985465.5647364
File /home/haron/miniconda3/envs/rsmc-env/lib/python3.11/asyncio/format_helpers.py first seen with mtime 1761072196.9043427
File /home/haron/miniconda3/envs/rsmc-env/lib/python3.11/typing.py first seen with mtime 1761072196.8523426
File /home/haron/miniconda3/envs/rsmc-env/lib/python3.11/site-packages/pandas/testing.py first seen with mtime 1771408984.0
File /home/haron/miniconda3/envs/rsmc-env/lib/python3.11/site-packages/django/contrib/auth/hashers.py first seen with mtime 1768985464.2540038
File /home/haron/miniconda3/envs/rsmc-env/lib/python3.11/site-packages/celery/utils/abstract.py first seen with mtime 1771428721.922153
File /home/haron/miniconda3/envs/rsmc-env/lib/python3.11/site-packages/pandas/core/arrays/arrow/array.py first seen with mtime 1771408984.0
File /home/haron/miniconda3/envs/rsmc-env/lib/python3.11/site-packages/django/contrib/admin/utils.py first seen with mtime 1768985463.863413
File /home/haron/miniconda3/envs/rsmc-env/lib/python3.11/site-packages/django/utils/dates.py first seen with mtime 1768985465.6173158
File /home/haron/miniconda3/envs/rsmc-env/lib/python3.11/site-packages/pandas/core/indexes/period.py first seen with mtime 1771408984.0
File /home/haron/miniconda3/envs/rsmc-env/lib/python3.11/site-packages/scipy/io/harwell_boeing.py first seen with mtime 1771171138.628864
File /home/haron/miniconda3/envs/rsmc-env/lib/python3.11/site-packages/scipy/_lib/array_api_compat/_internal.py first seen with mtime 1771171138.5002606
File /home/haron/miniconda3/envs/rsmc-env/lib/python3.11/warnings.py first seen with mtime 1761072196.8583424
File /home/haron/miniconda3/envs/rsmc-env/lib/python3.11/site-packages/django/views/decorators/common.py first seen with mtime 1768985465.628583
File /home/haron/miniconda3/envs/rsmc-env/lib/python3.11/site-packages/django/core/serializers/__init__.py first seen with mtime 1768985465.5234237
File /home/haron/miniconda3/envs/rsmc-env/lib/python3.11/site-packages/pandas/core/tools/numeric.py first seen with mtime 1771408984.0
File /home/haron/miniconda3/envs/rsmc-env/lib/python3.11/site-packages/urllib3/_base_connection.py first seen with mtime 1771147020.7233708
File /home/haron/miniconda3/envs/rsmc-env/lib/python3.11/random.py first seen with mtime 1761072196.7443423
File /home/haron/miniconda3/envs/rsmc-env/lib/python3.11/site-packages/kombu/log.py first seen with mtime 1771428721.6398196
File /home/haron/miniconda3/envs/rsmc-env/lib/python3.11/site-packages/django/utils/lorem_ipsum.py first seen with mtime 1768985465.6210716
File /home/haron/miniconda3/envs/rsmc-env/lib/python3.11/site-packages/kombu/resource.py first seen with mtime 1771428721.6398196
File /home/haron/miniconda3/envs/rsmc-env/lib/python3.11/site-packages/django/db/utils.py first seen with mtime 1768985465.530935
File /home/haron/miniconda3/envs/rsmc-env/lib/python3.11/asyncio/threads.py first seen with mtime 1761072196.9413426
File /home/haron/miniconda3/envs/rsmc-env/lib/python3.11/site-packages/pandas/util/_validators.py first seen with mtime 1771408984.0
File /home/haron/miniconda3/envs/rsmc-env/lib/python3.11/site-packages/numpy/_distributor_init.py first seen with mtime 1772616992.4441373
File /home/haron/miniconda3/envs/rsmc-env/lib/python3.11/site-packages/matplotlib/figure.py first seen with mtime 1772617000.479405
File /home/haron/miniconda3/envs/rsmc-env/lib/python3.11/site-packages/scipy/sparse/_sparsetools.cpython-311-x86_64-linux-gnu.so first seen with mtime 1771171139.0066385
File /home/haron/miniconda3/envs/rsmc-env/lib/python3.11/site-packages/django/views/decorators/debug.py first seen with mtime 1768985465.628583
File /home/haron/miniconda3/envs/rsmc-env/lib/python3.11/site-packages/xarray/coding/frequencies.py first seen with mtime 1769665430.0
File /home/haron/miniconda3/envs/rsmc-env/lib/python3.11/site-packages/matplotlib/_docstring.py first seen with mtime 1772617000.442602
File /home/haron/miniconda3/envs/rsmc-env/lib/python3.11/email/quoprimime.py first seen with mtime 1761072197.2093432
File /home/haron/miniconda3/envs/rsmc-env/lib/python3.11/site-packages/celery/utils/threads.py first seen with mtime 1771428721.9258196
File /home/haron/miniconda3/envs/rsmc-env/lib/python3.11/site-packages/scipy/io/matlab/_mio5_utils.cpython-311-x86_64-linux-gnu.so first seen with mtime 1771171138.661015
File /home/haron/miniconda3/envs/rsmc-env/lib/python3.11/site-packages/django/db/models/signals.py first seen with mtime 1768985465.557225
File /home/haron/miniconda3/envs/rsmc-env/lib/python3.11/site-packages/django/views/static.py first seen with mtime 1768985465.628583
File /home/haron/miniconda3/envs/rsmc-env/lib/python3.11/site-packages/pandas/_libs/internals.cpython-311-x86_64-linux-gnu.so first seen with mtime 1771408984.0
File /home/haron/miniconda3/envs/rsmc-env/lib/python3.11/site-packages/urllib3/util/response.py first seen with mtime 1771147020.7353709
File /home/haron/miniconda3/envs/rsmc-env/lib/python3.11/site-packages/celery/utils/functional.py first seen with mtime 1771428721.922153
File /home/haron/miniconda3/envs/rsmc-env/lib/python3.11/site-packages/django/templatetags/i18n.py first seen with mtime 1768985465.6098044
File /home/haron/kmd/kmd_web/web_service/user_accounts/views.py first seen with mtime 1774589675.4803095
File /home/haron/kmd/kmd_web/web_service/swfp_evaluation/apps.py first seen with mtime 1770369205.2038336
File /home/haron/miniconda3/envs/rsmc-env/lib/python3.11/site-packages/kombu/utils/url.py first seen with mtime 1771428721.658153
File /home/haron/miniconda3/envs/rsmc-env/lib/python3.11/site-packages/xarray/indexes/nd_point_index.py first seen with mtime 1769665430.0
File /home/haron/miniconda3/envs/rsmc-env/lib/python3.11/site-packages/django/forms/formsets.py first seen with mtime 1768985465.568492
File /home/haron/miniconda3/envs/rsmc-env/lib/python3.11/site-packages/django/forms/models.py first seen with mtime 1768985465.568492
File /home/haron/miniconda3/envs/rsmc-env/lib/python3.11/site-packages/pandas/io/sql.py first seen with mtime 1771408984.0
File /home/haron/kmd/kmd_web/web_service/pages/models.py first seen with mtime 1770779842.8090422
File /home/haron/miniconda3/envs/rsmc-env/lib/python3.11/site-packages/numpy/_core/multiarray.py first seen with mtime 1772616992.5500083
File /home/haron/miniconda3/envs/rsmc-env/lib/python3.11/site-packages/numpy/matrixlib/__init__.py first seen with mtime 1772616992.8106139
File /home/haron/miniconda3/envs/rsmc-env/lib/python3.11/site-packages/django/core/files/storage/handler.py first seen with mtime 1768985465.497134
File /home/haron/miniconda3/envs/rsmc-env/lib/python3.11/site-packages/scipy/__config__.py first seen with mtime 1771171138.488204
File /home/haron/miniconda3/envs/rsmc-env/lib/python3.11/site-packages/scipy/_lib/array_api_compat/numpy/__init__.py first seen with mtime 1771171138.5082982
File /home/haron/miniconda3/envs/rsmc-env/lib/python3.11/site-packages/pandas/core/methods/selectn.py first seen with mtime 1771408984.0
File /home/haron/miniconda3/envs/rsmc-env/lib/python3.11/site-packages/scipy/sparse/_extract.py first seen with mtime 1771171138.9744864
File /home/haron/miniconda3/envs/rsmc-env/lib/python3.11/lib-dynload/zlib.cpython-311-x86_64-linux-gnu.so first seen with mtime 1761072208.312364
File /home/haron/miniconda3/envs/rsmc-env/lib/python3.11/urllib/error.py first seen with mtime 1761072198.3083453
File /home/haron/miniconda3/envs/rsmc-env/lib/python3.11/site-packages/django/contrib/auth/models.py first seen with mtime 1768985464.2577596
File /home/haron/miniconda3/envs/rsmc-env/lib/python3.11/site-packages/pandas/core/dtypes/__init__.py first seen with mtime 1771408984.0
File /home/haron/miniconda3/envs/rsmc-env/lib/python3.11/locale.py first seen with mtime 1761072196.6603422
File /home/haron/miniconda3/envs/rsmc-env/lib/python3.11/wsgiref/headers.py first seen with mtime 1761072198.3463454
File /home/haron/miniconda3/envs/rsmc-env/lib/python3.11/site-packages/sqlparse/__init__.py first seen with mtime 1768985463.5028677
File /home/haron/miniconda3/envs/rsmc-env/lib/python3.11/site-packages/xarray/backends/netCDF4_.py first seen with mtime 1769665430.0
File /home/haron/miniconda3/envs/rsmc-env/lib/python3.11/site-packages/django/contrib/__init__.py first seen with mtime 1768985463.8596573
File /home/haron/miniconda3/envs/rsmc-env/lib/python3.11/site-packages/numpy/testing/_private/extbuild.py first seen with mtime 1772616992.8676212
File /home/haron/miniconda3/envs/rsmc-env/lib/python3.11/importlib/resources/abc.py first seen with mtime 1761072197.8403444
File /home/haron/miniconda3/envs/rsmc-env/lib/python3.11/site-packages/django/http/cookie.py first seen with mtime 1768985465.5985374
File /home/haron/miniconda3/envs/rsmc-env/lib/python3.11/_compat_pickle.py first seen with mtime 1761072196.4883418
File /home/haron/miniconda3/envs/rsmc-env/lib/python3.11/site-packages/xarray/coding/strings.py first seen with mtime 1769665430.0
File /home/haron/miniconda3/envs/rsmc-env/lib/python3.11/html/entities.py first seen with mtime 1761072197.5563438
File /home/haron/miniconda3/envs/rsmc-env/lib/python3.11/site-packages/pyproj/crs/__init__.py first seen with mtime 1772616999.1953902
File /home/haron/miniconda3/envs/rsmc-env/lib/python3.11/site-packages/pandas/core/computation/api.py first seen with mtime 1771408984.0
File /home/haron/miniconda3/envs/rsmc-env/lib/python3.11/site-packages/pandas/util/_exceptions.py first seen with mtime 1771408984.0
File /home/haron/miniconda3/envs/rsmc-env/lib/python3.11/site-packages/matplotlib/legend_handler.py first seen with mtime 1772617000.499851
File /home/haron/miniconda3/envs/rsmc-env/lib/python3.11/site-packages/pandas/errors/cow.py first seen with mtime 1771408984.0
File /home/haron/miniconda3/envs/rsmc-env/lib/python3.11/site-packages/click/__init__.py first seen with mtime 1764518652.0
File /home/haron/miniconda3/envs/rsmc-env/lib/python3.11/lib-dynload/pyexpat.cpython-311-x86_64-linux-gnu.so first seen with mtime 1761072208.250364
File /home/haron/miniconda3/envs/rsmc-env/lib/python3.11/site-packages/mpl_toolkits/mplot3d/__init__.py first seen with mtime 1772617000.7329366
File /home/haron/miniconda3/envs/rsmc-env/lib/python3.11/site-packages/django/views/debug.py first seen with mtime 1768985465.628583
File /home/haron/miniconda3/envs/rsmc-env/lib/python3.11/reprlib.py first seen with mtime 1761072196.7473423
File /home/haron/miniconda3/envs/rsmc-env/lib/python3.11/site-packages/urllib3/util/connection.py first seen with mtime 1771147020.731371
File /home/haron/miniconda3/envs/rsmc-env/lib/python3.11/bz2.py first seen with mtime 1761072196.539342
File /home/haron/miniconda3/envs/rsmc-env/lib/python3.11/site-packages/numpy/polynomial/legendre.py first seen with mtime 1772616992.8187578
File /home/haron/miniconda3/envs/rsmc-env/lib/python3.11/site-packages/pandas/core/roperator.py first seen with mtime 1771408984.0
File /home/haron/miniconda3/envs/rsmc-env/lib/python3.11/site-packages/pandas/core/nanops.py first seen with mtime 1771408984.0
File /home/haron/miniconda3/envs/rsmc-env/lib/python3.11/site-packages/xarray/core/extensions.py first seen with mtime 1769665430.0
File /home/haron/kmd/kmd_web/web_service/user_accounts/models.py first seen with mtime 1774342636.3671327
File /home/haron/miniconda3/envs/rsmc-env/lib/python3.11/site-packages/sqlparse/filters/aligned_indent.py first seen with mtime 1768985463.5066235
File /home/haron/kmd/kmd_web/web_service/nwp_models/views.py first seen with mtime 1774608649.129835
File /home/haron/miniconda3/envs/rsmc-env/lib/python3.11/site-packages/pandas/io/xml.py first seen with mtime 1771408984.0
File /home/haron/miniconda3/envs/rsmc-env/lib/python3.11/gzip.py first seen with mtime 1761072196.632342
File /home/haron/miniconda3/envs/rsmc-env/lib/python3.11/asyncio/log.py first seen with mtime 1761072196.9113426
File /home/haron/miniconda3/envs/rsmc-env/lib/python3.11/site-packages/numpy/lib/_ufunclike_impl.py first seen with mtime 1772616992.7739663
File /home/haron/miniconda3/envs/rsmc-env/lib/python3.11/site-packages/pandas/core/indexes/api.py first seen with mtime 1771408984.0
File /home/haron/miniconda3/envs/rsmc-env/lib/python3.11/site-packages/urllib3/util/url.py first seen with mtime 1771147020.7353709
File /home/haron/miniconda3/envs/rsmc-env/lib/python3.11/site-packages/xarray/structure/alignment.py first seen with mtime 1769665430.0
File /home/haron/miniconda3/envs/rsmc-env/lib/python3.11/site-packages/django/db/models/fields/reverse_related.py first seen with mtime 1768985465.5609806
File /home/haron/miniconda3/envs/rsmc-env/lib/python3.11/site-packages/numpy/_core/_type_aliases.py first seen with mtime 1772616992.5418644
File /home/haron/miniconda3/envs/rsmc-env/lib/python3.11/site-packages/pandas/core/reshape/__init__.py first seen with mtime 1771408984.0
File /home/haron/miniconda3/envs/rsmc-env/lib/python3.11/site-packages/django/contrib/sites/__init__.py first seen with mtime 1768985465.3619294
File /home/haron/miniconda3/envs/rsmc-env/lib/python3.11/site-packages/tzlocal/__init__.py first seen with mtime 1771428720.8771532
File /home/haron/kmd/kmd_web/web_service/user_accounts/services/send_password_setup_email.py first seen with mtime 1774360550.8987505
File /home/haron/miniconda3/envs/rsmc-env/lib/python3.11/site-packages/numpy/_core/defchararray.py first seen with mtime 1772616992.5418644
File /home/haron/miniconda3/envs/rsmc-env/lib/python3.11/site-packages/mpl_toolkits/mplot3d/axis3d.py first seen with mtime 1772617000.7329366
File /home/haron/miniconda3/envs/rsmc-env/lib/python3.11/site-packages/django/template/backends/base.py first seen with mtime 1768985465.6060488
File /home/haron/miniconda3/envs/rsmc-env/lib/python3.11/site-packages/numpy/f2py/__version__.py first seen with mtime 1772616992.6558793
File /home/haron/miniconda3/envs/rsmc-env/lib/python3.11/site-packages/kiwisolver/__init__.py first seen with mtime 1772616995.727733
File /home/haron/miniconda3/envs/rsmc-env/lib/python3.11/email/mime/message.py first seen with mtime 1761072197.2273433
File /home/haron/miniconda3/envs/rsmc-env/lib/python3.11/site-packages/numpy/matrixlib/defmatrix.py first seen with mtime 1772616992.8106139
File /home/haron/miniconda3/envs/rsmc-env/lib/python3.11/site-packages/xarray/core/datatree_render.py first seen with mtime 1769665430.0
File /home/haron/miniconda3/envs/rsmc-env/lib/python3.11/site-packages/matplotlib/bezier.py first seen with mtime 1772617000.4712265
File /home/haron/miniconda3/envs/rsmc-env/lib/python3.11/site-packages/pandas/_libs/window/aggregations.cpython-311-x86_64-linux-gnu.so first seen with mtime 1771408984.0
File /home/haron/miniconda3/envs/rsmc-env/lib/python3.11/keyword.py first seen with mtime 1761072196.656342
File /home/haron/miniconda3/envs/rsmc-env/lib/python3.11/site-packages/numpy/_core/_dtype.py first seen with mtime 1772616992.4522812
File /home/haron/miniconda3/envs/rsmc-env/lib/python3.11/site-packages/django/core/checks/security/__init__.py first seen with mtime 1768985465.4933784
File /home/haron/miniconda3/envs/rsmc-env/lib/python3.11/site-packages/django/core/management/__init__.py first seen with mtime 1768985465.5046453
File /home/haron/miniconda3/envs/rsmc-env/lib/python3.11/site-packages/numpy/lib/_datasource.py first seen with mtime 1772616992.7576783
File /home/haron/miniconda3/envs/rsmc-env/lib/python3.11/site-packages/django/views/generic/detail.py first seen with mtime 1768985465.628583
File /home/haron/miniconda3/envs/rsmc-env/lib/python3.11/site-packages/requests/models.py first seen with mtime 1771147021.8473828
File /home/haron/miniconda3/envs/rsmc-env/lib/python3.11/site-packages/pandas/core/arrays/string_.py first seen with mtime 1771408984.0
File /home/haron/miniconda3/envs/rsmc-env/lib/python3.11/site-packages/scipy/_lib/array_api_compat/common/_helpers.py first seen with mtime 1771171138.5042794
File /home/haron/miniconda3/envs/rsmc-env/lib/python3.11/site-packages/django/core/files/storage/base.py first seen with mtime 1768985465.497134
File /home/haron/miniconda3/envs/rsmc-env/lib/python3.11/site-packages/amqp/connection.py first seen with mtime 1771428721.581153
File /home/haron/miniconda3/envs/rsmc-env/lib/python3.11/site-packages/xarray/structure/combine.py first seen with mtime 1769665430.0
File /home/haron/miniconda3/envs/rsmc-env/lib/python3.11/site-packages/django/template/exceptions.py first seen with mtime 1768985465.6060488
File /home/haron/miniconda3/envs/rsmc-env/lib/python3.11/site-packages/django/utils/translation/__init__.py first seen with mtime 1768985465.6248271
File /home/haron/miniconda3/envs/rsmc-env/lib/python3.11/site-packages/matplotlib/backend_managers.py first seen with mtime 1772617000.4671373
File /home/haron/miniconda3/envs/rsmc-env/lib/python3.11/re/__init__.py first seen with mtime 1761072198.146345
File /home/haron/miniconda3/envs/rsmc-env/lib/python3.11/site-packages/numpy/f2py/use_rules.py first seen with mtime 1772616992.668095
File /home/haron/miniconda3/envs/rsmc-env/lib/python3.11/site-packages/requests/cookies.py first seen with mtime 1771147021.8433826
File /home/haron/miniconda3/envs/rsmc-env/lib/python3.11/site-packages/pandas/core/interchange/dataframe_protocol.py first seen with mtime 1771408984.0
File /home/haron/miniconda3/envs/rsmc-env/lib/python3.11/site-packages/numpy/_core/einsumfunc.py first seen with mtime 1772616992.5459363
File /home/haron/miniconda3/envs/rsmc-env/lib/python3.11/site-packages/numpy/_typing/_ufunc.py first seen with mtime 1772616992.6151597
File /home/haron/miniconda3/envs/rsmc-env/lib/python3.11/site-packages/django/contrib/admin/views/autocomplete.py first seen with mtime 1768985464.1187994
File /home/haron/miniconda3/envs/rsmc-env/lib/python3.11/site-packages/django/contrib/admin/sites.py first seen with mtime 1768985463.863413
File /home/haron/miniconda3/envs/rsmc-env/lib/python3.11/site-packages/yaml/nodes.py first seen with mtime 1771170928.8931074
File /home/haron/miniconda3/envs/rsmc-env/lib/python3.11/site-packages/scipy/io/matlab/mio_utils.py first seen with mtime 1771171138.6650338
File /home/haron/miniconda3/envs/rsmc-env/lib/python3.11/site-packages/pandas/_libs/sparse.cpython-311-x86_64-linux-gnu.so first seen with mtime 1771408984.0
File /home/haron/miniconda3/envs/rsmc-env/lib/python3.11/sysconfig.py first seen with mtime 1761072196.8103423
File /home/haron/miniconda3/envs/rsmc-env/lib/python3.11/site-packages/pandas/_libs/indexing.cpython-311-x86_64-linux-gnu.so first seen with mtime 1771408984.0
File /home/haron/miniconda3/envs/rsmc-env/lib/python3.11/site-packages/xarray/util/__init__.py first seen with mtime 1769665430.0
File /home/haron/miniconda3/envs/rsmc-env/lib/python3.11/site-packages/scipy/sparse/_compressed.py first seen with mtime 1771171138.9664485
File /home/haron/miniconda3/envs/rsmc-env/lib/python3.11/site-packages/matplotlib/quiver.py first seen with mtime 1772617000.5080295
File /home/haron/kmd/kmd_web/web_service/nwp_models/models.py first seen with mtime 1770369220.0249817
File /home/haron/miniconda3/envs/rsmc-env/lib/python3.11/site-packages/django/urls/converters.py first seen with mtime 1768985465.6173158
File /home/haron/miniconda3/envs/rsmc-env/lib/python3.11/site-packages/shapely/_coverage.py first seen with mtime 1772616997.6619334
File /home/haron/miniconda3/envs/rsmc-env/lib/python3.11/asyncio/sslproto.py first seen with mtime 1761072196.9263427
File /home/haron/miniconda3/envs/rsmc-env/lib/python3.11/site-packages/shapely/predicates.py first seen with mtime 1772616997.694647
File /home/haron/miniconda3/envs/rsmc-env/lib/python3.11/site-packages/numpy/testing/_private/__init__.py first seen with mtime 1772616992.8676212
File /home/haron/miniconda3/envs/rsmc-env/lib/python3.11/asyncio/events.py first seen with mtime 1761072196.8993425
File /home/haron/miniconda3/envs/rsmc-env/lib/python3.11/importlib/readers.py first seen with mtime 1761072197.8183444
File /home/haron/kmd/kmd_web/web_service/swfp_evaluation/get_event_table_data.py first seen with mtime 1773766782.9090896
File /home/haron/miniconda3/envs/rsmc-env/lib/python3.11/site-packages/pandas/core/arrays/_ranges.py first seen with mtime 1771408984.0
File /home/haron/miniconda3/envs/rsmc-env/lib/python3.11/site-packages/django/db/models/lookups.py first seen with mtime 1768985465.5534692
File /home/haron/miniconda3/envs/rsmc-env/lib/python3.11/site-packages/rest_framework/views.py first seen with mtime 1768985470.707041
File /home/haron/miniconda3/envs/rsmc-env/lib/python3.11/site-packages/sqlparse/filters/__init__.py first seen with mtime 1768985463.5066235
File /home/haron/miniconda3/envs/rsmc-env/lib/python3.11/site-packages/pandas/core/array_algos/putmask.py first seen with mtime 1771408984.0
File /home/haron/miniconda3/envs/rsmc-env/lib/python3.11/site-packages/matplotlib/axis.py first seen with mtime 1772617000.4671373
File /home/haron/miniconda3/envs/rsmc-env/lib/python3.11/site-packages/scipy/_lib/array_api_compat/numpy/fft.py first seen with mtime 1771171138.5123172
File /home/haron/miniconda3/envs/rsmc-env/lib/python3.11/site-packages/dateutil/tz/__init__.py first seen with mtime 1772616998.4756877
File /home/haron/miniconda3/envs/rsmc-env/lib/python3.11/site-packages/xarray/namedarray/core.py first seen with mtime 1769665430.0
File /home/haron/miniconda3/envs/rsmc-env/lib/python3.11/site-packages/xarray/compat/array_api_compat.py first seen with mtime 1769665430.0
File /home/haron/miniconda3/envs/rsmc-env/lib/python3.11/site-packages/django/core/cache/backends/filebased.py first seen with mtime 1768985465.4896226
File /home/haron/miniconda3/envs/rsmc-env/lib/python3.11/site-packages/dateutil/tz/tz.py first seen with mtime 1772616998.4756877
File /home/haron/miniconda3/envs/rsmc-env/lib/python3.11/site-packages/pandas/core/groupby/generic.py first seen with mtime 1771408984.0
File /home/haron/miniconda3/envs/rsmc-env/lib/python3.11/site-packages/pandas/_libs/reshape.cpython-311-x86_64-linux-gnu.so first seen with mtime 1771408984.0
File /home/haron/miniconda3/envs/rsmc-env/lib/python3.11/site-packages/pandas/core/arrays/_mixins.py first seen with mtime 1771408984.0
File /home/haron/miniconda3/envs/rsmc-env/lib/python3.11/site-packages/dateutil/_common.py first seen with mtime 1772616998.4715986
File /home/haron/miniconda3/envs/rsmc-env/lib/python3.11/fnmatch.py first seen with mtime 1761072196.607342
File /home/haron/kmd/kmd_web/web_service/home/home/urls.py first seen with mtime 1772532054.0368848
File /home/haron/miniconda3/envs/rsmc-env/lib/python3.11/site-packages/pandas/_libs/tslibs/__init__.py first seen with mtime 1771408984.0
File /home/haron/miniconda3/envs/rsmc-env/lib/python3.11/site-packages/pandas/_libs/tslibs/strptime.cpython-311-x86_64-linux-gnu.so first seen with mtime 1771408984.0
File /home/haron/miniconda3/envs/rsmc-env/lib/python3.11/site-packages/django/db/models/functions/__init__.py first seen with mtime 1768985465.5609806
File /home/haron/miniconda3/envs/rsmc-env/lib/python3.11/site-packages/pandas/core/indexers/__init__.py first seen with mtime 1771408984.0
File /home/haron/miniconda3/envs/rsmc-env/lib/python3.11/site-packages/django/contrib/admin/templatetags/admin_list.py first seen with mtime 1768985464.1187994
File /home/haron/kmd/kmd_web/web_service/home/home/models.py first seen with mtime 1770730549.0897505
File /home/haron/miniconda3/envs/rsmc-env/lib/python3.11/site-packages/numpy/fft/_pocketfft_umath.cpython-311-x86_64-linux-gnu.so first seen with mtime 1772616992.7495344
File /home/haron/miniconda3/envs/rsmc-env/lib/python3.11/site-packages/django/utils/numberformat.py first seen with mtime 1768985465.6210716
File /home/haron/kmd/kmd_web/web_service/home/home/serializers.py first seen with mtime 1770367637.22195
File /home/haron/miniconda3/envs/rsmc-env/lib/python3.11/site-packages/kombu/connection.py first seen with mtime 1771428721.636153
File /home/haron/miniconda3/envs/rsmc-env/lib/python3.11/asyncio/timeouts.py first seen with mtime 1761072196.9433427
File /home/haron/miniconda3/envs/rsmc-env/lib/python3.11/site-packages/pandas/errors/__init__.py first seen with mtime 1771408984.0
File /home/haron/miniconda3/envs/rsmc-env/lib/python3.11/site-packages/matplotlib/image.py first seen with mtime 1772617000.4957619
File /home/haron/miniconda3/envs/rsmc-env/lib/python3.11/site-packages/django/core/handlers/exception.py first seen with mtime 1768985465.5008898
File /home/haron/miniconda3/envs/rsmc-env/lib/python3.11/lib-dynload/cmath.cpython-311-x86_64-linux-gnu.so first seen with mtime 1761072208.0933638
File /home/haron/miniconda3/envs/rsmc-env/lib/python3.11/_compression.py first seen with mtime 1761072196.4913418
File /home/haron/miniconda3/envs/rsmc-env/lib/python3.11/site-packages/matplotlib/__init__.py first seen with mtime 1772617000.4303343
File /home/haron/miniconda3/envs/rsmc-env/lib/python3.11/site-packages/xarray/compat/__init__.py first seen with mtime 1769665430.0
File /home/haron/miniconda3/envs/rsmc-env/lib/python3.11/site-packages/numpy/lib/_version.py first seen with mtime 1772616992.7739663
File /home/haron/miniconda3/envs/rsmc-env/lib/python3.11/site-packages/xarray/compat/toolzcompat.py first seen with mtime 1769665430.0
File /home/haron/miniconda3/envs/rsmc-env/lib/python3.11/re/_constants.py first seen with mtime 1761072198.1533449
File /home/haron/miniconda3/envs/rsmc-env/lib/python3.11/site-packages/django/utils/inspect.py first seen with mtime 1768985465.6210716
File /home/haron/miniconda3/envs/rsmc-env/lib/python3.11/site-packages/django/core/checks/messages.py first seen with mtime 1768985465.4933784
File /home/haron/miniconda3/envs/rsmc-env/lib/python3.11/site-packages/pandas/core/arrays/arrow/__init__.py first seen with mtime 1771408984.0
File /home/haron/miniconda3/envs/rsmc-env/lib/python3.11/site-packages/scipy/_lib/_pep440.py first seen with mtime 1771171138.4962416
File /home/haron/miniconda3/envs/rsmc-env/lib/python3.11/site-packages/django/template/loader.py first seen with mtime 1768985465.6060488
File /home/haron/miniconda3/envs/rsmc-env/lib/python3.11/site-packages/pandas/core/arrays/categorical.py first seen with mtime 1771408984.0
File /home/haron/miniconda3/envs/rsmc-env/lib/python3.11/site-packages/pandas/io/stata.py first seen with mtime 1771408984.0
File /home/haron/miniconda3/envs/rsmc-env/lib/python3.11/site-packages/pyparsing/warnings.py first seen with mtime 1772616991.4790826
File /home/haron/miniconda3/envs/rsmc-env/lib/python3.11/site-packages/pandas/core/dtypes/api.py first seen with mtime 1771408984.0
File /home/haron/miniconda3/envs/rsmc-env/lib/python3.11/site-packages/pandas/core/strings/object_array.py first seen with mtime 1771408984.0
File /home/haron/miniconda3/envs/rsmc-env/lib/python3.11/site-packages/shapely/geometry/multipolygon.py first seen with mtime 1772616997.7028255
File /home/haron/miniconda3/envs/rsmc-env/lib/python3.11/site-packages/django/db/migrations/utils.py first seen with mtime 1768985465.5497136
File /home/haron/miniconda3/envs/rsmc-env/lib/python3.11/site-packages/kombu/entity.py first seen with mtime 1771428721.6398196
File /home/haron/miniconda3/envs/rsmc-env/lib/python3.11/site-packages/xarray/core/dataset.py first seen with mtime 1769665430.0
File /home/haron/kmd/kmd_web/web_service/wrfapi/models.py first seen with mtime 1772532351.7888913
File /home/haron/miniconda3/envs/rsmc-env/lib/python3.11/site-packages/django/contrib/admin/models.py first seen with mtime 1768985463.8596573
File /home/haron/miniconda3/envs/rsmc-env/lib/python3.11/site-packages/scipy/io/_idl.py first seen with mtime 1771171138.628864
File /home/haron/miniconda3/envs/rsmc-env/lib/python3.11/site-packages/django/db/models/fields/__init__.py first seen with mtime 1768985465.557225
File /home/haron/miniconda3/envs/rsmc-env/lib/python3.11/site-packages/pandas/_config/config.py first seen with mtime 1771408984.0
File /home/haron/miniconda3/envs/rsmc-env/lib/python3.11/site-packages/sqlparse/filters/others.py first seen with mtime 1768985463.5066235
File /home/haron/miniconda3/envs/rsmc-env/lib/python3.11/site-packages/pandas/core/base.py first seen with mtime 1771408984.0
File /home/haron/miniconda3/envs/rsmc-env/lib/python3.11/lib-dynload/_lzma.cpython-311-x86_64-linux-gnu.so first seen with mtime 1761072208.3993645
File /home/haron/miniconda3/envs/rsmc-env/lib/python3.11/lib-dynload/grp.cpython-311-x86_64-linux-gnu.so first seen with mtime 1761072208.2823641
File /home/haron/miniconda3/envs/rsmc-env/lib/python3.11/site-packages/xarray/backends/chunks.py first seen with mtime 1769665430.0
File /home/haron/miniconda3/envs/rsmc-env/lib/python3.11/site-packages/scipy/__init__.py first seen with mtime 1771171138.488204
File /home/haron/miniconda3/envs/rsmc-env/lib/python3.11/site-packages/django/contrib/auth/signals.py first seen with mtime 1768985464.2577596
File /home/haron/miniconda3/envs/rsmc-env/lib/python3.11/lib-dynload/_ctypes.cpython-311-x86_64-linux-gnu.so first seen with mtime 1761072208.3403642
File /home/haron/miniconda3/envs/rsmc-env/lib/python3.11/site-packages/django/core/serializers/python.py first seen with mtime 1768985465.5234237
File /home/haron/miniconda3/envs/rsmc-env/lib/python3.11/site-packages/dateutil/parser/isoparser.py first seen with mtime 1772616998.4756877
File /home/haron/miniconda3/envs/rsmc-env/lib/python3.11/site-packages/django/db/models/functions/datetime.py first seen with mtime 1768985465.5609806
File /home/haron/miniconda3/envs/rsmc-env/lib/python3.11/site-packages/scipy/io/matlab/streams.py first seen with mtime 1771171138.6650338
File /home/haron/miniconda3/envs/rsmc-env/lib/python3.11/asyncio/base_tasks.py first seen with mtime 1761072196.8923426
File /home/haron/miniconda3/envs/rsmc-env/lib/python3.11/site-packages/numpy/f2py/_isocbind.py first seen with mtime 1772616992.6558793
File /home/haron/miniconda3/envs/rsmc-env/lib/python3.11/lib-dynload/binascii.cpython-311-x86_64-linux-gnu.so first seen with mtime 1761072208.206364
File /home/haron/miniconda3/envs/rsmc-env/lib/python3.11/site-packages/pandas/_libs/tslibs/timestamps.cpython-311-x86_64-linux-gnu.so first seen with mtime 1771408984.0
File /home/haron/miniconda3/envs/rsmc-env/lib/python3.11/site-packages/pandas/core/indexes/multi.py first seen with mtime 1771408984.0
File /home/haron/miniconda3/envs/rsmc-env/lib/python3.11/site-packages/pandas/core/series.py first seen with mtime 1771408984.0
File /home/haron/miniconda3/envs/rsmc-env/lib/python3.11/site-packages/requests/_internal_utils.py first seen with mtime 1771147021.8433826
File /home/haron/miniconda3/envs/rsmc-env/lib/python3.11/site-packages/amqp/utils.py first seen with mtime 1771428721.581153
File /home/haron/miniconda3/envs/rsmc-env/lib/python3.11/site-packages/matplotlib/tri/_triinterpolate.py first seen with mtime 1772617000.7206688
File /home/haron/miniconda3/envs/rsmc-env/lib/python3.11/site-packages/django/template/response.py first seen with mtime 1768985465.6060488
File /home/haron/miniconda3/envs/rsmc-env/lib/python3.11/site-packages/matplotlib/_cm.py first seen with mtime 1772617000.4385128
File /home/haron/miniconda3/envs/rsmc-env/lib/python3.11/site-packages/psycopg2/_psycopg.cpython-311-x86_64-linux-gnu.so first seen with mtime 1770910607.4905238
File /home/haron/miniconda3/envs/rsmc-env/lib/python3.11/site-packages/django/http/response.py first seen with mtime 1768985465.5985374
File /home/haron/miniconda3/envs/rsmc-env/lib/python3.11/site-packages/charset_normalizer/cd.py first seen with mtime 1771147021.667381
File /home/haron/miniconda3/envs/rsmc-env/lib/python3.11/site-packages/matplotlib/collections.py first seen with mtime 1772617000.4712265
File /home/haron/miniconda3/envs/rsmc-env/lib/python3.11/site-packages/django/core/__init__.py first seen with mtime 1768985465.485867
File /home/haron/miniconda3/envs/rsmc-env/lib/python3.11/operator.py first seen with mtime 1761072196.691342
File /home/haron/miniconda3/envs/rsmc-env/lib/python3.11/site-packages/matplotlib/_mathtext.py first seen with mtime 1772617000.4466913
File /home/haron/miniconda3/envs/rsmc-env/lib/python3.11/site-packages/pandas/core/arrays/sparse/array.py first seen with mtime 1771408984.0
File /home/haron/miniconda3/envs/rsmc-env/lib/python3.11/site-packages/requests/exceptions.py first seen with mtime 1771147021.8433826
File /home/haron/miniconda3/envs/rsmc-env/lib/python3.11/site-packages/matplotlib/backend_tools.py first seen with mtime 1772617000.4712265
File /home/haron/miniconda3/envs/rsmc-env/lib/python3.11/site-packages/django/utils/timesince.py first seen with mtime 1768985465.6248271
File /home/haron/miniconda3/envs/rsmc-env/lib/python3.11/site-packages/pandas/io/formats/info.py first seen with mtime 1771408984.0
File /home/haron/miniconda3/envs/rsmc-env/lib/python3.11/hashlib.py first seen with mtime 1761072196.6353421
File /home/haron/miniconda3/envs/rsmc-env/lib/python3.11/string.py first seen with mtime 1761072196.7983425
File /home/haron/miniconda3/envs/rsmc-env/lib/python3.11/site-packages/scipy/_lib/array_api_extra/_lib/_utils/_typing.py first seen with mtime 1771171138.5203547
File /home/haron/miniconda3/envs/rsmc-env/lib/python3.11/site-packages/django/db/models/sql/__init__.py first seen with mtime 1768985465.5647364
File /home/haron/miniconda3/envs/rsmc-env/lib/python3.11/email/feedparser.py first seen with mtime 1761072197.188343
File /home/haron/miniconda3/envs/rsmc-env/lib/python3.11/site-packages/idna/__init__.py first seen with mtime 1771147021.3713777
File /home/haron/miniconda3/envs/rsmc-env/lib/python3.11/site-packages/matplotlib/inset.py first seen with mtime 1772617000.4957619
File /home/haron/miniconda3/envs/rsmc-env/lib/python3.11/site-packages/xarray/tutorial.py first seen with mtime 1769665430.0
File /home/haron/miniconda3/envs/rsmc-env/lib/python3.11/site-packages/django/contrib/messages/utils.py first seen with mtime 1768985464.9863615
File /home/haron/miniconda3/envs/rsmc-env/lib/python3.11/site-packages/pandas/io/feather_format.py first seen with mtime 1771408984.0
File /home/haron/miniconda3/envs/rsmc-env/lib/python3.11/site-packages/pandas/_libs/tslibs/tzconversion.cpython-311-x86_64-linux-gnu.so first seen with mtime 1771408984.0
File /home/haron/miniconda3/envs/rsmc-env/lib/python3.11/site-packages/rest_framework/utils/__init__.py first seen with mtime 1768985470.8309784
File /home/haron/miniconda3/envs/rsmc-env/lib/python3.11/site-packages/scipy/io/netcdf.py first seen with mtime 1771171138.628864
File /home/haron/miniconda3/envs/rsmc-env/lib/python3.11/site-packages/django/views/generic/dates.py first seen with mtime 1768985465.628583
File /home/haron/miniconda3/envs/rsmc-env/lib/python3.11/site-packages/scipy/_lib/_docscrape.py first seen with mtime 1771171138.4962416
File /home/haron/kmd/kmd_web/web_service/user_accounts/signals.py first seen with mtime 1774772804.3705766
File /home/haron/miniconda3/envs/rsmc-env/lib/python3.11/site-packages/xarray/indexes/__init__.py first seen with mtime 1769665430.0
File /home/haron/miniconda3/envs/rsmc-env/lib/python3.11/site-packages/pandas/compat/pickle_compat.py first seen with mtime 1771408984.0
File /home/haron/miniconda3/envs/rsmc-env/lib/python3.11/site-packages/django/core/mail/utils.py first seen with mtime 1768985465.5008898
File /home/haron/miniconda3/envs/rsmc-env/lib/python3.11/cmd.py first seen with mtime 1761072196.554342
File /home/haron/miniconda3/envs/rsmc-env/lib/python3.11/site-packages/django/contrib/auth/tokens.py first seen with mtime 1768985464.2577596
File /home/haron/miniconda3/envs/rsmc-env/lib/python3.11/site-packages/kombu/utils/div.py first seen with mtime 1771428721.6544864
File /home/haron/miniconda3/envs/rsmc-env/lib/python3.11/site-packages/matplotlib/spines.py first seen with mtime 1772617000.5080295
File /home/haron/miniconda3/envs/rsmc-env/lib/python3.11/site-packages/celery/bootsteps.py first seen with mtime 1771428721.8854864
File /home/haron/miniconda3/envs/rsmc-env/lib/python3.11/site-packages/pandas/compat/numpy/__init__.py first seen with mtime 1771408984.0
File /home/haron/miniconda3/envs/rsmc-env/lib/python3.11/site-packages/packaging/_structures.py first seen with mtime 1772616992.167244
File /home/haron/miniconda3/envs/rsmc-env/lib/python3.11/site-packages/pandas/core/util/hashing.py first seen with mtime 1771408984.0
File /home/haron/miniconda3/envs/rsmc-env/lib/python3.11/site-packages/matplotlib/legend.py first seen with mtime 1772617000.4957619
File /home/haron/miniconda3/envs/rsmc-env/lib/python3.11/site-packages/pandas/compat/_optional.py first seen with mtime 1771408984.0
File /home/haron/miniconda3/envs/rsmc-env/lib/python3.11/site-packages/requests/auth.py first seen with mtime 1771147021.8433826
File /home/haron/miniconda3/envs/rsmc-env/lib/python3.11/site-packages/django/contrib/messages/apps.py first seen with mtime 1768985464.982606
File /home/haron/miniconda3/envs/rsmc-env/lib/python3.11/site-packages/dateutil/tz/_factories.py first seen with mtime 1772616998.4756877
File /home/haron/miniconda3/envs/rsmc-env/lib/python3.11/site-packages/sqlparse/filters/right_margin.py first seen with mtime 1768985463.510379
File /home/haron/miniconda3/envs/rsmc-env/lib/python3.11/site-packages/xarray/plot/__init__.py first seen with mtime 1769665430.0
File /home/haron/miniconda3/envs/rsmc-env/lib/python3.11/site-packages/django/contrib/contenttypes/checks.py first seen with mtime 1768985464.3967197
File /home/haron/miniconda3/envs/rsmc-env/lib/python3.11/site-packages/pandas/_libs/join.cpython-311-x86_64-linux-gnu.so first seen with mtime 1771408984.0
File /home/haron/miniconda3/envs/rsmc-env/lib/python3.11/site-packages/django/db/models/constraints.py first seen with mtime 1768985465.5534692
File /home/haron/kmd/kmd_web/web_service/user_accounts/forgot_password.py first seen with mtime 1774772754.3185637
File /home/haron/miniconda3/envs/rsmc-env/lib/python3.11/site-packages/mpl_toolkits/mplot3d/art3d.py first seen with mtime 1772617000.7329366
File /home/haron/miniconda3/envs/rsmc-env/lib/python3.11/site-packages/pandas/api/extensions/__init__.py first seen with mtime 1771408984.0
File /home/haron/miniconda3/envs/rsmc-env/lib/python3.11/site-packages/matplotlib/artist.py first seen with mtime 1772617000.4671373
File /home/haron/miniconda3/envs/rsmc-env/lib/python3.11/site-packages/pandas/core/ops/array_ops.py first seen with mtime 1771408984.0
File /home/haron/miniconda3/envs/rsmc-env/lib/python3.11/site-packages/django/contrib/staticfiles/utils.py first seen with mtime 1768985465.4821112
File /home/haron/miniconda3/envs/rsmc-env/lib/python3.11/site-packages/click/core.py first seen with mtime 1764518652.0
File /home/haron/miniconda3/envs/rsmc-env/lib/python3.11/site-packages/django/core/checks/files.py first seen with mtime 1768985465.4933784
File /home/haron/miniconda3/envs/rsmc-env/lib/python3.11/dataclasses.py first seen with mtime 1761072196.586342
File /home/haron/miniconda3/envs/rsmc-env/lib/python3.11/site-packages/django/template/backends/__init__.py first seen with mtime 1768985465.6060488
File /home/haron/miniconda3/envs/rsmc-env/lib/python3.11/site-packages/numpy/lib/_shape_base_impl.py first seen with mtime 1772616992.7739663
File /home/haron/miniconda3/envs/rsmc-env/lib/python3.11/site-packages/pandas/core/internals/blocks.py first seen with mtime 1771408984.0
File /home/haron/miniconda3/envs/rsmc-env/lib/python3.11/site-packages/django/contrib/staticfiles/checks.py first seen with mtime 1768985465.4821112
File /home/haron/miniconda3/envs/rsmc-env/lib/python3.11/glob.py first seen with mtime 1761072196.627342
File /home/haron/miniconda3/envs/rsmc-env/lib/python3.11/site-packages/pandas/io/parsers/python_parser.py first seen with mtime 1771408984.0
File /home/haron/miniconda3/envs/rsmc-env/lib/python3.11/site-packages/pandas/util/__init__.py first seen with mtime 1771408984.0
File /home/haron/miniconda3/envs/rsmc-env/lib/python3.11/site-packages/celery/utils/imports.py first seen with mtime 1771428721.922153
File /home/haron/miniconda3/envs/rsmc-env/lib/python3.11/shelve.py first seen with mtime 1761072196.7603424
File /home/haron/miniconda3/envs/rsmc-env/lib/python3.11/site-packages/numpy/f2py/capi_maps.py first seen with mtime 1772616992.6558793
File /home/haron/miniconda3/envs/rsmc-env/lib/python3.11/site-packages/pyparsing/testing.py first seen with mtime 1772616991.4790826
File /home/haron/miniconda3/envs/rsmc-env/lib/python3.11/importlib/resources/readers.py first seen with mtime 1761072197.8423443
File /home/haron/miniconda3/envs/rsmc-env/lib/python3.11/site-packages/xarray/coding/calendar_ops.py first seen with mtime 1769665430.0
File /home/haron/miniconda3/envs/rsmc-env/lib/python3.11/site-packages/django/dispatch/dispatcher.py first seen with mtime 1768985465.568492
File /home/haron/miniconda3/envs/rsmc-env/lib/python3.11/shlex.py first seen with mtime 1761072196.7633424
File /home/haron/miniconda3/envs/rsmc-env/lib/python3.11/site-packages/click/globals.py first seen with mtime 1764518652.0
File /home/haron/miniconda3/envs/rsmc-env/lib/python3.11/importlib/metadata/_meta.py first seen with mtime 1761072197.8613443
File /home/haron/miniconda3/envs/rsmc-env/lib/python3.11/site-packages/scipy/sparse/_dok.py first seen with mtime 1771171138.9744864
File /home/haron/miniconda3/envs/rsmc-env/lib/python3.11/site-packages/rest_framework/utils/encoders.py first seen with mtime 1768985470.8309784
File /home/haron/miniconda3/envs/rsmc-env/lib/python3.11/site-packages/matplotlib/_afm.py first seen with mtime 1772617000.4303343
File /home/haron/miniconda3/envs/rsmc-env/lib/python3.11/site-packages/django/core/files/storage/__init__.py first seen with mtime 1768985465.497134
File /home/haron/miniconda3/envs/rsmc-env/lib/python3.11/site-packages/xarray/core/common.py first seen with mtime 1769665430.0
File /home/haron/miniconda3/envs/rsmc-env/lib/python3.11/site-packages/rest_framework/exceptions.py first seen with mtime 1768985470.6957738
File /home/haron/miniconda3/envs/rsmc-env/lib/python3.11/site-packages/numpy/_typing/_scalars.py first seen with mtime 1772616992.6151597
File /home/haron/miniconda3/envs/rsmc-env/lib/python3.11/site-packages/django/contrib/staticfiles/handlers.py first seen with mtime 1768985465.4821112
File /home/haron/miniconda3/envs/rsmc-env/lib/python3.11/site-packages/pandas/_testing/_warnings.py first seen with mtime 1771408984.0
File /home/haron/miniconda3/envs/rsmc-env/lib/python3.11/site-packages/xarray/compat/pdcompat.py first seen with mtime 1769665430.0
File /home/haron/miniconda3/envs/rsmc-env/lib/python3.11/lib-dynload/_datetime.cpython-311-x86_64-linux-gnu.so first seen with mtime 1761072208.136364
File /home/haron/miniconda3/envs/rsmc-env/lib/python3.11/email/mime/base.py first seen with mtime 1761072197.2233431
File /home/haron/miniconda3/envs/rsmc-env/lib/python3.11/site-packages/numpy/random/_common.cpython-311-x86_64-linux-gnu.so first seen with mtime 1772616992.8309736
File /home/haron/miniconda3/envs/rsmc-env/lib/python3.11/site-packages/pandas/core/interchange/__init__.py first seen with mtime 1771408984.0
File /home/haron/miniconda3/envs/rsmc-env/lib/python3.11/asyncio/protocols.py first seen with mtime 1761072196.9173427
File /home/haron/miniconda3/envs/rsmc-env/lib/python3.11/site-packages/django/contrib/sessions/base_session.py first seen with mtime 1768985465.2229693
File /home/haron/miniconda3/envs/rsmc-env/lib/python3.11/site-packages/pandas/core/arrays/base.py first seen with mtime 1771408984.0
File /home/haron/miniconda3/envs/rsmc-env/lib/python3.11/asyncio/unix_events.py first seen with mtime 1761072196.9503427
File /home/haron/miniconda3/envs/rsmc-env/lib/python3.11/site-packages/django/contrib/admin/exceptions.py first seen with mtime 1768985463.8596573
File /home/haron/miniconda3/envs/rsmc-env/lib/python3.11/site-packages/rest_framework/permissions.py first seen with mtime 1768985470.7032852
File /home/haron/miniconda3/envs/rsmc-env/lib/python3.11/site-packages/pyproj/utils.py first seen with mtime 1772616999.1953902
File /home/haron/miniconda3/envs/rsmc-env/lib/python3.11/importlib/__init__.py first seen with mtime 1761072197.8013444
File /home/haron/miniconda3/envs/rsmc-env/lib/python3.11/site-packages/matplotlib/_text_helpers.py first seen with mtime 1772617000.463048
File /home/haron/miniconda3/envs/rsmc-env/lib/python3.11/site-packages/pandas/io/sas/sasreader.py first seen with mtime 1771408984.0
File /home/haron/miniconda3/envs/rsmc-env/lib/python3.11/site-packages/rest_framework/metadata.py first seen with mtime 1768985470.7032852
File /home/haron/miniconda3/envs/rsmc-env/lib/python3.11/site-packages/vine/__init__.py first seen with mtime 1771428720.8478198
File /home/haron/miniconda3/envs/rsmc-env/lib/python3.11/site-packages/billiard/compat.py first seen with mtime 1771428721.1118197
File /home/haron/miniconda3/envs/rsmc-env/lib/python3.11/site-packages/django/template/loaders/cached.py first seen with mtime 1768985465.6098044
File /home/haron/miniconda3/envs/rsmc-env/lib/python3.11/site-packages/yaml/serializer.py first seen with mtime 1771170928.8971062
File /home/haron/miniconda3/envs/rsmc-env/lib/python3.11/site-packages/django/utils/ipv6.py first seen with mtime 1768985465.6210716
File /home/haron/miniconda3/envs/rsmc-env/lib/python3.11/site-packages/scipy/_lib/array_api_extra/_delegation.py first seen with mtime 1771171138.516336
File /home/haron/miniconda3/envs/rsmc-env/lib/python3.11/site-packages/matplotlib/lines.py first seen with mtime 1772617000.499851
File /home/haron/miniconda3/envs/rsmc-env/lib/python3.11/site-packages/idna/package_data.py first seen with mtime 1771147021.3713777
File /home/haron/miniconda3/envs/rsmc-env/lib/python3.11/site-packages/django/db/backends/base/base.py first seen with mtime 1768985465.530935
File /home/haron/miniconda3/envs/rsmc-env/lib/python3.11/site-packages/matplotlib/pyplot.py first seen with mtime 1772617000.5039403
File /home/haron/miniconda3/envs/rsmc-env/lib/python3.11/site-packages/django/core/files/storage/memory.py first seen with mtime 1768985465.497134
File /home/haron/miniconda3/envs/rsmc-env/lib/python3.11/pkgutil.py first seen with mtime 1761072196.7103422
File /home/haron/miniconda3/envs/rsmc-env/lib/python3.11/asyncio/tasks.py first seen with mtime 1761072196.9383426
File /home/haron/miniconda3/envs/rsmc-env/lib/python3.11/site-packages/django/contrib/auth/admin.py first seen with mtime 1768985464.2540038
File /home/haron/miniconda3/envs/rsmc-env/lib/python3.11/site-packages/pyproj/_transformer.cpython-311-x86_64-linux-gnu.so first seen with mtime 1772616999.1831226
File /home/haron/miniconda3/envs/rsmc-env/lib/python3.11/site-packages/yaml/parser.py first seen with mtime 1771170928.8931074
File /home/haron/miniconda3/envs/rsmc-env/lib/python3.11/http/__init__.py first seen with mtime 1761072197.5633438
File /home/haron/miniconda3/envs/rsmc-env/lib/python3.11/site-packages/pandas/_libs/tslibs/ccalendar.cpython-311-x86_64-linux-gnu.so first seen with mtime 1771408984.0
File /home/haron/miniconda3/envs/rsmc-env/lib/python3.11/lib-dynload/_queue.cpython-311-x86_64-linux-gnu.so first seen with mtime 1761072208.117364
File /home/haron/miniconda3/envs/rsmc-env/lib/python3.11/_markupbase.py first seen with mtime 1761072196.493342
File /home/haron/miniconda3/envs/rsmc-env/lib/python3.11/__future__.py first seen with mtime 1761072196.4763417
File /home/haron/miniconda3/envs/rsmc-env/lib/python3.11/site-packages/xarray/coding/cftime_offsets.py first seen with mtime 1769665430.0
File /home/haron/miniconda3/envs/rsmc-env/lib/python3.11/site-packages/pandas/_libs/tslibs/base.cpython-311-x86_64-linux-gnu.so first seen with mtime 1771408984.0
File /home/haron/miniconda3/envs/rsmc-env/lib/python3.11/site-packages/celery/utils/__init__.py first seen with mtime 1771428721.922153
File /home/haron/miniconda3/envs/rsmc-env/lib/python3.11/site-packages/pandas/core/indexes/accessors.py first seen with mtime 1771408984.0
File /home/haron/miniconda3/envs/rsmc-env/lib/python3.11/site-packages/pandas/core/algorithms.py first seen with mtime 1771408984.0
File /home/haron/miniconda3/envs/rsmc-env/lib/python3.11/bisect.py first seen with mtime 1761072196.536342
File /home/haron/miniconda3/envs/rsmc-env/lib/python3.11/site-packages/django/core/serializers/json.py first seen with mtime 1768985465.5234237
File /home/haron/miniconda3/envs/rsmc-env/lib/python3.11/site-packages/PIL/_binary.py first seen with mtime 1772616991.7071123
File /home/haron/miniconda3/envs/rsmc-env/lib/python3.11/site-packages/pandas/core/util/numba_.py first seen with mtime 1771408984.0
File /home/haron/miniconda3/envs/rsmc-env/lib/python3.11/token.py first seen with mtime 1761072196.8333426
File /home/haron/miniconda3/envs/rsmc-env/lib/python3.11/site-packages/amqp/basic_message.py first seen with mtime 1771428721.5774863
File /home/haron/miniconda3/envs/rsmc-env/lib/python3.11/http/server.py first seen with mtime 1761072197.5723438
File /home/haron/miniconda3/envs/rsmc-env/lib/python3.11/site-packages/asgiref/sync.py first seen with mtime 1768985463.5742257
File /home/haron/miniconda3/envs/rsmc-env/lib/python3.11/site-packages/celery/app/builtins.py first seen with mtime 1771428721.900153
File /home/haron/miniconda3/envs/rsmc-env/lib/python3.11/site-packages/click/parser.py first seen with mtime 1764518652.0
File /home/haron/miniconda3/envs/rsmc-env/lib/python3.11/pydoc.py first seen with mtime 1761072196.7373424
File /home/haron/miniconda3/envs/rsmc-env/lib/python3.11/unittest/main.py first seen with mtime 1761072198.2873452
File /home/haron/kmd/kmd_web/web_service/national_met_services/apps.py first seen with mtime 1770369188.8186114
File /home/haron/miniconda3/envs/rsmc-env/lib/python3.11/site-packages/charset_normalizer/__init__.py first seen with mtime 1771147021.667381
File /home/haron/miniconda3/envs/rsmc-env/lib/python3.11/site-packages/pandas/core/window/numba_.py first seen with mtime 1771408984.0
File /home/haron/miniconda3/envs/rsmc-env/lib/python3.11/site-packages/numpy/polynomial/_polybase.py first seen with mtime 1772616992.8146858
File /home/haron/miniconda3/envs/rsmc-env/lib/python3.11/site-packages/matplotlib/table.py first seen with mtime 1772617000.5121188
File /home/haron/miniconda3/envs/rsmc-env/lib/python3.11/site-packages/django/core/checks/compatibility/__init__.py first seen with mtime 1768985465.4933784
File /home/haron/miniconda3/envs/rsmc-env/lib/python3.11/site-packages/pandas/core/flags.py first seen with mtime 1771408984.0
File /home/haron/miniconda3/envs/rsmc-env/lib/python3.11/site-packages/django/db/models/manager.py first seen with mtime 1768985465.557225
File /home/haron/miniconda3/envs/rsmc-env/lib/python3.11/site-packages/xarray/core/formatting_html.py first seen with mtime 1769665430.0
File /home/haron/miniconda3/envs/rsmc-env/lib/python3.11/site-packages/django/utils/__init__.py first seen with mtime 1768985465.6173158
File /home/haron/miniconda3/envs/rsmc-env/lib/python3.11/importlib/metadata/__init__.py first seen with mtime 1761072197.8483443
File /home/haron/miniconda3/envs/rsmc-env/lib/python3.11/concurrent/futures/thread.py first seen with mtime 1761072196.9743428
File /home/haron/miniconda3/envs/rsmc-env/lib/python3.11/site-packages/django/db/backends/postgresql/features.py first seen with mtime 1768985465.5422022
File /home/haron/miniconda3/envs/rsmc-env/lib/python3.11/site-packages/django/contrib/postgres/__init__.py first seen with mtime 1768985464.9863615
File /home/haron/miniconda3/envs/rsmc-env/lib/python3.11/logging/__init__.py first seen with mtime 1761072198.070345
File /home/haron/miniconda3/envs/rsmc-env/lib/python3.11/site-packages/pandas/core/indexes/datetimes.py first seen with mtime 1771408984.0
File /home/haron/miniconda3/envs/rsmc-env/lib/python3.11/asyncio/base_events.py first seen with mtime 1761072196.8853426
File /home/haron/miniconda3/envs/rsmc-env/lib/python3.11/re/_compiler.py first seen with mtime 1761072198.151345
File /home/haron/miniconda3/envs/rsmc-env/lib/python3.11/site-packages/certifi/core.py first seen with mtime 1772616997.584238
File /home/haron/miniconda3/envs/rsmc-env/lib/python3.11/site-packages/django/conf/urls/__init__.py first seen with mtime 1768985463.8596573
File /home/haron/miniconda3/envs/rsmc-env/lib/python3.11/site-packages/numpy/random/_generator.cpython-311-x86_64-linux-gnu.so first seen with mtime 1772616992.8391175
File /home/haron/miniconda3/envs/rsmc-env/lib/python3.11/site-packages/pandas/core/ops/mask_ops.py first seen with mtime 1771408984.0
File /home/haron/miniconda3/envs/rsmc-env/lib/python3.11/site-packages/pandas/_libs/index.cpython-311-x86_64-linux-gnu.so first seen with mtime 1771408984.0
File /home/haron/miniconda3/envs/rsmc-env/lib/python3.11/site-packages/numpy/lib/_nanfunctions_impl.py first seen with mtime 1772616992.7658222
File /home/haron/miniconda3/envs/rsmc-env/lib/python3.11/zoneinfo/_common.py first seen with mtime 1761072198.4323454
File /home/haron/miniconda3/envs/rsmc-env/lib/python3.11/site-packages/pandas/compat/numpy/function.py first seen with mtime 1771408984.0
File /home/haron/miniconda3/envs/rsmc-env/lib/python3.11/site-packages/pyparsing/core.py first seen with mtime 1772616991.4790826
File /home/haron/miniconda3/envs/rsmc-env/lib/python3.11/site-packages/matplotlib/_path.cpython-311-x86_64-linux-gnu.so first seen with mtime 1772617000.4507804
File /home/haron/miniconda3/envs/rsmc-env/lib/python3.11/site-packages/PIL/GimpGradientFile.py first seen with mtime 1772616991.6908245
File /home/haron/miniconda3/envs/rsmc-env/lib/python3.11/importlib/metadata/_adapters.py first seen with mtime 1761072197.8513443
File /home/haron/miniconda3/envs/rsmc-env/lib/python3.11/json/scanner.py first seen with mtime 1761072197.8753445
File /home/haron/miniconda3/envs/rsmc-env/lib/python3.11/ctypes/__init__.py first seen with mtime 1761072196.9783428
File /home/haron/miniconda3/envs/rsmc-env/lib/python3.11/site-packages/scipy/io/matlab/mio5.py first seen with mtime 1771171138.6650338
File /home/haron/miniconda3/envs/rsmc-env/lib/python3.11/site-packages/celery/utils/collections.py first seen with mtime 1771428721.922153
File /home/haron/miniconda3/envs/rsmc-env/lib/python3.11/site-packages/pandas/core/__init__.py first seen with mtime 1771408984.0
File /home/haron/miniconda3/envs/rsmc-env/lib/python3.11/importlib/resources/_itertools.py first seen with mtime 1761072197.8353443
File /home/haron/miniconda3/envs/rsmc-env/lib/python3.11/site-packages/django/contrib/auth/management/__init__.py first seen with mtime 1768985464.3929641
File /home/haron/miniconda3/envs/rsmc-env/lib/python3.11/stringprep.py first seen with mtime 1761072196.8003423
File /home/haron/miniconda3/envs/rsmc-env/lib/python3.11/zipfile.py first seen with mtime 1761072196.8723426
File /home/haron/miniconda3/envs/rsmc-env/lib/python3.11/site-packages/pandas/core/computation/check.py first seen with mtime 1771408984.0
File /home/haron/miniconda3/envs/rsmc-env/lib/python3.11/site-packages/pandas/core/sorting.py first seen with mtime 1771408984.0
File /home/haron/miniconda3/envs/rsmc-env/lib/python3.11/site-packages/pandas/compat/pyarrow.py first seen with mtime 1771408984.0
File /home/haron/miniconda3/envs/rsmc-env/lib/python3.11/http/client.py first seen with mtime 1761072197.5653439
File /home/haron/miniconda3/envs/rsmc-env/lib/python3.11/site-packages/pandas/io/formats/console.py first seen with mtime 1771408984.0
File /home/haron/miniconda3/envs/rsmc-env/lib/python3.11/site-packages/pyparsing/unicode.py first seen with mtime 1772616991.4790826
File /home/haron/miniconda3/envs/rsmc-env/lib/python3.11/site-packages/numpy/_core/_add_newdocs_scalars.py first seen with mtime 1772616992.4522812
File /home/haron/miniconda3/envs/rsmc-env/lib/python3.11/site-packages/psycopg2/extensions.py first seen with mtime 1770910607.4944327
File /home/haron/miniconda3/envs/rsmc-env/lib/python3.11/site-packages/numpy/_typing/_add_docstring.py first seen with mtime 1772616992.6151597
File /home/haron/miniconda3/envs/rsmc-env/lib/python3.11/site-packages/xarray/core/formatting.py first seen with mtime 1769665430.0
File /home/haron/miniconda3/envs/rsmc-env/lib/python3.11/site-packages/pyproj/enums.py first seen with mtime 1772616999.191301
File /home/haron/miniconda3/envs/rsmc-env/lib/python3.11/traceback.py first seen with mtime 1761072196.8403425
File /home/haron/miniconda3/envs/rsmc-env/lib/python3.11/argparse.py first seen with mtime 1761072196.523342
File /home/haron/miniconda3/envs/rsmc-env/lib/python3.11/site-packages/django/db/migrations/operations/models.py first seen with mtime 1768985465.5497136
File /home/haron/miniconda3/envs/rsmc-env/lib/python3.11/site-packages/kombu/utils/compat.py first seen with mtime 1771428721.6544864
File /home/haron/miniconda3/envs/rsmc-env/lib/python3.11/site-packages/rest_framework/parsers.py first seen with mtime 1768985470.7032852
File /home/haron/miniconda3/envs/rsmc-env/lib/python3.11/site-packages/scipy/sparse/csc.py first seen with mtime 1771171139.0106587
File /home/haron/miniconda3/envs/rsmc-env/lib/python3.11/site-packages/cartopy/io/__init__.py first seen with mtime 1772617002.7518783
File /home/haron/miniconda3/envs/rsmc-env/lib/python3.11/logging/handlers.py first seen with mtime 1761072198.0753448
File /home/haron/miniconda3/envs/rsmc-env/lib/python3.11/site-packages/rest_framework/response.py first seen with mtime 1768985470.7032852
File /home/haron/miniconda3/envs/rsmc-env/lib/python3.11/site-packages/scipy/io/idl.py first seen with mtime 1771171138.628864
File /home/haron/miniconda3/envs/rsmc-env/lib/python3.11/site-packages/django/views/generic/base.py first seen with mtime 1768985465.628583
File /home/haron/miniconda3/envs/rsmc-env/lib/python3.11/site-packages/matplotlib/axes/__init__.py first seen with mtime 1772617000.520297
File /home/haron/miniconda3/envs/rsmc-env/lib/python3.11/site-packages/django/core/checks/translation.py first seen with mtime 1768985465.4933784
File /home/haron/miniconda3/envs/rsmc-env/lib/python3.11/site-packages/scipy/io/matlab/_streams.cpython-311-x86_64-linux-gnu.so first seen with mtime 1771171138.6650338
File /home/haron/miniconda3/envs/rsmc-env/lib/python3.11/site-packages/celery/utils/objects.py first seen with mtime 1771428721.9258196
File /home/haron/miniconda3/envs/rsmc-env/lib/python3.11/asyncio/locks.py first seen with mtime 1761072196.9083426
File /home/haron/miniconda3/envs/rsmc-env/lib/python3.11/asyncio/futures.py first seen with mtime 1761072196.9063425
File /home/haron/miniconda3/envs/rsmc-env/lib/python3.11/site-packages/kombu/clocks.py first seen with mtime 1771428721.636153
File /home/haron/miniconda3/envs/rsmc-env/lib/python3.11/zoneinfo/__init__.py first seen with mtime 1761072198.4303455
File /home/haron/miniconda3/envs/rsmc-env/lib/python3.11/site-packages/tzlocal/windows_tz.py first seen with mtime 1771428720.8844864
File /home/haron/miniconda3/envs/rsmc-env/lib/python3.11/site-packages/django/contrib/postgres/search.py first seen with mtime 1768985464.9863615
File /home/haron/miniconda3/envs/rsmc-env/lib/python3.11/site-packages/scipy/_lib/array_api_compat/common/__init__.py first seen with mtime 1771171138.5042794
File /home/haron/miniconda3/envs/rsmc-env/lib/python3.11/site-packages/xarray/backends/__init__.py first seen with mtime 1769665430.0
File /home/haron/miniconda3/envs/rsmc-env/lib/python3.11/site-packages/django/core/cache/backends/base.py first seen with mtime 1768985465.4896226
File /home/haron/miniconda3/envs/rsmc-env/lib/python3.11/site-packages/matplotlib/projections/__init__.py first seen with mtime 1772617000.6797767
File /home/haron/miniconda3/envs/rsmc-env/lib/python3.11/inspect.py first seen with mtime 1761072196.6483421
File /home/haron/miniconda3/envs/rsmc-env/lib/python3.11/site-packages/vine/synchronization.py first seen with mtime 1771428720.8478198
File /home/haron/miniconda3/envs/rsmc-env/lib/python3.11/site-packages/django/core/handlers/wsgi.py first seen with mtime 1768985465.5008898
File /home/haron/miniconda3/envs/rsmc-env/lib/python3.11/site-packages/pandas/_libs/interval.cpython-311-x86_64-linux-gnu.so first seen with mtime 1771408984.0
File /home/haron/miniconda3/envs/rsmc-env/lib/python3.11/site-packages/pandas/_libs/testing.cpython-311-x86_64-linux-gnu.so first seen with mtime 1771408984.0
File /home/haron/miniconda3/envs/rsmc-env/lib/python3.11/site-packages/pandas/core/window/ewm.py first seen with mtime 1771408984.0
File /home/haron/miniconda3/envs/rsmc-env/lib/python3.11/site-packages/kombu/utils/functional.py first seen with mtime 1771428721.6544864
File /home/haron/miniconda3/envs/rsmc-env/lib/python3.11/difflib.py first seen with mtime 1761072196.593342
File /home/haron/miniconda3/envs/rsmc-env/lib/python3.11/zoneinfo/_tzpath.py first seen with mtime 1761072198.4353454
File /home/haron/miniconda3/envs/rsmc-env/lib/python3.11/site-packages/numpy/f2py/f2py2e.py first seen with mtime 1772616992.6640232
File /home/haron/miniconda3/envs/rsmc-env/lib/python3.11/site-packages/requests/hooks.py first seen with mtime 1771147021.8473828
File /home/haron/miniconda3/envs/rsmc-env/lib/python3.11/site-packages/pandas/io/__init__.py first seen with mtime 1771408984.0
File /home/haron/miniconda3/envs/rsmc-env/lib/python3.11/site-packages/pandas/core/array_algos/masked_accumulations.py first seen with mtime 1771408984.0
File /home/haron/kmd/kmd_web/web_service/pages/apps.py first seen with mtime 1770775411.8375757
File /home/haron/miniconda3/envs/rsmc-env/lib/python3.11/lib-dynload/_csv.cpython-311-x86_64-linux-gnu.so first seen with mtime 1761072207.9343636
File /home/haron/miniconda3/envs/rsmc-env/lib/python3.11/site-packages/pandas/_libs/tslibs/offsets.cpython-311-x86_64-linux-gnu.so first seen with mtime 1771408984.0
File /home/haron/miniconda3/envs/rsmc-env/lib/python3.11/site-packages/pandas/util/_print_versions.py first seen with mtime 1771408984.0
File /home/haron/miniconda3/envs/rsmc-env/lib/python3.11/site-packages/urllib3/fields.py first seen with mtime 1771147020.7233708
File /home/haron/kmd/kmd_web/web_service/nwp_models/rainfall_mapper.py first seen with mtime 1774588959.2495084
File /home/haron/miniconda3/envs/rsmc-env/lib/python3.11/site-packages/idna/core.py first seen with mtime 1771147021.3713777
File /home/haron/miniconda3/envs/rsmc-env/lib/python3.11/site-packages/matplotlib/dates.py first seen with mtime 1772617000.479405
File /home/haron/miniconda3/envs/rsmc-env/lib/python3.11/site-packages/django/core/serializers/base.py first seen with mtime 1768985465.5234237
File /home/haron/miniconda3/envs/rsmc-env/lib/python3.11/site-packages/numpy/f2py/func2subr.py first seen with mtime 1772616992.6640232
File /home/haron/miniconda3/envs/rsmc-env/lib/python3.11/site-packages/scipy/io/matlab/_miobase.py first seen with mtime 1771171138.6650338
File /home/haron/miniconda3/envs/rsmc-env/lib/python3.11/site-packages/django/forms/__init__.py first seen with mtime 1768985465.568492
File /home/haron/miniconda3/envs/rsmc-env/lib/python3.11/site-packages/pandas/io/orc.py first seen with mtime 1771408984.0
File /home/haron/miniconda3/envs/rsmc-env/lib/python3.11/site-packages/matplotlib/colors.py first seen with mtime 1772617000.4753158
File /home/haron/miniconda3/envs/rsmc-env/lib/python3.11/site-packages/urllib3/poolmanager.py first seen with mtime 1771147020.727371
File /home/haron/miniconda3/envs/rsmc-env/lib/python3.11/site-packages/xarray/__init__.py first seen with mtime 1769665430.0
File /home/haron/miniconda3/envs/rsmc-env/lib/python3.11/site-packages/django/core/mail/message.py first seen with mtime 1768985465.5008898
File /home/haron/miniconda3/envs/rsmc-env/lib/python3.11/site-packages/xarray/backends/memory.py first seen with mtime 1769665430.0
File /home/haron/miniconda3/envs/rsmc-env/lib/python3.11/site-packages/django/db/transaction.py first seen with mtime 1768985465.530935
File /home/haron/miniconda3/envs/rsmc-env/lib/python3.11/site-packages/django/contrib/auth/__init__.py first seen with mtime 1768985464.2540038
File /home/haron/miniconda3/envs/rsmc-env/lib/python3.11/site-packages/rest_framework/schemas/coreapi.py first seen with mtime 1768985470.7821546
File /home/haron/miniconda3/envs/rsmc-env/lib/python3.11/site-packages/django/template/loaders/filesystem.py first seen with mtime 1768985465.6098044
File /home/haron/miniconda3/envs/rsmc-env/lib/python3.11/site-packages/pandas/core/indexes/timedeltas.py first seen with mtime 1771408984.0
File /home/haron/miniconda3/envs/rsmc-env/lib/python3.11/site-packages/psycopg2/_json.py first seen with mtime 1770910607.486615
File /home/haron/miniconda3/envs/rsmc-env/lib/python3.11/site-packages/pandas/_libs/tslibs/nattype.cpython-311-x86_64-linux-gnu.so first seen with mtime 1771408984.0
File /home/haron/miniconda3/envs/rsmc-env/lib/python3.11/site-packages/scipy/_lib/array_api_extra/_lib/_funcs.py first seen with mtime 1771171138.5203547
File /home/haron/miniconda3/envs/rsmc-env/lib/python3.11/site-packages/pandas/core/computation/pytables.py first seen with mtime 1771408984.0
File /home/haron/miniconda3/envs/rsmc-env/lib/python3.11/struct.py first seen with mtime 1761072196.8023424
File /home/haron/miniconda3/envs/rsmc-env/lib/python3.11/site-packages/amqp/method_framing.py first seen with mtime 1771428721.581153
File /home/haron/kmd/kmd_web/web_service/wrfapi/admin.py first seen with mtime 1772532351.7888913
File /home/haron/miniconda3/envs/rsmc-env/lib/python3.11/site-packages/xarray/coding/cftimeindex.py first seen with mtime 1769665430.0
File /home/haron/miniconda3/envs/rsmc-env/lib/python3.11/site-packages/django/views/i18n.py first seen with mtime 1768985465.628583
File /home/haron/miniconda3/envs/rsmc-env/lib/python3.11/site-packages/xarray/backends/pydap_.py first seen with mtime 1769665430.0
File /home/haron/miniconda3/envs/rsmc-env/lib/python3.11/site-packages/django/contrib/contenttypes/management/__init__.py first seen with mtime 1768985464.5131457
File /home/haron/miniconda3/envs/rsmc-env/lib/python3.11/site-packages/numpy/f2py/crackfortran.py first seen with mtime 1772616992.6599512
File /home/haron/miniconda3/envs/rsmc-env/lib/python3.11/lib-dynload/_sha512.cpython-311-x86_64-linux-gnu.so first seen with mtime 1761072208.210364
File /home/haron/miniconda3/envs/rsmc-env/lib/python3.11/site-packages/matplotlib/_pylab_helpers.py first seen with mtime 1772617000.4548697
File /home/haron/miniconda3/envs/rsmc-env/lib/python3.11/site-packages/scipy/_lib/array_api_extra/_lib/_lazy.py first seen with mtime 1771171138.5203547
File /home/haron/miniconda3/envs/rsmc-env/lib/python3.11/socketserver.py first seen with mtime 1761072196.7823424
File /home/haron/miniconda3/envs/rsmc-env/lib/python3.11/site-packages/pandas/core/strings/accessor.py first seen with mtime 1771408984.0
File /home/haron/miniconda3/envs/rsmc-env/lib/python3.11/site-packages/django/utils/asyncio.py first seen with mtime 1768985465.6173158
File /home/haron/miniconda3/envs/rsmc-env/lib/python3.11/site-packages/numpy/dtypes.py first seen with mtime 1772616992.4482093
File /home/haron/miniconda3/envs/rsmc-env/lib/python3.11/site-packages/scipy/io/matlab/_byteordercodes.py first seen with mtime 1771171138.6569963
File /home/haron/miniconda3/envs/rsmc-env/lib/python3.11/asyncio/staggered.py first seen with mtime 1761072196.9293427
File /home/haron/miniconda3/envs/rsmc-env/lib/python3.11/site-packages/django/db/models/constants.py first seen with mtime 1768985465.5534692
File /home/haron/kmd/kmd_web/web_service/products/apps.py first seen with mtime 1770714927.0374305
File /home/haron/miniconda3/envs/rsmc-env/lib/python3.11/site-packages/urllib3/filepost.py first seen with mtime 1771147020.7233708
File /home/haron/kmd/kmd_web/web_service/forecasts/apps.py first seen with mtime 1770369164.953356
File /home/haron/miniconda3/envs/rsmc-env/lib/python3.11/site-packages/matplotlib/stackplot.py first seen with mtime 1772617000.5080295
File /home/haron/miniconda3/envs/rsmc-env/lib/python3.11/site-packages/numpy/_utils/__init__.py first seen with mtime 1772616992.6151597
File /home/haron/miniconda3/envs/rsmc-env/lib/python3.11/encodings/utf_8.py first seen with mtime 1761072197.5273438
File /home/haron/miniconda3/envs/rsmc-env/lib/python3.11/site-packages/corsheaders/checks.py first seen with mtime 1768985471.37296
File /home/haron/miniconda3/envs/rsmc-env/lib/python3.11/site-packages/pandas/core/arrays/__init__.py first seen with mtime 1771408984.0
File /home/haron/miniconda3/envs/rsmc-env/lib/python3.11/site-packages/rest_framework/utils/breadcrumbs.py first seen with mtime 1768985470.8309784
File /home/haron/miniconda3/envs/rsmc-env/lib/python3.11/contextvars.py first seen with mtime 1761072196.573342
File /home/haron/miniconda3/envs/rsmc-env/lib/python3.11/site-packages/numpy/_core/overrides.py first seen with mtime 1772616992.5500083
File /home/haron/miniconda3/envs/rsmc-env/lib/python3.11/lib-dynload/termios.cpython-311-x86_64-linux-gnu.so first seen with mtime 1761072207.9393635
File /home/haron/kmd/kmd_web/web_service/forecasts/archive_views.py first seen with mtime 1774281102.9958982
File /home/haron/miniconda3/envs/rsmc-env/lib/python3.11/site-packages/pyparsing/exceptions.py first seen with mtime 1772616991.4790826
File /home/haron/miniconda3/envs/rsmc-env/lib/python3.11/site-packages/django/utils/choices.py first seen with mtime 1768985465.6173158
File /home/haron/miniconda3/envs/rsmc-env/lib/python3.11/site-packages/django/contrib/admindocs/utils.py first seen with mtime 1768985464.1187994
File /home/haron/miniconda3/envs/rsmc-env/lib/python3.11/site-packages/django/db/backends/base/__init__.py first seen with mtime 1768985465.530935
File /home/haron/miniconda3/envs/rsmc-env/lib/python3.11/site-packages/PIL/ImageChops.py first seen with mtime 1772616991.6908245
File /home/haron/miniconda3/envs/rsmc-env/lib/python3.11/site-packages/django/conf/locale/__init__.py first seen with mtime 1768985463.6606064
File /home/haron/miniconda3/envs/rsmc-env/lib/python3.11/site-packages/pandas/util/_decorators.py first seen with mtime 1771408984.0
File /home/haron/miniconda3/envs/rsmc-env/lib/python3.11/site-packages/django/views/__init__.py first seen with mtime 1768985465.6248271
File /home/haron/miniconda3/envs/rsmc-env/lib/python3.11/site-packages/django/contrib/postgres/fields/utils.py first seen with mtime 1768985464.990117
File /home/haron/miniconda3/envs/rsmc-env/lib/python3.11/site-packages/rest_framework/generics.py first seen with mtime 1768985470.7032852
File /home/haron/miniconda3/envs/rsmc-env/lib/python3.11/site-packages/pandas/core/ops/common.py first seen with mtime 1771408984.0
File /home/haron/miniconda3/envs/rsmc-env/lib/python3.11/site-packages/pandas/core/arrays/interval.py first seen with mtime 1771408984.0
File /home/haron/miniconda3/envs/rsmc-env/lib/python3.11/site-packages/django/contrib/postgres/forms/hstore.py first seen with mtime 1768985464.993873
File /home/haron/miniconda3/envs/rsmc-env/lib/python3.11/site-packages/matplotlib/_mathtext_data.py first seen with mtime 1772617000.4507804
File /home/haron/miniconda3/envs/rsmc-env/lib/python3.11/site-packages/pandas/core/arrays/sparse/__init__.py first seen with mtime 1771408984.0
File /home/haron/miniconda3/envs/rsmc-env/lib/python3.11/site-packages/requests/__init__.py first seen with mtime 1771147021.8433826
File /home/haron/miniconda3/envs/rsmc-env/lib/python3.11/site-packages/xarray/core/accessor_str.py first seen with mtime 1769665430.0
File /home/haron/miniconda3/envs/rsmc-env/lib/python3.11/site-packages/numpy/lib/_arrayterator_impl.py first seen with mtime 1772616992.7576783
File /home/haron/miniconda3/envs/rsmc-env/lib/python3.11/site-packages/dateutil/easter.py first seen with mtime 1772616998.4715986
File /home/haron/miniconda3/envs/rsmc-env/lib/python3.11/lib-dynload/_heapq.cpython-311-x86_64-linux-gnu.so first seen with mtime 1761072208.267364
File /home/haron/miniconda3/envs/rsmc-env/lib/python3.11/site-packages/rest_framework/negotiation.py first seen with mtime 1768985470.7032852
File /home/haron/miniconda3/envs/rsmc-env/lib/python3.11/site-packages/numexpr/__init__.py first seen with mtime 1771147021.2593765
File /home/haron/miniconda3/envs/rsmc-env/lib/python3.11/site-packages/shapely/algorithms/__init__.py first seen with mtime 1772616997.6987362
File /home/haron/miniconda3/envs/rsmc-env/lib/python3.11/email/headerregistry.py first seen with mtime 1761072197.1963432
File /home/haron/miniconda3/envs/rsmc-env/lib/python3.11/site-packages/PIL/ImageColor.py first seen with mtime 1772616991.6908245
File /home/haron/miniconda3/envs/rsmc-env/lib/python3.11/site-packages/scipy/io/arff/__init__.py first seen with mtime 1771171138.6529772
File /home/haron/miniconda3/envs/rsmc-env/lib/python3.11/site-packages/PIL/ImageFile.py first seen with mtime 1772616991.6948965
File /home/haron/miniconda3/envs/rsmc-env/lib/python3.11/site-packages/django/db/models/query_utils.py first seen with mtime 1768985465.557225
File /home/haron/miniconda3/envs/rsmc-env/lib/python3.11/site-packages/numpy/f2py/cb_rules.py first seen with mtime 1772616992.6558793
File /home/haron/miniconda3/envs/rsmc-env/lib/python3.11/dis.py first seen with mtime 1761072196.596342
File /home/haron/miniconda3/envs/rsmc-env/lib/python3.11/site-packages/numpy/lib/_index_tricks_impl.py first seen with mtime 1772616992.7617502
File /home/haron/miniconda3/envs/rsmc-env/lib/python3.11/site-packages/requests/structures.py first seen with mtime 1771147021.8473828
File /home/haron/miniconda3/envs/rsmc-env/lib/python3.11/site-packages/pandas/core/api.py first seen with mtime 1771408984.0
File /home/haron/miniconda3/envs/rsmc-env/lib/python3.11/site-packages/django/db/models/functions/comparison.py first seen with mtime 1768985465.5609806
File /home/haron/miniconda3/envs/rsmc-env/lib/python3.11/email/utils.py first seen with mtime 1761072197.2113433
File /home/haron/miniconda3/envs/rsmc-env/lib/python3.11/site-packages/django/contrib/admin/actions.py first seen with mtime 1768985463.8596573
File /home/haron/miniconda3/envs/rsmc-env/lib/python3.11/site-packages/django/db/backends/postgresql/base.py first seen with mtime 1768985465.5422022
File /home/haron/miniconda3/envs/rsmc-env/lib/python3.11/site-packages/scipy/_lib/array_api_extra/_lib/_utils/_helpers.py first seen with mtime 1771171138.5203547
File /home/haron/miniconda3/envs/rsmc-env/lib/python3.11/site-packages/scipy/_lib/deprecation.py first seen with mtime 1771171138.4962416
File /home/haron/miniconda3/envs/rsmc-env/lib/python3.11/site-packages/scipy/sparse/_data.py first seen with mtime 1771171138.9744864
File /home/haron/miniconda3/envs/rsmc-env/lib/python3.11/site-packages/django/forms/forms.py first seen with mtime 1768985465.568492
File /home/haron/miniconda3/envs/rsmc-env/lib/python3.11/site-packages/xarray/core/resample_cftime.py first seen with mtime 1769665430.0
File /home/haron/miniconda3/envs/rsmc-env/lib/python3.11/site-packages/xarray/core/options.py first seen with mtime 1769665430.0
File /home/haron/miniconda3/envs/rsmc-env/lib/python3.11/site-packages/kombu/abstract.py first seen with mtime 1771428721.636153
File /home/haron/miniconda3/envs/rsmc-env/lib/python3.11/site-packages/pandas/core/groupby/grouper.py first seen with mtime 1771408984.0
File /home/haron/miniconda3/envs/rsmc-env/lib/python3.11/site-packages/rest_framework/utils/timezone.py first seen with mtime 1768985470.8309784
File /home/haron/kmd/kmd_web/web_service/news/event_models.py first seen with mtime 1773040026.45406
File /home/haron/miniconda3/envs/rsmc-env/lib/python3.11/site-packages/celery/worker/__init__.py first seen with mtime 1771428721.9294863
File /home/haron/miniconda3/envs/rsmc-env/lib/python3.11/site-packages/scipy/io/matlab/mio5_params.py first seen with mtime 1771171138.6650338
File /home/haron/miniconda3/envs/rsmc-env/lib/python3.11/site-packages/django/contrib/auth/forms.py first seen with mtime 1768985464.2540038
File /home/haron/miniconda3/envs/rsmc-env/lib/python3.11/site-packages/pandas/core/indexes/category.py first seen with mtime 1771408984.0
File /home/haron/miniconda3/envs/rsmc-env/lib/python3.11/site-packages/scipy/_lib/array_api_compat/common/_fft.py first seen with mtime 1771171138.5042794
File /home/haron/miniconda3/envs/rsmc-env/lib/python3.11/lib-dynload/array.cpython-311-x86_64-linux-gnu.so first seen with mtime 1761072208.1133637
File /home/haron/miniconda3/envs/rsmc-env/lib/python3.11/site-packages/django/core/checks/registry.py first seen with mtime 1768985465.4933784
File /home/haron/miniconda3/envs/rsmc-env/lib/python3.11/site-packages/pandas/core/computation/parsing.py first seen with mtime 1771408984.0
File /home/haron/miniconda3/envs/rsmc-env/lib/python3.11/re/_parser.py first seen with mtime 1761072198.155345
File /home/haron/miniconda3/envs/rsmc-env/lib/python3.11/site-packages/packaging/version.py first seen with mtime 1772616992.171316
File /home/haron/miniconda3/envs/rsmc-env/lib/python3.11/site-packages/xarray/namedarray/__init__.py first seen with mtime 1769665430.0
File /home/haron/miniconda3/envs/rsmc-env/lib/python3.11/site-packages/django/db/backends/__init__.py first seen with mtime 1768985465.530935
File /home/haron/miniconda3/envs/rsmc-env/lib/python3.11/site-packages/cartopy/crs.py first seen with mtime 1772617002.711118
File /home/haron/miniconda3/envs/rsmc-env/lib/python3.11/site-packages/charset_normalizer/models.py first seen with mtime 1771147021.671381
File /home/haron/miniconda3/envs/rsmc-env/lib/python3.11/site-packages/pandas/core/arrays/period.py first seen with mtime 1771408984.0
File /home/haron/miniconda3/envs/rsmc-env/lib/python3.11/email/_policybase.py first seen with mtime 1761072197.171343
File /home/haron/miniconda3/envs/rsmc-env/lib/python3.11/site-packages/pandas/core/methods/describe.py first seen with mtime 1771408984.0
File /home/haron/miniconda3/envs/rsmc-env/lib/python3.11/site-packages/xarray/coding/variables.py first seen with mtime 1769665430.0
File /home/haron/miniconda3/envs/rsmc-env/lib/python3.11/site-packages/pandas/core/window/common.py first seen with mtime 1771408984.0
File /home/haron/miniconda3/envs/rsmc-env/lib/python3.11/site-packages/django/http/multipartparser.py first seen with mtime 1768985465.5985374
File /home/haron/miniconda3/envs/rsmc-env/lib/python3.11/site-packages/rest_framework/utils/humanize_datetime.py first seen with mtime 1768985470.8309784
File /home/haron/miniconda3/envs/rsmc-env/lib/python3.11/lib-dynload/_uuid.cpython-311-x86_64-linux-gnu.so first seen with mtime 1761072208.2723641
File /home/haron/miniconda3/envs/rsmc-env/lib/python3.11/site-packages/shapely/geometry/multilinestring.py first seen with mtime 1772616997.7028255
File /home/haron/miniconda3/envs/rsmc-env/lib/python3.11/site-packages/django/db/backends/base/client.py first seen with mtime 1768985465.530935
File /home/haron/miniconda3/envs/rsmc-env/lib/python3.11/site-packages/xarray/backends/api.py first seen with mtime 1769665430.0
File /home/haron/miniconda3/envs/rsmc-env/lib/python3.11/site-packages/click/_compat.py first seen with mtime 1764518652.0
File /home/haron/miniconda3/envs/rsmc-env/lib/python3.11/site-packages/django/core/files/utils.py first seen with mtime 1768985465.497134
File /home/haron/miniconda3/envs/rsmc-env/lib/python3.11/site-packages/pandas/io/excel/_base.py first seen with mtime 1771408984.0
File /home/haron/miniconda3/envs/rsmc-env/lib/python3.11/site-packages/numpy/core/_utils.py first seen with mtime 1772616992.6151597
File /home/haron/miniconda3/envs/rsmc-env/lib/python3.11/site-packages/django/db/backends/base/creation.py first seen with mtime 1768985465.530935
File /home/haron/kmd/kmd_web/web_service/home/home/__init__.py first seen with mtime 1769069307.1651096
File /home/haron/miniconda3/envs/rsmc-env/lib/python3.11/site-packages/xarray/core/types.py first seen with mtime 1769665430.0
File /home/haron/miniconda3/envs/rsmc-env/lib/python3.11/site-packages/pandas/_libs/pandas_datetime.cpython-311-x86_64-linux-gnu.so first seen with mtime 1771408984.0
File /home/haron/miniconda3/envs/rsmc-env/lib/python3.11/site-packages/rest_framework/utils/field_mapping.py first seen with mtime 1768985470.8309784
File /home/haron/miniconda3/envs/rsmc-env/lib/python3.11/email/encoders.py first seen with mtime 1761072197.1833432
File /home/haron/miniconda3/envs/rsmc-env/lib/python3.11/site-packages/pandas/io/api.py first seen with mtime 1771408984.0
File /home/haron/miniconda3/envs/rsmc-env/lib/python3.11/site-packages/matplotlib/tri/_trirefine.py first seen with mtime 1772617000.7206688
File /home/haron/miniconda3/envs/rsmc-env/lib/python3.11/site-packages/pyproj/_context.cpython-311-x86_64-linux-gnu.so first seen with mtime 1772616999.1095166
File /home/haron/miniconda3/envs/rsmc-env/lib/python3.11/site-packages/xarray/core/_typed_ops.py first seen with mtime 1769665430.0
File /home/haron/miniconda3/envs/rsmc-env/lib/python3.11/site-packages/numpy/linalg/_umath_linalg.cpython-311-x86_64-linux-gnu.so first seen with mtime 1772616992.798398
File /home/haron/miniconda3/envs/rsmc-env/lib/python3.11/site-packages/pandas/core/arrays/arrow/accessors.py first seen with mtime 1771408984.0
File /home/haron/miniconda3/envs/rsmc-env/lib/python3.11/site-packages/matplotlib/scale.py first seen with mtime 1772617000.5080295
File /home/haron/miniconda3/envs/rsmc-env/lib/python3.11/json/encoder.py first seen with mtime 1761072197.8723445
File /home/haron/miniconda3/envs/rsmc-env/lib/python3.11/email/charset.py first seen with mtime 1761072197.178343
File /home/haron/miniconda3/envs/rsmc-env/lib/python3.11/site-packages/urllib3/connectionpool.py first seen with mtime 1771147020.7233708
File /home/haron/miniconda3/envs/rsmc-env/lib/python3.11/site-packages/pandas/_libs/tslibs/period.cpython-311-x86_64-linux-gnu.so first seen with mtime 1771408984.0
File /home/haron/miniconda3/envs/rsmc-env/lib/python3.11/site-packages/pandas/core/arrays/string_arrow.py first seen with mtime 1771408984.0
File /home/haron/miniconda3/envs/rsmc-env/lib/python3.11/site-packages/rest_framework/mixins.py first seen with mtime 1768985470.7032852
File /home/haron/miniconda3/envs/rsmc-env/lib/python3.11/site-packages/scipy/io/matlab/_mio5.py first seen with mtime 1771171138.661015
File /home/haron/miniconda3/envs/rsmc-env/lib/python3.11/site-packages/django/core/checks/security/csrf.py first seen with mtime 1768985465.4933784
File /home/haron/miniconda3/envs/rsmc-env/lib/python3.11/site-packages/django/views/generic/__init__.py first seen with mtime 1768985465.628583
File /home/haron/kmd/kmd_web/web_service/news/urls.py first seen with mtime 1773039712.8980339
File /home/haron/miniconda3/envs/rsmc-env/lib/python3.11/asyncio/queues.py first seen with mtime 1761072196.9193425
File /home/haron/miniconda3/envs/rsmc-env/lib/python3.11/site-packages/scipy/sparse/extract.py first seen with mtime 1771171139.0106587
File /home/haron/miniconda3/envs/rsmc-env/lib/python3.11/site-packages/django/core/signals.py first seen with mtime 1768985465.485867
File /home/haron/miniconda3/envs/rsmc-env/lib/python3.11/getpass.py first seen with mtime 1761072196.622342
File /home/haron/miniconda3/envs/rsmc-env/lib/python3.11/site-packages/celery/app/base.py first seen with mtime 1771428721.900153
File /home/haron/miniconda3/envs/rsmc-env/lib/python3.11/site-packages/pandas/io/excel/_odfreader.py first seen with mtime 1771408984.0
File /home/haron/miniconda3/envs/rsmc-env/lib/python3.11/site-packages/pandas/core/internals/__init__.py first seen with mtime 1771408984.0
File /home/haron/miniconda3/envs/rsmc-env/lib/python3.11/site-packages/numpy/f2py/common_rules.py first seen with mtime 1772616992.6599512
File /home/haron/miniconda3/envs/rsmc-env/lib/python3.11/site-packages/django/apps/registry.py first seen with mtime 1768985463.6568506
File /home/haron/miniconda3/envs/rsmc-env/lib/python3.11/site-packages/scipy/_lib/array_api_extra/_lib/__init__.py first seen with mtime 1771171138.516336
File /home/haron/kmd/kmd_web/web_service/wrfapi/__init__.py first seen with mtime 1772532351.7888913
File /home/haron/miniconda3/envs/rsmc-env/lib/python3.11/site-packages/django/contrib/admin/__init__.py first seen with mtime 1768985463.8596573
File /home/haron/miniconda3/envs/rsmc-env/lib/python3.11/site-packages/django/contrib/postgres/fields/citext.py first seen with mtime 1768985464.990117
File /home/haron/kmd/kmd_web/web_service/news/models.py first seen with mtime 1772532351.5328956
File /home/haron/miniconda3/envs/rsmc-env/lib/python3.11/json/decoder.py first seen with mtime 1761072197.8703444
File /home/haron/miniconda3/envs/rsmc-env/lib/python3.11/site-packages/pyproj/proj.py first seen with mtime 1772616999.1953902
File /home/haron/miniconda3/envs/rsmc-env/lib/python3.11/site-packages/scipy/_lib/doccer.py first seen with mtime 1771171138.4962416
File /home/haron/kmd/kmd_web/web_service/news/serializers.py first seen with mtime 1773039949.338047
File /home/haron/miniconda3/envs/rsmc-env/lib/python3.11/lib-dynload/unicodedata.cpython-311-x86_64-linux-gnu.so first seen with mtime 1761072208.3283641
File /home/haron/miniconda3/envs/rsmc-env/lib/python3.11/site-packages/django/views/generic/edit.py first seen with mtime 1768985465.6323385
File /home/haron/miniconda3/envs/rsmc-env/lib/python3.11/site-packages/django/core/cache/backends/__init__.py first seen with mtime 1768985465.4896226
File /home/haron/miniconda3/envs/rsmc-env/lib/python3.11/site-packages/numpy/_pytesttester.py first seen with mtime 1772616992.4482093
File /home/haron/miniconda3/envs/rsmc-env/lib/python3.11/site-packages/scipy/_lib/array_api_compat/numpy/_typing.py first seen with mtime 1771171138.5123172
File /home/haron/miniconda3/envs/rsmc-env/lib/python3.11/site-packages/celery/app/autoretry.py first seen with mtime 1771428721.8964863
File /home/haron/miniconda3/envs/rsmc-env/lib/python3.11/site-packages/django/core/checks/commands.py first seen with mtime 1768985465.4896226
File /home/haron/miniconda3/envs/rsmc-env/lib/python3.11/site-packages/matplotlib/colorizer.py first seen with mtime 1772617000.4753158
File /home/haron/miniconda3/envs/rsmc-env/lib/python3.11/site-packages/pandas/_testing/_io.py first seen with mtime 1771408984.0
File /home/haron/miniconda3/envs/rsmc-env/lib/python3.11/site-packages/django/contrib/auth/views.py first seen with mtime 1768985464.2577596
File /home/haron/miniconda3/envs/rsmc-env/lib/python3.11/site-packages/pandas/tseries/__init__.py first seen with mtime 1771408984.0
File /home/haron/miniconda3/envs/rsmc-env/lib/python3.11/site-packages/sqlparse/engine/statement_splitter.py first seen with mtime 1768985463.5066235
File /home/haron/miniconda3/envs/rsmc-env/lib/python3.11/site-packages/pyparsing/util.py first seen with mtime 1772616991.4790826
File /home/haron/miniconda3/envs/rsmc-env/lib/python3.11/site-packages/django/db/migrations/operations/base.py first seen with mtime 1768985465.5497136
File /home/haron/miniconda3/envs/rsmc-env/lib/python3.11/site-packages/django/core/signing.py first seen with mtime 1768985465.485867
File /home/haron/miniconda3/envs/rsmc-env/lib/python3.11/site-packages/django/db/models/fields/related.py first seen with mtime 1768985465.5609806
File /home/haron/miniconda3/envs/rsmc-env/lib/python3.11/site-packages/xarray/backends/h5netcdf_.py first seen with mtime 1769665430.0
File /home/haron/miniconda3/envs/rsmc-env/lib/python3.11/site-packages/django/db/__init__.py first seen with mtime 1768985465.5234237
File /home/haron/miniconda3/envs/rsmc-env/lib/python3.11/site-packages/xarray/core/dataset_utils.py first seen with mtime 1769665430.0
File /home/haron/miniconda3/envs/rsmc-env/lib/python3.11/site-packages/matplotlib/_cm_bivar.py first seen with mtime 1772617000.4385128
File /home/haron/miniconda3/envs/rsmc-env/lib/python3.11/site-packages/shapely/geometry/geo.py first seen with mtime 1772616997.7028255
File /home/haron/miniconda3/envs/rsmc-env/lib/python3.11/site-packages/scipy/io/matlab/byteordercodes.py first seen with mtime 1771171138.6650338
File /home/haron/miniconda3/envs/rsmc-env/lib/python3.11/site-packages/xarray/computation/ops.py first seen with mtime 1769665430.0
File /home/haron/miniconda3/envs/rsmc-env/lib/python3.11/site-packages/pyproj/geod.py first seen with mtime 1772616999.191301
File /home/haron/miniconda3/envs/rsmc-env/lib/python3.11/site-packages/django/db/models/options.py first seen with mtime 1768985465.557225
File /home/haron/miniconda3/envs/rsmc-env/lib/python3.11/site-packages/pyproj/exceptions.py first seen with mtime 1772616999.191301
File /home/haron/miniconda3/envs/rsmc-env/lib/python3.11/site-packages/pandas/core/dtypes/inference.py first seen with mtime 1771408984.0
File /home/haron/miniconda3/envs/rsmc-env/lib/python3.11/site-packages/scipy/io/matlab/_mio4.py first seen with mtime 1771171138.661015
File /home/haron/miniconda3/envs/rsmc-env/lib/python3.11/site-packages/matplotlib/offsetbox.py first seen with mtime 1772617000.499851
File /home/haron/miniconda3/envs/rsmc-env/lib/python3.11/site-packages/django/contrib/sites/shortcuts.py first seen with mtime 1768985465.3619294
File /home/haron/miniconda3/envs/rsmc-env/lib/python3.11/site-packages/django/db/migrations/operations/fields.py first seen with mtime 1768985465.5497136
File /home/haron/miniconda3/envs/rsmc-env/lib/python3.11/functools.py first seen with mtime 1761072196.614342
File /home/haron/miniconda3/envs/rsmc-env/lib/python3.11/site-packages/pandas/core/groupby/numba_.py first seen with mtime 1771408984.0
File /home/haron/miniconda3/envs/rsmc-env/lib/python3.11/site-packages/urllib3/_version.py first seen with mtime 1771147020.7233708
File /home/haron/miniconda3/envs/rsmc-env/lib/python3.11/site-packages/pandas/plotting/__init__.py first seen with mtime 1771408984.0
File /home/haron/miniconda3/envs/rsmc-env/lib/python3.11/site-packages/django/core/files/locks.py first seen with mtime 1768985465.497134
File /home/haron/miniconda3/envs/rsmc-env/lib/python3.11/site-packages/xarray/compat/dask_array_ops.py first seen with mtime 1769665430.0
File /home/haron/miniconda3/envs/rsmc-env/lib/python3.11/site-packages/django/utils/formats.py first seen with mtime 1768985465.6210716
File /home/haron/miniconda3/envs/rsmc-env/lib/python3.11/site-packages/numpy/f2py/diagnose.py first seen with mtime 1772616992.6599512
File /home/haron/miniconda3/envs/rsmc-env/lib/python3.11/site-packages/django/utils/html.py first seen with mtime 1768985465.6210716
File /home/haron/miniconda3/envs/rsmc-env/lib/python3.11/secrets.py first seen with mtime 1761072196.7563424
File /home/haron/miniconda3/envs/rsmc-env/lib/python3.11/site-packages/pandas/core/computation/common.py first seen with mtime 1771408984.0
File /home/haron/miniconda3/envs/rsmc-env/lib/python3.11/site-packages/scipy/_lib/array_api_compat/common/_linalg.py first seen with mtime 1771171138.5042794
File /home/haron/miniconda3/envs/rsmc-env/lib/python3.11/site-packages/pandas/arrays/__init__.py first seen with mtime 1771408984.0
File /home/haron/miniconda3/envs/rsmc-env/lib/python3.11/tarfile.py first seen with mtime 1761072196.8153424
File /home/haron/miniconda3/envs/rsmc-env/lib/python3.11/site-packages/scipy/_lib/array_api_extra/testing.py first seen with mtime 1771171138.516336
File /home/haron/kmd/kmd_web/web_service/users/models.py first seen with mtime 1770369246.6366746
File /home/haron/miniconda3/envs/rsmc-env/lib/python3.11/site-packages/django/template/loaders/app_directories.py first seen with mtime 1768985465.6098044
File /home/haron/miniconda3/envs/rsmc-env/lib/python3.11/asyncio/exceptions.py first seen with mtime 1761072196.9013426
File /home/haron/miniconda3/envs/rsmc-env/lib/python3.11/site-packages/django/core/management/commands/__init__.py first seen with mtime 1768985465.5046453
File /home/haron/kmd/kmd_web/web_service/forecasts/urls.py first seen with mtime 1774166957.9712055
File /home/haron/miniconda3/envs/rsmc-env/lib/python3.11/site-packages/pandas/_libs/tslibs/conversion.cpython-311-x86_64-linux-gnu.so first seen with mtime 1771408984.0
File /home/haron/miniconda3/envs/rsmc-env/lib/python3.11/site-packages/django/contrib/postgres/fields/hstore.py first seen with mtime 1768985464.990117
File /home/haron/miniconda3/envs/rsmc-env/lib/python3.11/site-packages/django/core/checks/security/sessions.py first seen with mtime 1768985465.4933784
File /home/haron/miniconda3/envs/rsmc-env/lib/python3.11/datetime.py first seen with mtime 1761072196.588342
File /home/haron/miniconda3/envs/rsmc-env/lib/python3.11/site-packages/pandas/core/array_algos/quantile.py first seen with mtime 1771408984.0
File /home/haron/miniconda3/envs/rsmc-env/lib/python3.11/site-packages/numpy/f2py/_backends/__init__.py first seen with mtime 1772616992.668095
File /home/haron/miniconda3/envs/rsmc-env/lib/python3.11/site-packages/django/utils/dateparse.py first seen with mtime 1768985465.6173158
File /home/haron/miniconda3/envs/rsmc-env/lib/python3.11/site-packages/requests/api.py first seen with mtime 1771147021.8433826
File /home/haron/miniconda3/envs/rsmc-env/lib/python3.11/lib-dynload/mmap.cpython-311-x86_64-linux-gnu.so first seen with mtime 1761072208.181364
File /home/haron/miniconda3/envs/rsmc-env/lib/python3.11/site-packages/django/utils/timezone.py first seen with mtime 1768985465.6248271
File /home/haron/miniconda3/envs/rsmc-env/lib/python3.11/site-packages/numpy/fft/__init__.py first seen with mtime 1772616992.7413905
File /home/haron/miniconda3/envs/rsmc-env/lib/python3.11/site-packages/yaml/__init__.py first seen with mtime 1771170928.873114
File /home/haron/kmd/kmd_web/web_service/rsmc_config/config/urls.py first seen with mtime 1774174374.1431856
File /home/haron/miniconda3/envs/rsmc-env/lib/python3.11/queue.py first seen with mtime 1761072196.7393422
File /home/haron/miniconda3/envs/rsmc-env/lib/python3.11/site-packages/numpy/linalg/__init__.py first seen with mtime 1772616992.794326
File /home/haron/miniconda3/envs/rsmc-env/lib/python3.11/site-packages/urllib3/contrib/__init__.py first seen with mtime 1771147020.727371
File /home/haron/miniconda3/envs/rsmc-env/lib/python3.11/site-packages/django/contrib/sessions/__init__.py first seen with mtime 1768985465.2229693
File /home/haron/miniconda3/envs/rsmc-env/lib/python3.11/site-packages/matplotlib/backends/__init__.py first seen with mtime 1772617000.5284755
File /home/haron/miniconda3/envs/rsmc-env/lib/python3.11/site-packages/pandas/_libs/algos.cpython-311-x86_64-linux-gnu.so first seen with mtime 1771408984.0
File /home/haron/miniconda3/envs/rsmc-env/lib/python3.11/site-packages/shapely/_geometry_helpers.cpython-311-x86_64-linux-gnu.so first seen with mtime 1772616997.6782901
File /home/haron/miniconda3/envs/rsmc-env/lib/python3.11/encodings/__init__.py first seen with mtime 1761072197.2393432
File /home/haron/miniconda3/envs/rsmc-env/lib/python3.11/site-packages/urllib3/_collections.py first seen with mtime 1771147020.7233708
File /home/haron/miniconda3/envs/rsmc-env/lib/python3.11/site-packages/django/utils/log.py first seen with mtime 1768985465.6210716
File /home/haron/miniconda3/envs/rsmc-env/lib/python3.11/site-packages/django/templatetags/__init__.py first seen with mtime 1768985465.6098044
File /home/haron/miniconda3/envs/rsmc-env/lib/python3.11/site-packages/django/core/checks/urls.py first seen with mtime 1768985465.4933784
File /home/haron/miniconda3/envs/rsmc-env/lib/python3.11/site-packages/pandas/_version_meson.py first seen with mtime 1771408984.0
File /home/haron/miniconda3/envs/rsmc-env/lib/python3.11/site-packages/scipy/sparse/_construct.py first seen with mtime 1771171138.9704673
File /home/haron/miniconda3/envs/rsmc-env/lib/python3.11/site-packages/django/contrib/postgres/forms/array.py first seen with mtime 1768985464.993873
File /home/haron/miniconda3/envs/rsmc-env/lib/python3.11/site-packages/rest_framework/schemas/generators.py first seen with mtime 1768985470.7821546
File /home/haron/miniconda3/envs/rsmc-env/lib/python3.11/site-packages/click/_utils.py first seen with mtime 1764518652.0
File /home/haron/miniconda3/envs/rsmc-env/lib/python3.11/site-packages/kombu/utils/encoding.py first seen with mtime 1771428721.6544864
File /home/haron/miniconda3/envs/rsmc-env/lib/python3.11/site-packages/scipy/io/_fast_matrix_market/__init__.py first seen with mtime 1771171138.632883
File /home/haron/miniconda3/envs/rsmc-env/lib/python3.11/lib-dynload/_posixsubprocess.cpython-311-x86_64-linux-gnu.so first seen with mtime 1761072208.5143645
File /home/haron/miniconda3/envs/rsmc-env/lib/python3.11/site-packages/django/templatetags/tz.py first seen with mtime 1768985465.6098044
File /home/haron/miniconda3/envs/rsmc-env/lib/python3.11/site-packages/numpy/testing/__init__.py first seen with mtime 1772616992.8676212
File /home/haron/miniconda3/envs/rsmc-env/lib/python3.11/site-packages/requests/status_codes.py first seen with mtime 1771147021.8473828
File /home/haron/miniconda3/envs/rsmc-env/lib/python3.11/site-packages/matplotlib/units.py first seen with mtime 1772617000.516208
File /home/haron/miniconda3/envs/rsmc-env/lib/python3.11/site-packages/numpy/random/_philox.cpython-311-x86_64-linux-gnu.so first seen with mtime 1772616992.8391175
File /home/haron/miniconda3/envs/rsmc-env/lib/python3.11/site-packages/django/contrib/contenttypes/fields.py first seen with mtime 1768985464.3967197
File /home/haron/miniconda3/envs/rsmc-env/lib/python3.11/site-packages/pandas/core/array_algos/datetimelike_accumulations.py first seen with mtime 1771408984.0
File /home/haron/miniconda3/envs/rsmc-env/lib/python3.11/site-packages/django/core/checks/templates.py first seen with mtime 1768985465.4933784
File /home/haron/miniconda3/envs/rsmc-env/lib/python3.11/site-packages/urllib3/util/ssltransport.py first seen with mtime 1771147020.7353709
File /home/haron/miniconda3/envs/rsmc-env/lib/python3.11/site-packages/matplotlib/_api/__init__.py first seen with mtime 1772617000.516208
File /home/haron/miniconda3/envs/rsmc-env/lib/python3.11/site-packages/django/contrib/postgres/forms/ranges.py first seen with mtime 1768985464.993873
File /home/haron/miniconda3/envs/rsmc-env/lib/python3.11/site-packages/celery/utils/graph.py first seen with mtime 1771428721.922153
File /home/haron/miniconda3/envs/rsmc-env/lib/python3.11/site-packages/pandas/_testing/compat.py first seen with mtime 1771408984.0
File /home/haron/miniconda3/envs/rsmc-env/lib/python3.11/site-packages/celery/loaders/base.py first seen with mtime 1771428721.9184864
File /home/haron/miniconda3/envs/rsmc-env/lib/python3.11/site-packages/pyproj/crs/_cf1x8.py first seen with mtime 1772616999.1953902
File /home/haron/miniconda3/envs/rsmc-env/lib/python3.11/site-packages/pandas/_testing/asserters.py first seen with mtime 1771408984.0
File /home/haron/miniconda3/envs/rsmc-env/lib/python3.11/site-packages/pandas/core/arrays/boolean.py first seen with mtime 1771408984.0
File /home/haron/miniconda3/envs/rsmc-env/lib/python3.11/site-packages/pandas/core/dtypes/generic.py first seen with mtime 1771408984.0
File /home/haron/miniconda3/envs/rsmc-env/lib/python3.11/site-packages/django/templatetags/cache.py first seen with mtime 1768985465.6098044
File /home/haron/miniconda3/envs/rsmc-env/lib/python3.11/site-packages/billiard/context.py first seen with mtime 1771428721.1118197
File /home/haron/miniconda3/envs/rsmc-env/lib/python3.11/site-packages/pandas/io/parsers/base_parser.py first seen with mtime 1771408984.0
File /home/haron/miniconda3/envs/rsmc-env/lib/python3.11/site-packages/pyproj/crs/coordinate_operation.py first seen with mtime 1772616999.1994796
File /home/haron/miniconda3/envs/rsmc-env/lib/python3.11/site-packages/pandas/io/formats/__init__.py first seen with mtime 1771408984.0
File /home/haron/miniconda3/envs/rsmc-env/lib/python3.11/site-packages/urllib3/_request_methods.py first seen with mtime 1771147020.7233708
File /home/haron/miniconda3/envs/rsmc-env/lib/python3.11/site-packages/django/db/models/fields/generated.py first seen with mtime 1768985465.557225
File /home/haron/miniconda3/envs/rsmc-env/lib/python3.11/site-packages/requests/packages.py first seen with mtime 1771147021.8473828
File /home/haron/miniconda3/envs/rsmc-env/lib/python3.11/site-packages/django/contrib/sites/requests.py first seen with mtime 1768985465.3619294
File /home/haron/miniconda3/envs/rsmc-env/lib/python3.11/textwrap.py first seen with mtime 1761072196.8223424
File /home/haron/miniconda3/envs/rsmc-env/lib/python3.11/site-packages/numpy/testing/_private/utils.py first seen with mtime 1772616992.8676212
File /home/haron/miniconda3/envs/rsmc-env/lib/python3.11/site-packages/django/db/backends/postgresql/__init__.py first seen with mtime 1768985465.5422022
File /home/haron/miniconda3/envs/rsmc-env/lib/python3.11/site-packages/kombu/transport/native_delayed_delivery.py first seen with mtime 1771428721.6508195
File /home/haron/miniconda3/envs/rsmc-env/lib/python3.11/site-packages/shapely/set_operations.py first seen with mtime 1772616997.694647
File /home/haron/miniconda3/envs/rsmc-env/lib/python3.11/site-packages/django/contrib/admin/views/__init__.py first seen with mtime 1768985464.1187994
File /home/haron/miniconda3/envs/rsmc-env/lib/python3.11/site-packages/dateutil/tz/_common.py first seen with mtime 1772616998.4756877
File /home/haron/miniconda3/envs/rsmc-env/lib/python3.11/site-packages/pyparsing/actions.py first seen with mtime 1772616991.4790826
File /home/haron/miniconda3/envs/rsmc-env/lib/python3.11/site-packages/matplotlib/font_manager.py first seen with mtime 1772617000.479405
File /home/haron/miniconda3/envs/rsmc-env/lib/python3.11/site-packages/pandas/core/computation/expr.py first seen with mtime 1771408984.0
File /home/haron/miniconda3/envs/rsmc-env/lib/python3.11/json/__init__.py first seen with mtime 1761072197.8683443
File /home/haron/miniconda3/envs/rsmc-env/lib/python3.11/site-packages/cycler/__init__.py first seen with mtime 1772616997.355242
File /home/haron/miniconda3/envs/rsmc-env/lib/python3.11/site-packages/django/contrib/postgres/fields/jsonb.py first seen with mtime 1768985464.990117
File /home/haron/miniconda3/envs/rsmc-env/lib/python3.11/site-packages/pandas/io/excel/_xlsxwriter.py first seen with mtime 1771408984.0
File /home/haron/miniconda3/envs/rsmc-env/lib/python3.11/lib-dynload/_asyncio.cpython-311-x86_64-linux-gnu.so first seen with mtime 1761072208.5183647
File /home/haron/miniconda3/envs/rsmc-env/lib/python3.11/site-packages/pandas/io/clipboards.py first seen with mtime 1771408984.0
File /home/haron/miniconda3/envs/rsmc-env/lib/python3.11/email/contentmanager.py first seen with mtime 1761072197.181343
File /home/haron/miniconda3/envs/rsmc-env/lib/python3.11/site-packages/django/core/wsgi.py first seen with mtime 1768985465.4896226
File /home/haron/miniconda3/envs/rsmc-env/lib/python3.11/site-packages/numpy/random/__init__.py first seen with mtime 1772616992.8269017
File /home/haron/miniconda3/envs/rsmc-env/lib/python3.11/site-packages/numpy/_array_api_info.py first seen with mtime 1772616992.4441373
File /home/haron/miniconda3/envs/rsmc-env/lib/python3.11/site-packages/django/__init__.py first seen with mtime 1768985463.653095
File /home/haron/miniconda3/envs/rsmc-env/lib/python3.11/site-packages/numpy/_core/numeric.py first seen with mtime 1772616992.5500083
File /home/haron/miniconda3/envs/rsmc-env/lib/python3.11/site-packages/django/contrib/contenttypes/admin.py first seen with mtime 1768985464.3967197
File /home/haron/miniconda3/envs/rsmc-env/lib/python3.11/site-packages/rest_framework/validators.py first seen with mtime 1768985470.707041
File /home/haron/kmd/kmd_web/web_service/home/home/views.py first seen with mtime 1770878565.9896302
File /home/haron/miniconda3/envs/rsmc-env/lib/python3.11/email/message.py first seen with mtime 1761072197.201343
File /home/haron/miniconda3/envs/rsmc-env/lib/python3.11/site-packages/xarray/computation/computation.py first seen with mtime 1769665430.0
File /home/haron/miniconda3/envs/rsmc-env/lib/python3.11/lib-dynload/_blake2.cpython-311-x86_64-linux-gnu.so first seen with mtime 1761072208.3223643
File /home/haron/miniconda3/envs/rsmc-env/lib/python3.11/site-packages/rest_framework/request.py first seen with mtime 1768985470.7032852
File /home/haron/miniconda3/envs/rsmc-env/lib/python3.11/site-packages/sqlparse/formatter.py first seen with mtime 1768985463.5028677
File /home/haron/miniconda3/envs/rsmc-env/lib/python3.11/ssl.py first seen with mtime 1761072196.7913425
File /home/haron/miniconda3/envs/rsmc-env/lib/python3.11/site-packages/xarray/core/indexing.py first seen with mtime 1769665430.0
File /home/haron/miniconda3/envs/rsmc-env/lib/python3.11/site-packages/urllib3/http2/probe.py first seen with mtime 1771147020.731371
File /home/haron/miniconda3/envs/rsmc-env/lib/python3.11/site-packages/django/forms/widgets.py first seen with mtime 1768985465.5722477
File /home/haron/miniconda3/envs/rsmc-env/lib/python3.11/site-packages/pandas/core/internals/api.py first seen with mtime 1771408984.0
File /home/haron/miniconda3/envs/rsmc-env/lib/python3.11/site-packages/django/forms/renderers.py first seen with mtime 1768985465.568492
File /home/haron/miniconda3/envs/rsmc-env/lib/python3.11/site-packages/pandas/core/indexers/utils.py first seen with mtime 1771408984.0
File /home/haron/miniconda3/envs/rsmc-env/lib/python3.11/site-packages/django/utils/datastructures.py first seen with mtime 1768985465.6173158
File /home/haron/miniconda3/envs/rsmc-env/lib/python3.11/site-packages/matplotlib/rcsetup.py first seen with mtime 1772617000.5080295
File /home/haron/miniconda3/envs/rsmc-env/lib/python3.11/site-packages/pyproj/aoi.py first seen with mtime 1772616999.1831226
File /home/haron/miniconda3/envs/rsmc-env/lib/python3.11/site-packages/scipy/sparse/csr.py first seen with mtime 1771171139.0106587
File /home/haron/miniconda3/envs/rsmc-env/lib/python3.11/importlib/metadata/_functools.py first seen with mtime 1761072197.8563445
File /home/haron/miniconda3/envs/rsmc-env/lib/python3.11/site-packages/numpy/_typing/_array_like.py first seen with mtime 1772616992.6151597
File /home/haron/miniconda3/envs/rsmc-env/lib/python3.11/site-packages/django/contrib/admin/templatetags/base.py first seen with mtime 1768985464.1187994
File /home/haron/miniconda3/envs/rsmc-env/lib/python3.11/site-packages/corsheaders/conf.py first seen with mtime 1768985471.37296
File /home/haron/miniconda3/envs/rsmc-env/lib/python3.11/site-packages/numpy/f2py/auxfuncs.py first seen with mtime 1772616992.6558793
File /home/haron/miniconda3/envs/rsmc-env/lib/python3.11/site-packages/pandas/io/excel/_xlrd.py first seen with mtime 1771408984.0
File /home/haron/miniconda3/envs/rsmc-env/lib/python3.11/site-packages/numpy/_core/numerictypes.py first seen with mtime 1772616992.5500083
File /home/haron/miniconda3/envs/rsmc-env/lib/python3.11/site-packages/django/conf/__init__.py first seen with mtime 1768985463.6568506
File /home/haron/miniconda3/envs/rsmc-env/lib/python3.11/site-packages/pandas/tseries/api.py first seen with mtime 1771408984.0
File /home/haron/miniconda3/envs/rsmc-env/lib/python3.11/site-packages/numpy/lib/__init__.py first seen with mtime 1772616992.7536063
File /home/haron/miniconda3/envs/rsmc-env/lib/python3.11/site-packages/django/db/models/functions/window.py first seen with mtime 1768985465.5647364
File /home/haron/miniconda3/envs/rsmc-env/lib/python3.11/lib-dynload/_ssl.cpython-311-x86_64-linux-gnu.so first seen with mtime 1761072208.2783642
File /home/haron/miniconda3/envs/rsmc-env/lib/python3.11/site-packages/scipy/_lib/array_api_compat/numpy/_info.py first seen with mtime 1771171138.5123172
File /home/haron/miniconda3/envs/rsmc-env/lib/python3.11/site-packages/pandas/core/config_init.py first seen with mtime 1771408984.0
File /home/haron/miniconda3/envs/rsmc-env/lib/python3.11/site-packages/django/db/models/sql/query.py first seen with mtime 1768985465.5647364
File /home/haron/miniconda3/envs/rsmc-env/lib/python3.11/site-packages/xarray/core/utils.py first seen with mtime 1769665430.0
File /home/haron/miniconda3/envs/rsmc-env/lib/python3.11/site-packages/PIL/__init__.py first seen with mtime 1772616991.7071123
File /home/haron/miniconda3/envs/rsmc-env/lib/python3.11/importlib/resources/_legacy.py first seen with mtime 1761072197.8373444
File /home/haron/miniconda3/envs/rsmc-env/lib/python3.11/site-packages/xarray/core/dataset_variables.py first seen with mtime 1769665430.0
File /home/haron/miniconda3/envs/rsmc-env/lib/python3.11/site-packages/pandas/core/arrays/_arrow_string_mixins.py first seen with mtime 1771408984.0
File /home/haron/miniconda3/envs/rsmc-env/lib/python3.11/site-packages/sqlparse/engine/grouping.py first seen with mtime 1768985463.5066235
File /home/haron/kmd/kmd_web/web_service/forecasts/doc_views.py first seen with mtime 1774285111.7445447
File /home/haron/miniconda3/envs/rsmc-env/lib/python3.11/pdb.py first seen with mtime 1761072196.701342
File /home/haron/miniconda3/envs/rsmc-env/lib/python3.11/html/parser.py first seen with mtime 1761072197.5593438
File /home/haron/miniconda3/envs/rsmc-env/lib/python3.11/site-packages/pyproj/_version.cpython-311-x86_64-linux-gnu.so first seen with mtime 1772616999.1831226
File /home/haron/miniconda3/envs/rsmc-env/lib/python3.11/site-packages/django/db/backends/postgresql/client.py first seen with mtime 1768985465.5422022
File /home/haron/miniconda3/envs/rsmc-env/lib/python3.11/site-packages/django/contrib/auth/base_user.py first seen with mtime 1768985464.2540038
File /home/haron/miniconda3/envs/rsmc-env/lib/python3.11/site-packages/django/db/models/functions/mixins.py first seen with mtime 1768985465.5647364
File /home/haron/miniconda3/envs/rsmc-env/lib/python3.11/site-packages/certifi/__init__.py first seen with mtime 1772616997.580149
File /home/haron/miniconda3/envs/rsmc-env/lib/python3.11/site-packages/django/db/backends/postgresql/creation.py first seen with mtime 1768985465.5422022
File /home/haron/miniconda3/envs/rsmc-env/lib/python3.11/site-packages/pandas/core/dtypes/common.py first seen with mtime 1771408984.0
File /home/haron/miniconda3/envs/rsmc-env/lib/python3.11/site-packages/celery/app/__init__.py first seen with mtime 1771428721.8964863
File /home/haron/miniconda3/envs/rsmc-env/lib/python3.11/site-packages/matplotlib/axes/_base.py first seen with mtime 1772617000.5243864
File /home/haron/miniconda3/envs/rsmc-env/lib/python3.11/site-packages/numpy/_core/getlimits.py first seen with mtime 1772616992.5459363
File /home/haron/miniconda3/envs/rsmc-env/lib/python3.11/site-packages/sqlparse/filters/output.py first seen with mtime 1768985463.5066235
File /home/haron/miniconda3/envs/rsmc-env/lib/python3.11/site-packages/urllib3/util/proxy.py first seen with mtime 1771147020.731371
File /home/haron/miniconda3/envs/rsmc-env/lib/python3.11/site-packages/pyparsing/__init__.py first seen with mtime 1772616991.4790826
File /home/haron/miniconda3/envs/rsmc-env/lib/python3.11/site-packages/scipy/io/matlab/mio.py first seen with mtime 1771171138.6650338
File /home/haron/miniconda3/envs/rsmc-env/lib/python3.11/site-packages/django/db/backends/base/introspection.py first seen with mtime 1768985465.530935
File /home/haron/miniconda3/envs/rsmc-env/lib/python3.11/copyreg.py first seen with mtime 1761072196.578342
File /home/haron/miniconda3/envs/rsmc-env/lib/python3.11/site-packages/numpy/_expired_attrs_2_0.py first seen with mtime 1772616992.4441373
File /home/haron/miniconda3/envs/rsmc-env/lib/python3.11/site-packages/simplejson/_speedups.cpython-311-x86_64-linux-gnu.so first seen with mtime 1771147020.9033728
File /home/haron/miniconda3/envs/rsmc-env/lib/python3.11/site-packages/matplotlib/_cm_listed.py first seen with mtime 1772617000.4385128
File /home/haron/miniconda3/envs/rsmc-env/lib/python3.11/site-packages/shapely/decorators.py first seen with mtime 1772616997.6864686
File /home/haron/miniconda3/envs/rsmc-env/lib/python3.11/email/parser.py first seen with mtime 1761072197.2033432
File /home/haron/miniconda3/envs/rsmc-env/lib/python3.11/site-packages/kombu/transport/__init__.py first seen with mtime 1771428721.647153
File /home/haron/miniconda3/envs/rsmc-env/lib/python3.11/site-packages/django/db/migrations/__init__.py first seen with mtime 1768985465.5459578
File /home/haron/miniconda3/envs/rsmc-env/lib/python3.11/lib-dynload/_json.cpython-311-x86_64-linux-gnu.so first seen with mtime 1761072208.1773639
File /home/haron/miniconda3/envs/rsmc-env/lib/python3.11/site-packages/pandas/io/excel/_openpyxl.py first seen with mtime 1771408984.0
File /home/haron/miniconda3/envs/rsmc-env/lib/python3.11/site-packages/matplotlib/_tight_bbox.py first seen with mtime 1772617000.463048
File /home/haron/miniconda3/envs/rsmc-env/lib/python3.11/site-packages/PIL/_version.py first seen with mtime 1772616991.74376
File /home/haron/miniconda3/envs/rsmc-env/lib/python3.11/site-packages/django/utils/hashable.py first seen with mtime 1768985465.6210716
File /home/haron/miniconda3/envs/rsmc-env/lib/python3.11/site-packages/django/db/migrations/operations/__init__.py first seen with mtime 1768985465.5497136
File /home/haron/miniconda3/envs/rsmc-env/lib/python3.11/fileinput.py first seen with mtime 1761072196.604342
File /home/haron/miniconda3/envs/rsmc-env/lib/python3.11/site-packages/pandas/_libs/tslibs/parsing.cpython-311-x86_64-linux-gnu.so first seen with mtime 1771408984.0
File /home/haron/miniconda3/envs/rsmc-env/lib/python3.11/site-packages/numpy/char/__init__.py first seen with mtime 1772616992.6151597
File /home/haron/miniconda3/envs/rsmc-env/lib/python3.11/site-packages/pandas/core/indexes/range.py first seen with mtime 1771408984.0
File /home/haron/miniconda3/envs/rsmc-env/lib/python3.11/site-packages/numpy/lib/_arraypad_impl.py first seen with mtime 1772616992.7536063
File /home/haron/miniconda3/envs/rsmc-env/lib/python3.11/lib-dynload/math.cpython-311-x86_64-linux-gnu.so first seen with mtime 1761072208.3593643
File /home/haron/miniconda3/envs/rsmc-env/lib/python3.11/site-packages/django/contrib/admin/filters.py first seen with mtime 1768985463.8596573
File /home/haron/miniconda3/envs/rsmc-env/lib/python3.11/site-packages/pandas/io/excel/__init__.py first seen with mtime 1771408984.0
File /home/haron/miniconda3/envs/rsmc-env/lib/python3.11/site-packages/numpy/_typing/_dtype_like.py first seen with mtime 1772616992.6151597
File /home/haron/kmd/kmd_web/web_service/swfp_evaluation/urls.py first seen with mtime 1773766143.0438497
File /home/haron/miniconda3/envs/rsmc-env/lib/python3.11/site-packages/kombu/utils/objects.py first seen with mtime 1771428721.6544864
File /home/haron/miniconda3/envs/rsmc-env/lib/python3.11/site-packages/six.py first seen with mtime 1772616990.9497275
File /home/haron/miniconda3/envs/rsmc-env/lib/python3.11/site-packages/django/db/models/fields/mixins.py first seen with mtime 1768985465.5609806
File /home/haron/miniconda3/envs/rsmc-env/lib/python3.11/site-packages/numpy/f2py/__init__.py first seen with mtime 1772616992.6518073
File /home/haron/miniconda3/envs/rsmc-env/lib/python3.11/site-packages/amqp/abstract_channel.py first seen with mtime 1771428721.5774863
File /home/haron/miniconda3/envs/rsmc-env/lib/python3.11/site-packages/matplotlib/projections/polar.py first seen with mtime 1772617000.6797767
File /home/haron/miniconda3/envs/rsmc-env/lib/python3.11/site-packages/numpy/_core/_exceptions.py first seen with mtime 1772616992.4522812
File /home/haron/miniconda3/envs/rsmc-env/lib/python3.11/site-packages/cartopy/io/shapereader.py first seen with mtime 1772617002.7559543
File /home/haron/miniconda3/envs/rsmc-env/lib/python3.11/site-packages/pandas/plotting/_core.py first seen with mtime 1771408984.0
File /home/haron/miniconda3/envs/rsmc-env/lib/python3.11/site-packages/django/contrib/auth/middleware.py first seen with mtime 1768985464.2540038
File /home/haron/kmd/kmd_web/web_service/swfp_evaluation/models.py first seen with mtime 1772532351.760892
File /home/haron/miniconda3/envs/rsmc-env/lib/python3.11/site-packages/numpy/version.py first seen with mtime 1772616992.4482093
File /home/haron/miniconda3/envs/rsmc-env/lib/python3.11/site-packages/amqp/__init__.py first seen with mtime 1771428721.5774863
File /home/haron/miniconda3/envs/rsmc-env/lib/python3.11/site-packages/pandas/io/parsers/c_parser_wrapper.py first seen with mtime 1771408984.0
File /home/haron/miniconda3/envs/rsmc-env/lib/python3.11/site-packages/django/core/files/images.py first seen with mtime 1768985465.497134
File /home/haron/miniconda3/envs/rsmc-env/lib/python3.11/site-packages/matplotlib/contour.py first seen with mtime 1772617000.4753158
File /home/haron/miniconda3/envs/rsmc-env/lib/python3.11/site-packages/pyproj/database.cpython-311-x86_64-linux-gnu.so first seen with mtime 1772616999.187212
File /home/haron/miniconda3/envs/rsmc-env/lib/python3.11/site-packages/django/utils/termcolors.py first seen with mtime 1768985465.6248271
File /home/haron/miniconda3/envs/rsmc-env/lib/python3.11/site-packages/django/contrib/postgres/fields/ranges.py first seen with mtime 1768985464.990117
File /home/haron/miniconda3/envs/rsmc-env/lib/python3.11/site-packages/xarray/coding/__init__.py first seen with mtime 1769665430.0
File /home/haron/miniconda3/envs/rsmc-env/lib/python3.11/site-packages/django/utils/connection.py first seen with mtime 1768985465.6173158
File /home/haron/miniconda3/envs/rsmc-env/lib/python3.11/site-packages/rest_framework/schemas/inspectors.py first seen with mtime 1768985470.7821546
File /home/haron/miniconda3/envs/rsmc-env/lib/python3.11/site-packages/celery/app/annotations.py first seen with mtime 1771428721.8964863
File /home/haron/miniconda3/envs/rsmc-env/lib/python3.11/site-packages/scipy/_lib/_ccallback_c.cpython-311-x86_64-linux-gnu.so first seen with mtime 1771171138.4922228
File /home/haron/miniconda3/envs/rsmc-env/lib/python3.11/site-packages/pandas/_libs/missing.cpython-311-x86_64-linux-gnu.so first seen with mtime 1771408984.0
File /home/haron/miniconda3/envs/rsmc-env/lib/python3.11/site-packages/django/contrib/messages/__init__.py first seen with mtime 1768985464.982606
File /home/haron/miniconda3/envs/rsmc-env/lib/python3.11/site-packages/pandas/core/reshape/api.py first seen with mtime 1771408984.0
File /home/haron/miniconda3/envs/rsmc-env/lib/python3.11/site-packages/django/contrib/postgres/lookups.py first seen with mtime 1768985464.9863615
File /home/haron/miniconda3/envs/rsmc-env/lib/python3.11/site-packages/django/template/smartif.py first seen with mtime 1768985465.6060488
File /home/haron/miniconda3/envs/rsmc-env/lib/python3.11/site-packages/corsheaders/signals.py first seen with mtime 1768985471.37296
File /home/haron/miniconda3/envs/rsmc-env/lib/python3.11/site-packages/numpy/random/_pickle.py first seen with mtime 1772616992.8391175
File /home/haron/miniconda3/envs/rsmc-env/lib/python3.11/site-packages/rest_framework/schemas/openapi.py first seen with mtime 1768985470.7821546
File /home/haron/miniconda3/envs/rsmc-env/lib/python3.11/site-packages/scipy/_lib/array_api_compat/common/_aliases.py first seen with mtime 1771171138.5042794
File /home/haron/miniconda3/envs/rsmc-env/lib/python3.11/site-packages/pandas/core/array_algos/__init__.py first seen with mtime 1771408984.0
File /home/haron/miniconda3/envs/rsmc-env/lib/python3.11/site-packages/xarray/core/parallel.py first seen with mtime 1769665430.0
File /home/haron/miniconda3/envs/rsmc-env/lib/python3.11/site-packages/django/core/mail/__init__.py first seen with mtime 1768985465.5008898
File /home/haron/miniconda3/envs/rsmc-env/lib/python3.11/site-packages/xarray/backends/netcdf3.py first seen with mtime 1769665430.0
File /home/haron/miniconda3/envs/rsmc-env/lib/python3.11/email/_parseaddr.py first seen with mtime 1761072197.168343
File /home/haron/miniconda3/envs/rsmc-env/lib/python3.11/site-packages/pandas/core/indexes/frozen.py first seen with mtime 1771408984.0
File /home/haron/miniconda3/envs/rsmc-env/lib/python3.11/site-packages/cartopy/_version.py first seen with mtime 1772617002.711118
File /home/haron/miniconda3/envs/rsmc-env/lib/python3.11/tokenize.py first seen with mtime 1761072196.8353424
File /home/haron/miniconda3/envs/rsmc-env/lib/python3.11/site-packages/pandas/core/arrays/datetimelike.py first seen with mtime 1771408984.0
File /home/haron/miniconda3/envs/rsmc-env/lib/python3.11/site-packages/django/db/models/utils.py first seen with mtime 1768985465.557225
File /home/haron/miniconda3/envs/rsmc-env/lib/python3.11/site-packages/celery/utils/quorum_queues.py first seen with mtime 1771428721.9258196
File /home/haron/miniconda3/envs/rsmc-env/lib/python3.11/site-packages/django/contrib/contenttypes/__init__.py first seen with mtime 1768985464.3967197
File /home/haron/miniconda3/envs/rsmc-env/lib/python3.11/site-packages/numpy/_typing/__init__.py first seen with mtime 1772616992.6151597
File /home/haron/miniconda3/envs/rsmc-env/lib/python3.11/signal.py first seen with mtime 1761072196.7673423
File /home/haron/miniconda3/envs/rsmc-env/lib/python3.11/site-packages/numpy/ma/extras.py first seen with mtime 1772616992.806542
File /home/haron/miniconda3/envs/rsmc-env/lib/python3.11/email/base64mime.py first seen with mtime 1761072197.1763432
File /home/haron/miniconda3/envs/rsmc-env/lib/python3.11/site-packages/PIL/GimpPaletteFile.py first seen with mtime 1772616991.6908245
File /home/haron/miniconda3/envs/rsmc-env/lib/python3.11/site-packages/django/db/models/fields/related_lookups.py first seen with mtime 1768985465.5609806
File /home/haron/miniconda3/envs/rsmc-env/lib/python3.11/site-packages/shapely/geometry/polygon.py first seen with mtime 1772616997.7028255
File /home/haron/miniconda3/envs/rsmc-env/lib/python3.11/site-packages/shapely/geometry/multipoint.py first seen with mtime 1772616997.7028255
File /home/haron/miniconda3/envs/rsmc-env/lib/python3.11/site-packages/django/dispatch/__init__.py first seen with mtime 1768985465.568492
File /home/haron/miniconda3/envs/rsmc-env/lib/python3.11/site-packages/django/core/cache/utils.py first seen with mtime 1768985465.4896226
File /home/haron/miniconda3/envs/rsmc-env/lib/python3.11/site-packages/shapely/lib.cpython-311-x86_64-linux-gnu.so first seen with mtime 1772616997.694647
File /home/haron/miniconda3/envs/rsmc-env/lib/python3.11/site-packages/pandas/core/groupby/ops.py first seen with mtime 1771408984.0
File /home/haron/miniconda3/envs/rsmc-env/lib/python3.11/site-packages/pandas/io/excel/_util.py first seen with mtime 1771408984.0
File /home/haron/miniconda3/envs/rsmc-env/lib/python3.11/site-packages/django/db/models/fields/composite.py first seen with mtime 1768985465.557225
File /home/haron/miniconda3/envs/rsmc-env/lib/python3.11/site-packages/pyproj/_geod.cpython-311-x86_64-linux-gnu.so first seen with mtime 1772616999.1667657
File /home/haron/miniconda3/envs/rsmc-env/lib/python3.11/site-packages/xarray/core/extension_array.py first seen with mtime 1769665430.0
File /home/haron/miniconda3/envs/rsmc-env/lib/python3.11/site-packages/xarray/compat/npcompat.py first seen with mtime 1769665430.0
File /home/haron/miniconda3/envs/rsmc-env/lib/python3.11/site-packages/xarray/structure/merge.py first seen with mtime 1769665430.0
File /home/haron/miniconda3/envs/rsmc-env/lib/python3.11/site-packages/numpy/_globals.py first seen with mtime 1772616992.4441373
File /home/haron/miniconda3/envs/rsmc-env/lib/python3.11/site-packages/django/contrib/staticfiles/__init__.py first seen with mtime 1768985465.4821112
File /home/haron/miniconda3/envs/rsmc-env/lib/python3.11/site-packages/numpy/_core/strings.py first seen with mtime 1772616992.5540802
File /home/haron/miniconda3/envs/rsmc-env/lib/python3.11/lib-dynload/resource.cpython-311-x86_64-linux-gnu.so first seen with mtime 1761072207.9713635
File /home/haron/miniconda3/envs/rsmc-env/lib/python3.11/site-packages/celery/loaders/__init__.py first seen with mtime 1771428721.9184864
File /home/haron/miniconda3/envs/rsmc-env/lib/python3.11/site-packages/django/contrib/sessions/models.py first seen with mtime 1768985465.2229693
File /home/haron/miniconda3/envs/rsmc-env/lib/python3.11/site-packages/pandas/core/dtypes/cast.py first seen with mtime 1771408984.0
File /home/haron/miniconda3/envs/rsmc-env/lib/python3.11/site-packages/scipy/sparse/compressed.py first seen with mtime 1771171139.0106587
File /home/haron/miniconda3/envs/rsmc-env/lib/python3.11/site-packages/pandas/_libs/arrays.cpython-311-x86_64-linux-gnu.so first seen with mtime 1771408984.0
File /home/haron/kmd/kmd_web/web_service/news/admin.py first seen with mtime 1773040389.6380465
File /home/haron/miniconda3/envs/rsmc-env/lib/python3.11/base64.py first seen with mtime 1761072196.532342
File /home/haron/miniconda3/envs/rsmc-env/lib/python3.11/site-packages/numpy/ma/__init__.py first seen with mtime 1772616992.80247
File /home/haron/miniconda3/envs/rsmc-env/lib/python3.11/site-packages/django/utils/_os.py first seen with mtime 1768985465.6173158
File /home/haron/miniconda3/envs/rsmc-env/lib/python3.11/lib-dynload/select.cpython-311-x86_64-linux-gnu.so first seen with mtime 1761072207.9433634
File /home/haron/miniconda3/envs/rsmc-env/lib/python3.11/opcode.py first seen with mtime 1761072196.6893423
File /home/haron/miniconda3/envs/rsmc-env/lib/python3.11/site-packages/rest_framework/renderers.py first seen with mtime 1768985470.7032852
File /home/haron/miniconda3/envs/rsmc-env/lib/python3.11/site-packages/pandas/core/construction.py first seen with mtime 1771408984.0
File /home/haron/miniconda3/envs/rsmc-env/lib/python3.11/site-packages/click/formatting.py first seen with mtime 1764518652.0
File /home/haron/miniconda3/envs/rsmc-env/lib/python3.11/site-packages/numpy/linalg/_linalg.py first seen with mtime 1772616992.794326
File /home/haron/miniconda3/envs/rsmc-env/lib/python3.11/site-packages/shapely/geometry/point.py first seen with mtime 1772616997.7028255
File /home/haron/miniconda3/envs/rsmc-env/lib/python3.11/site-packages/pandas/core/window/expanding.py first seen with mtime 1771408984.0
File /home/haron/miniconda3/envs/rsmc-env/lib/python3.11/site-packages/django/contrib/admin/widgets.py first seen with mtime 1768985463.863413
File /home/haron/miniconda3/envs/rsmc-env/lib/python3.11/site-packages/rest_framework/utils/serializer_helpers.py first seen with mtime 1768985470.8309784
File /home/haron/miniconda3/envs/rsmc-env/lib/python3.11/site-packages/pandas/api/types/__init__.py first seen with mtime 1771408984.0
File /home/haron/miniconda3/envs/rsmc-env/lib/python3.11/site-packages/xarray/backends/file_manager.py first seen with mtime 1769665430.0
File /home/haron/miniconda3/envs/rsmc-env/lib/python3.11/site-packages/simplejson/compat.py first seen with mtime 1771147020.9033728
File /home/haron/miniconda3/envs/rsmc-env/lib/python3.11/site-packages/numpy/_core/records.py first seen with mtime 1772616992.5540802
File /home/haron/miniconda3/envs/rsmc-env/lib/python3.11/site-packages/pandas/core/arrays/integer.py first seen with mtime 1771408984.0
File /home/haron/miniconda3/envs/rsmc-env/lib/python3.11/site-packages/django/core/files/storage/mixins.py first seen with mtime 1768985465.497134
File /home/haron/miniconda3/envs/rsmc-env/lib/python3.11/site-packages/django/core/files/uploadhandler.py first seen with mtime 1768985465.497134
File /home/haron/miniconda3/envs/rsmc-env/lib/python3.11/site-packages/xarray/testing/__init__.py first seen with mtime 1769665430.0
File /home/haron/miniconda3/envs/rsmc-env/lib/python3.11/site-packages/numpy/lib/_function_base_impl.py first seen with mtime 1772616992.7617502
File /home/haron/miniconda3/envs/rsmc-env/lib/python3.11/site-packages/pandas/_libs/ops.cpython-311-x86_64-linux-gnu.so first seen with mtime 1771408984.0
File /home/haron/miniconda3/envs/rsmc-env/lib/python3.11/site-packages/pandas/api/executors/__init__.py first seen with mtime 1771408984.0
File /home/haron/miniconda3/envs/rsmc-env/lib/python3.11/site-packages/pyproj/__init__.py first seen with mtime 1772616999.0890706
File /home/haron/miniconda3/envs/rsmc-env/lib/python3.11/site-packages/django/utils/crypto.py first seen with mtime 1768985465.6173158
File /home/haron/miniconda3/envs/rsmc-env/lib/python3.11/email/_header_value_parser.py first seen with mtime 1761072197.1663432
File /home/haron/kmd/kmd_web/web_service/forecasts/guidance_archive_views.py first seen with mtime 1774283597.7516117
File /home/haron/miniconda3/envs/rsmc-env/lib/python3.11/site-packages/sqlparse/keywords.py first seen with mtime 1768985463.5066235
File /home/haron/miniconda3/envs/rsmc-env/lib/python3.11/site-packages/pandas/core/arraylike.py first seen with mtime 1771408984.0
File /home/haron/miniconda3/envs/rsmc-env/lib/python3.11/site-packages/matplotlib/hatch.py first seen with mtime 1772617000.4957619
File /home/haron/miniconda3/envs/rsmc-env/lib/python3.11/site-packages/cartopy/trace.cpython-311-x86_64-linux-gnu.so first seen with mtime 1772617002.7396502
File /home/haron/miniconda3/envs/rsmc-env/lib/python3.11/site-packages/django/db/backends/signals.py first seen with mtime 1768985465.530935
File /home/haron/miniconda3/envs/rsmc-env/lib/python3.11/site-packages/pandas/core/shared_docs.py first seen with mtime 1771408984.0
File /home/haron/miniconda3/envs/rsmc-env/lib/python3.11/site-packages/django/core/servers/__init__.py first seen with mtime 1768985465.5234237
File /home/haron/kmd/kmd_web/web_service/users/admin.py first seen with mtime 1770369246.6327043
File /home/haron/miniconda3/envs/rsmc-env/lib/python3.11/site-packages/urllib3/exceptions.py first seen with mtime 1771147020.7233708
File /home/haron/miniconda3/envs/rsmc-env/lib/python3.11/re/_casefix.py first seen with mtime 1761072198.149345
File /home/haron/miniconda3/envs/rsmc-env/lib/python3.11/site-packages/pandas/core/tools/__init__.py first seen with mtime 1771408984.0
File /home/haron/miniconda3/envs/rsmc-env/lib/python3.11/site-packages/xarray/structure/concat.py first seen with mtime 1769665430.0
File /home/haron/miniconda3/envs/rsmc-env/lib/python3.11/site-packages/django/db/models/enums.py first seen with mtime 1768985465.5534692
File /home/haron/miniconda3/envs/rsmc-env/lib/python3.11/site-packages/django/contrib/admin/templatetags/__init__.py first seen with mtime 1768985464.1187994
File /home/haron/miniconda3/envs/rsmc-env/lib/python3.11/site-packages/click/termui.py first seen with mtime 1764518652.0
File /home/haron/miniconda3/envs/rsmc-env/lib/python3.11/site-packages/django/template/backends/django.py first seen with mtime 1768985465.6060488
File /home/haron/miniconda3/envs/rsmc-env/lib/python3.11/site-packages/pandas/core/ops/missing.py first seen with mtime 1771408984.0
File /home/haron/miniconda3/envs/rsmc-env/lib/python3.11/site-packages/scipy/io/matlab/_mio.py first seen with mtime 1771171138.661015
File /home/haron/kmd/kmd_web/web_service/products/admin.py first seen with mtime 1770714927.0374305
File /home/haron/miniconda3/envs/rsmc-env/lib/python3.11/site-packages/matplotlib/_constrained_layout.py first seen with mtime 1772617000.4385128
File /home/haron/kmd/kmd_web/web_service/forecasts/admin.py first seen with mtime 1772979630.270603
File /home/haron/miniconda3/envs/rsmc-env/lib/python3.11/site-packages/numpy/lib/_type_check_impl.py first seen with mtime 1772616992.7739663
File /home/haron/miniconda3/envs/rsmc-env/lib/python3.11/site-packages/numpy/lib/_histograms_impl.py first seen with mtime 1772616992.7617502
File /home/haron/miniconda3/envs/rsmc-env/lib/python3.11/asyncio/__init__.py first seen with mtime 1761072196.8803425
File /home/haron/miniconda3/envs/rsmc-env/lib/python3.11/site-packages/pandas/core/reshape/melt.py first seen with mtime 1771408984.0
File /home/haron/miniconda3/envs/rsmc-env/lib/python3.11/site-packages/numpy/_core/fromnumeric.py first seen with mtime 1772616992.5459363
File /home/haron/miniconda3/envs/rsmc-env/lib/python3.11/site-packages/yaml/scanner.py first seen with mtime 1771170928.8971062
File /home/haron/miniconda3/envs/rsmc-env/lib/python3.11/site-packages/celery/worker/state.py first seen with mtime 1771428721.9294863
File /home/haron/miniconda3/envs/rsmc-env/lib/python3.11/site-packages/celery/loaders/app.py first seen with mtime 1771428721.9184864
File /home/haron/miniconda3/envs/rsmc-env/lib/python3.11/http/cookiejar.py first seen with mtime 1761072197.567344
File /home/haron/miniconda3/envs/rsmc-env/lib/python3.11/collections/__init__.py first seen with mtime 1761072196.9583428
File /home/haron/miniconda3/envs/rsmc-env/lib/python3.11/email/mime/nonmultipart.py first seen with mtime 1761072197.2323432
File /home/haron/miniconda3/envs/rsmc-env/lib/python3.11/site-packages/celery/worker/worker.py first seen with mtime 1771428721.9294863
File /home/haron/miniconda3/envs/rsmc-env/lib/python3.11/site-packages/pandas/_libs/_cyutility.cpython-311-x86_64-linux-gnu.so first seen with mtime 1771408984.0
File /home/haron/miniconda3/envs/rsmc-env/lib/python3.11/site-packages/pandas/core/array_algos/masked_reductions.py first seen with mtime 1771408984.0
File /home/haron/miniconda3/envs/rsmc-env/lib/python3.11/site-packages/billiard/process.py first seen with mtime 1771428721.1154864
File /home/haron/miniconda3/envs/rsmc-env/lib/python3.11/site-packages/xarray/core/dtypes.py first seen with mtime 1769665430.0
File /home/haron/miniconda3/envs/rsmc-env/lib/python3.11/site-packages/pandas/io/json/_table_schema.py first seen with mtime 1771408984.0
File /home/haron/miniconda3/envs/rsmc-env/lib/python3.11/site-packages/rest_framework/status.py first seen with mtime 1768985470.707041
File /home/haron/miniconda3/envs/rsmc-env/lib/python3.11/site-packages/PIL/_imaging.cpython-311-x86_64-linux-gnu.so first seen with mtime 1772616991.7315443
File /home/haron/miniconda3/envs/rsmc-env/lib/python3.11/site-packages/django/contrib/admin/options.py first seen with mtime 1768985463.863413
File /home/haron/miniconda3/envs/rsmc-env/lib/python3.11/site-packages/matplotlib/tri/_triangulation.py first seen with mtime 1772617000.7206688
File /home/haron/miniconda3/envs/rsmc-env/lib/python3.11/site-packages/django/core/files/move.py first seen with mtime 1768985465.497134
File /home/haron/miniconda3/envs/rsmc-env/lib/python3.11/site-packages/numpy/f2py/rules.py first seen with mtime 1772616992.6640232
File /home/haron/miniconda3/envs/rsmc-env/lib/python3.11/mimetypes.py first seen with mtime 1761072196.6713421
File /home/haron/kmd/kmd_web/web_service/manage.py first seen with mtime 1773329451.530997
File /home/haron/miniconda3/envs/rsmc-env/lib/python3.11/site-packages/pandas/api/__init__.py first seen with mtime 1771408984.0
File /home/haron/miniconda3/envs/rsmc-env/lib/python3.11/site-packages/django/core/management/commands/runserver.py first seen with mtime 1768985465.519668
File /home/haron/miniconda3/envs/rsmc-env/lib/python3.11/site-packages/django/contrib/postgres/forms/__init__.py first seen with mtime 1768985464.990117
File /home/haron/miniconda3/envs/rsmc-env/lib/python3.11/site-packages/PIL/ImageSequence.py first seen with mtime 1772616991.6989684
File /home/haron/miniconda3/envs/rsmc-env/lib/python3.11/doctest.py first seen with mtime 1761072196.598342
File /home/haron/miniconda3/envs/rsmc-env/lib/python3.11/site-packages/scipy/_lib/_array_api_override.py first seen with mtime 1771171138.4922228
File /home/haron/miniconda3/envs/rsmc-env/lib/python3.11/site-packages/sqlparse/cli.py first seen with mtime 1768985463.5028677
File /home/haron/miniconda3/envs/rsmc-env/lib/python3.11/site-packages/django/core/validators.py first seen with mtime 1768985465.485867
File /home/haron/miniconda3/envs/rsmc-env/lib/python3.11/site-packages/shapely/errors.py first seen with mtime 1772616997.6864686
File /home/haron/miniconda3/envs/rsmc-env/lib/python3.11/site-packages/pandas/io/pytables.py first seen with mtime 1771408984.0
File /home/haron/miniconda3/envs/rsmc-env/lib/python3.11/site-packages/pandas/plotting/_misc.py first seen with mtime 1771408984.0
File /home/haron/miniconda3/envs/rsmc-env/lib/python3.11/site-packages/pandas/_libs/tslibs/timezones.cpython-311-x86_64-linux-gnu.so first seen with mtime 1771408984.0
File /home/haron/miniconda3/envs/rsmc-env/lib/python3.11/site-packages/billiard/exceptions.py first seen with mtime 1771428721.1154864
File /home/haron/miniconda3/envs/rsmc-env/lib/python3.11/site-packages/shapely/_enum.py first seen with mtime 1772616997.6619334
File /home/haron/miniconda3/envs/rsmc-env/lib/python3.11/site-packages/pandas/core/sample.py first seen with mtime 1771408984.0
File /home/haron/miniconda3/envs/rsmc-env/lib/python3.11/site-packages/cartopy/feature/__init__.py first seen with mtime 1772617002.7518783
File /home/haron/miniconda3/envs/rsmc-env/lib/python3.11/email/mime/text.py first seen with mtime 1761072197.2343433
File /home/haron/miniconda3/envs/rsmc-env/lib/python3.11/site-packages/django/template/utils.py first seen with mtime 1768985465.6060488
File /home/haron/miniconda3/envs/rsmc-env/lib/python3.11/site-packages/django/contrib/admin/helpers.py first seen with mtime 1768985463.8596573
File /home/haron/miniconda3/envs/rsmc-env/lib/python3.11/site-packages/django/core/files/base.py first seen with mtime 1768985465.4933784
File /home/haron/miniconda3/envs/rsmc-env/lib/python3.11/site-packages/xarray/coders.py first seen with mtime 1769665430.0
File /home/haron/miniconda3/envs/rsmc-env/lib/python3.11/site-packages/numpy/polynomial/polynomial.py first seen with mtime 1772616992.8228297
File /home/haron/miniconda3/envs/rsmc-env/lib/python3.11/site-packages/pandas/tseries/frequencies.py first seen with mtime 1771408984.0
File /home/haron/miniconda3/envs/rsmc-env/lib/python3.11/site-packages/matplotlib/tri/_tripcolor.py first seen with mtime 1772617000.7206688
File /home/haron/miniconda3/envs/rsmc-env/lib/python3.11/site-packages/pandas/io/json/__init__.py first seen with mtime 1771408984.0
File /home/haron/miniconda3/envs/rsmc-env/lib/python3.11/site-packages/pandas/compat/__init__.py first seen with mtime 1771408984.0
File /home/haron/miniconda3/envs/rsmc-env/lib/python3.11/site-packages/scipy/sparse/bsr.py first seen with mtime 1771171139.0106587
File /home/haron/miniconda3/envs/rsmc-env/lib/python3.11/site-packages/kiwisolver/_cext.cpython-311-x86_64-linux-gnu.so first seen with mtime 1772616995.764536
File /home/haron/miniconda3/envs/rsmc-env/lib/python3.11/site-packages/django/db/backends/postgresql/introspection.py first seen with mtime 1768985465.5422022
File /home/haron/miniconda3/envs/rsmc-env/lib/python3.11/site-packages/pandas/_libs/window/__init__.py first seen with mtime 1771408984.0
File /home/haron/miniconda3/envs/rsmc-env/lib/python3.11/site-packages/pandas/util/_tester.py first seen with mtime 1771408984.0
File /home/haron/miniconda3/envs/rsmc-env/lib/python3.11/site-packages/pandas/_libs/lib.cpython-311-x86_64-linux-gnu.so first seen with mtime 1771408984.0
File /home/haron/miniconda3/envs/rsmc-env/lib/python3.11/threading.py first seen with mtime 1761072196.8283424
File /home/haron/miniconda3/envs/rsmc-env/lib/python3.11/site-packages/django/utils/deprecation.py first seen with mtime 1768985465.6210716
File /home/haron/miniconda3/envs/rsmc-env/lib/python3.11/site-packages/django/urls/utils.py first seen with mtime 1768985465.6173158
File /home/haron/miniconda3/envs/rsmc-env/lib/python3.11/site-packages/celery/utils/annotations.py first seen with mtime 1771428721.922153
File /home/haron/miniconda3/envs/rsmc-env/lib/python3.11/site-packages/django/middleware/csrf.py first seen with mtime 1768985465.602293
File /home/haron/miniconda3/envs/rsmc-env/lib/python3.11/site-packages/scipy/io/_netcdf.py first seen with mtime 1771171138.628864
File /home/haron/miniconda3/envs/rsmc-env/lib/python3.11/site-packages/numpy/f2py/f90mod_rules.py first seen with mtime 1772616992.6640232
File /home/haron/kmd/kmd_web/web_service/news/__init__.py first seen with mtime 1772532351.520896
File /home/haron/miniconda3/envs/rsmc-env/lib/python3.11/lib-dynload/_opcode.cpython-311-x86_64-linux-gnu.so first seen with mtime 1761072207.9483635
File /home/haron/miniconda3/envs/rsmc-env/lib/python3.11/site-packages/pandas/_libs/writers.cpython-311-x86_64-linux-gnu.so first seen with mtime 1771408984.0
File /home/haron/miniconda3/envs/rsmc-env/lib/python3.11/site-packages/numpy/fft/_helper.py first seen with mtime 1772616992.7413905
File /home/haron/miniconda3/envs/rsmc-env/lib/python3.11/site-packages/numpy/_core/_multiarray_umath.cpython-311-x86_64-linux-gnu.so first seen with mtime 1772616992.5296485
File /home/haron/miniconda3/envs/rsmc-env/lib/python3.11/site-packages/PIL/PngImagePlugin.py first seen with mtime 1772616991.7030404
File /home/haron/miniconda3/envs/rsmc-env/lib/python3.11/site-packages/matplotlib/texmanager.py first seen with mtime 1772617000.5121188
File /home/haron/miniconda3/envs/rsmc-env/lib/python3.11/site-packages/pandas/core/arrays/timedeltas.py first seen with mtime 1771408984.0
File /home/haron/kmd/kmd_web/web_service/user_accounts/set_reset_password_views.py first seen with mtime 1774772767.9945576
File /home/haron/miniconda3/envs/rsmc-env/lib/python3.11/site-packages/django/contrib/contenttypes/views.py first seen with mtime 1768985464.4004753
File /home/haron/miniconda3/envs/rsmc-env/lib/python3.11/site-packages/django/template/context.py first seen with mtime 1768985465.602293
File /home/haron/miniconda3/envs/rsmc-env/lib/python3.11/site-packages/shapely/__init__.py first seen with mtime 1772616997.6619334
File /home/haron/miniconda3/envs/rsmc-env/lib/python3.11/pprint.py first seen with mtime 1761072196.7223423
File /home/haron/miniconda3/envs/rsmc-env/lib/python3.11/_strptime.py first seen with mtime 1761072196.5073419
File /home/haron/miniconda3/envs/rsmc-env/lib/python3.11/multiprocessing/context.py first seen with mtime 1761072198.0843449
File /home/haron/miniconda3/envs/rsmc-env/lib/python3.11/site-packages/numpy/_utils/_convertions.py first seen with mtime 1772616992.6151597
File /home/haron/miniconda3/envs/rsmc-env/lib/python3.11/lib-dynload/_decimal.cpython-311-x86_64-linux-gnu.so first seen with mtime 1761072208.2593641
File /home/haron/miniconda3/envs/rsmc-env/lib/python3.11/site-packages/scipy/io/arff/arffread.py first seen with mtime 1771171138.6529772
File /home/haron/miniconda3/envs/rsmc-env/lib/python3.11/site-packages/scipy/sparse/_csc.py first seen with mtime 1771171138.9704673
File /home/haron/miniconda3/envs/rsmc-env/lib/python3.11/site-packages/xarray/plot/accessor.py first seen with mtime 1769665430.0
File /home/haron/miniconda3/envs/rsmc-env/lib/python3.11/site-packages/django/db/backends/ddl_references.py first seen with mtime 1768985465.530935
File /home/haron/miniconda3/envs/rsmc-env/lib/python3.11/site-packages/django/contrib/staticfiles/views.py first seen with mtime 1768985465.4821112
File /home/haron/miniconda3/envs/rsmc-env/lib/python3.11/site-packages/pandas/_testing/__init__.py first seen with mtime 1771408984.0
File /home/haron/miniconda3/envs/rsmc-env/lib/python3.11/asyncio/trsock.py first seen with mtime 1761072196.9483428
File /home/haron/miniconda3/envs/rsmc-env/lib/python3.11/site-packages/matplotlib/tri/__init__.py first seen with mtime 1772617000.7206688
File /home/haron/miniconda3/envs/rsmc-env/lib/python3.11/site-packages/urllib3/response.py first seen with mtime 1771147020.727371
File /home/haron/miniconda3/envs/rsmc-env/lib/python3.11/site-packages/pandas/core/generic.py first seen with mtime 1771408984.0
File /home/haron/miniconda3/envs/rsmc-env/lib/python3.11/site-packages/shapely/_geos.cpython-311-x86_64-linux-gnu.so first seen with mtime 1772616997.6823795
File /home/haron/miniconda3/envs/rsmc-env/lib/python3.11/site-packages/django/forms/boundfield.py first seen with mtime 1768985465.568492
File /home/haron/miniconda3/envs/rsmc-env/lib/python3.11/importlib/resources/_common.py first seen with mtime 1761072197.8323443
File /home/haron/miniconda3/envs/rsmc-env/lib/python3.11/site-packages/kombu/pools.py first seen with mtime 1771428721.6398196
File /home/haron/miniconda3/envs/rsmc-env/lib/python3.11/site-packages/pyproj/crs/datum.py first seen with mtime 1772616999.1994796
File /home/haron/miniconda3/envs/rsmc-env/lib/python3.11/site-packages/shapely/_ragged_array.py first seen with mtime 1772616997.6864686
File /home/haron/kmd/kmd_web/web_service/user_accounts/tasks.py first seen with mtime 1774772819.6065416
File /home/haron/miniconda3/envs/rsmc-env/lib/python3.11/site-packages/django/contrib/staticfiles/management/commands/__init__.py first seen with mtime 1768985465.485867
File /home/haron/miniconda3/envs/rsmc-env/lib/python3.11/unittest/suite.py first seen with mtime 1761072198.3003452
File /home/haron/kmd/kmd_web/web_service/user_accounts/services/send_password_reset_email.py first seen with mtime 1774355996.7490554
File /home/haron/miniconda3/envs/rsmc-env/lib/python3.11/site-packages/shapely/_version.py first seen with mtime 1772616997.6864686
File /home/haron/kmd/kmd_web/web_service/nwp_models/wind_mapper.py first seen with mtime 1772532351.6008945
File /home/haron/miniconda3/envs/rsmc-env/lib/python3.11/site-packages/PIL/Image.py first seen with mtime 1772616991.6908245
File /home/haron/miniconda3/envs/rsmc-env/lib/python3.11/site-packages/xarray/computation/__init__.py first seen with mtime 1769665430.0
File /home/haron/miniconda3/envs/rsmc-env/lib/python3.11/site-packages/numpy/_core/memmap.py first seen with mtime 1772616992.5500083
File /home/haron/miniconda3/envs/rsmc-env/lib/python3.11/site-packages/pandas/compat/_constants.py first seen with mtime 1771408984.0
File /home/haron/kmd/kmd_web/web_service/users/__init__.py first seen with mtime 1770369246.6327043
File /home/haron/miniconda3/envs/rsmc-env/lib/python3.11/site-packages/django/contrib/auth/apps.py first seen with mtime 1768985464.2540038
File /home/haron/miniconda3/envs/rsmc-env/lib/python3.11/site-packages/django/utils/http.py first seen with mtime 1768985465.6210716
File /home/haron/miniconda3/envs/rsmc-env/lib/python3.11/site-packages/matplotlib/ticker.py first seen with mtime 1772617000.5121188
File /home/haron/miniconda3/envs/rsmc-env/lib/python3.11/site-packages/rest_framework/schemas/utils.py first seen with mtime 1768985470.7821546
File /home/haron/miniconda3/envs/rsmc-env/lib/python3.11/site-packages/yaml/loader.py first seen with mtime 1771170928.8931074
File /home/haron/miniconda3/envs/rsmc-env/lib/python3.11/site-packages/urllib3/http2/__init__.py first seen with mtime 1771147020.731371
File /home/haron/miniconda3/envs/rsmc-env/lib/python3.11/site-packages/django/db/models/sql/constants.py first seen with mtime 1768985465.5647364
File /home/haron/miniconda3/envs/rsmc-env/lib/python3.11/site-packages/rest_framework/utils/formatting.py first seen with mtime 1768985470.8309784
File /home/haron/miniconda3/envs/rsmc-env/lib/python3.11/site-packages/pyproj/_crs.cpython-311-x86_64-linux-gnu.so first seen with mtime 1772616999.154498
File /home/haron/kmd/kmd_web/web_service/products/__init__.py first seen with mtime 1770714927.033421
File /home/haron/miniconda3/envs/rsmc-env/lib/python3.11/site-packages/django/contrib/contenttypes/models.py first seen with mtime 1768985464.4004753
File /home/haron/miniconda3/envs/rsmc-env/lib/python3.11/linecache.py first seen with mtime 1761072196.6583421
File /home/haron/miniconda3/envs/rsmc-env/lib/python3.11/asyncio/transports.py first seen with mtime 1761072196.9463427
File /home/haron/miniconda3/envs/rsmc-env/lib/python3.11/site-packages/kombu/utils/json.py first seen with mtime 1771428721.6544864
File /home/haron/kmd/kmd_web/web_service/forecasts/__init__.py first seen with mtime 1770369164.9492455
File /home/haron/miniconda3/envs/rsmc-env/lib/python3.11/site-packages/django/conf/urls/static.py first seen with mtime 1768985463.8596573
File /home/haron/miniconda3/envs/rsmc-env/lib/python3.11/site-packages/click/types.py first seen with mtime 1764518652.0
File /home/haron/miniconda3/envs/rsmc-env/lib/python3.11/site-packages/requests/sessions.py first seen with mtime 1771147021.8473828
File /home/haron/miniconda3/envs/rsmc-env/lib/python3.11/asyncio/base_subprocess.py first seen with mtime 1761072196.8903425
File /home/haron/miniconda3/envs/rsmc-env/lib/python3.11/site-packages/pandas/core/reshape/pivot.py first seen with mtime 1771408984.0
File /home/haron/miniconda3/envs/rsmc-env/lib/python3.11/site-packages/pandas/_typing.py first seen with mtime 1771408984.0
File /home/haron/miniconda3/envs/rsmc-env/lib/python3.11/site-packages/yaml/tokens.py first seen with mtime 1771170928.8971062
File /home/haron/miniconda3/envs/rsmc-env/lib/python3.11/site-packages/numpy/polynomial/hermite_e.py first seen with mtime 1772616992.8187578
File /home/haron/miniconda3/envs/rsmc-env/lib/python3.11/site-packages/django/views/decorators/__init__.py first seen with mtime 1768985465.628583
File /home/haron/miniconda3/envs/rsmc-env/lib/python3.11/site-packages/xarray/ufuncs.py first seen with mtime 1769665430.0
File /home/haron/miniconda3/envs/rsmc-env/lib/python3.11/site-packages/celery/utils/term.py first seen with mtime 1771428721.9258196
File /home/haron/miniconda3/envs/rsmc-env/lib/python3.11/lib-dynload/_hashlib.cpython-311-x86_64-linux-gnu.so first seen with mtime 1761072208.0993638
File /home/haron/kmd/kmd_web/web_service/rsmc_config/config/__init__.py first seen with mtime 1772532351.6008945
File /home/haron/miniconda3/envs/rsmc-env/lib/python3.11/site-packages/charset_normalizer/legacy.py first seen with mtime 1771147021.667381
File /home/haron/miniconda3/envs/rsmc-env/lib/python3.11/site-packages/xarray/namedarray/parallelcompat.py first seen with mtime 1769665430.0
File /home/haron/miniconda3/envs/rsmc-env/lib/python3.11/site-packages/celery/fixups/__init__.py first seen with mtime 1771428721.9184864
File /home/haron/miniconda3/envs/rsmc-env/lib/python3.11/site-packages/scipy/_lib/_testutils.py first seen with mtime 1771171138.4962416
File /home/haron/miniconda3/envs/rsmc-env/lib/python3.11/site-packages/django/db/models/expressions.py first seen with mtime 1768985465.5534692
File /home/haron/miniconda3/envs/rsmc-env/lib/python3.11/importlib/resources/__init__.py first seen with mtime 1761072197.8273444
File /home/haron/miniconda3/envs/rsmc-env/lib/python3.11/site-packages/rest_framework/utils/mediatypes.py first seen with mtime 1768985470.8309784
File /home/haron/miniconda3/envs/rsmc-env/lib/python3.11/site-packages/corsheaders/__init__.py first seen with mtime 1768985471.3690884
File /home/haron/miniconda3/envs/rsmc-env/lib/python3.11/site-packages/numpy/ma/core.py first seen with mtime 1772616992.80247
File /home/haron/miniconda3/envs/rsmc-env/lib/python3.11/site-packages/matplotlib/widgets.py first seen with mtime 1772617000.516208
File /home/haron/miniconda3/envs/rsmc-env/lib/python3.11/site-packages/urllib3/util/ssl_.py first seen with mtime 1771147020.7353709
File /home/haron/miniconda3/envs/rsmc-env/lib/python3.11/lib-dynload/_random.cpython-311-x86_64-linux-gnu.so first seen with mtime 1761072208.143364
File /home/haron/miniconda3/envs/rsmc-env/lib/python3.11/site-packages/PIL/ImageMode.py first seen with mtime 1772616991.6948965
File /home/haron/kmd/kmd_web/web_service/user_accounts/apps.py first seen with mtime 1774355785.3239748
File /home/haron/miniconda3/envs/rsmc-env/lib/python3.11/site-packages/numpy/_core/_asarray.py first seen with mtime 1772616992.4522812
File /home/haron/miniconda3/envs/rsmc-env/lib/python3.11/email/errors.py first seen with mtime 1761072197.1863432
File /home/haron/miniconda3/envs/rsmc-env/lib/python3.11/site-packages/scipy/sparse/data.py first seen with mtime 1771171139.0106587
File /home/haron/miniconda3/envs/rsmc-env/lib/python3.11/site-packages/matplotlib/projections/geo.py first seen with mtime 1772617000.6797767
File /home/haron/miniconda3/envs/rsmc-env/lib/python3.11/site-packages/django/core/checks/__init__.py first seen with mtime 1768985465.4896226
File /home/haron/miniconda3/envs/rsmc-env/lib/python3.11/site-packages/numpy/lib/scimath.py first seen with mtime 1772616992.7780383
File /home/haron/miniconda3/envs/rsmc-env/lib/python3.11/site-packages/matplotlib/patches.py first seen with mtime 1772617000.5039403
File /home/haron/miniconda3/envs/rsmc-env/lib/python3.11/_weakrefset.py first seen with mtime 1761072196.513342
File /home/haron/miniconda3/envs/rsmc-env/lib/python3.11/site-packages/django/views/decorators/cache.py first seen with mtime 1768985465.628583
File /home/haron/miniconda3/envs/rsmc-env/lib/python3.11/email/mime/multipart.py first seen with mtime 1761072197.230343
File /home/haron/miniconda3/envs/rsmc-env/lib/python3.11/site-packages/numpy/_typing/_nbit_base.py first seen with mtime 1772616992.6151597
File /home/haron/miniconda3/envs/rsmc-env/lib/python3.11/site-packages/pandas/_config/display.py first seen with mtime 1771408984.0
File /home/haron/kmd/kmd_web/web_service/nwp_models/tasks.py first seen with mtime 1774588996.8617873
File /home/haron/kmd/kmd_web/web_service/swfp_evaluation/admin.py first seen with mtime 1773071926.508407
File /home/haron/miniconda3/envs/rsmc-env/lib/python3.11/site-packages/billiard/util.py first seen with mtime 1771428721.119153
File /home/haron/miniconda3/envs/rsmc-env/lib/python3.11/site-packages/pandas/_libs/parsers.cpython-311-x86_64-linux-gnu.so first seen with mtime 1771408984.0
File /home/haron/miniconda3/envs/rsmc-env/lib/python3.11/site-packages/PIL/_deprecate.py first seen with mtime 1772616991.7071123
File /home/haron/miniconda3/envs/rsmc-env/lib/python3.11/decimal.py first seen with mtime 1761072196.591342
File /home/haron/miniconda3/envs/rsmc-env/lib/python3.11/site-packages/pandas/_libs/tslibs/timedeltas.cpython-311-x86_64-linux-gnu.so first seen with mtime 1771408984.0
File /home/haron/miniconda3/envs/rsmc-env/lib/python3.11/site-packages/pandas/io/_util.py first seen with mtime 1771408984.0
File /home/haron/miniconda3/envs/rsmc-env/lib/python3.11/site-packages/pandas/io/parsers/arrow_parser_wrapper.py first seen with mtime 1771408984.0
File /home/haron/miniconda3/envs/rsmc-env/lib/python3.11/urllib/__init__.py first seen with mtime 1761072198.3063452
File /home/haron/miniconda3/envs/rsmc-env/lib/python3.11/site-packages/charset_normalizer/api.py first seen with mtime 1771147021.667381
File /home/haron/miniconda3/envs/rsmc-env/lib/python3.11/copy.py first seen with mtime 1761072196.5763419
File /home/haron/miniconda3/envs/rsmc-env/lib/python3.11/html/__init__.py first seen with mtime 1761072197.554344
File /home/haron/miniconda3/envs/rsmc-env/lib/python3.11/site-packages/pandas/core/arrays/_utils.py first seen with mtime 1771408984.0
File /home/haron/miniconda3/envs/rsmc-env/lib/python3.11/site-packages/django/utils/module_loading.py first seen with mtime 1768985465.6210716
File /home/haron/miniconda3/envs/rsmc-env/lib/python3.11/site-packages/django/db/backends/postgresql/psycopg_any.py first seen with mtime 1768985465.5422022
File /home/haron/miniconda3/envs/rsmc-env/lib/python3.11/site-packages/django/contrib/admindocs/__init__.py first seen with mtime 1768985464.1187994
File /home/haron/miniconda3/envs/rsmc-env/lib/python3.11/site-packages/pandas/core/internals/construction.py first seen with mtime 1771408984.0
File /home/haron/miniconda3/envs/rsmc-env/lib/python3.11/importlib/resources/_adapters.py first seen with mtime 1761072197.8293443
File /home/haron/miniconda3/envs/rsmc-env/lib/python3.11/site-packages/django/contrib/postgres/fields/__init__.py first seen with mtime 1768985464.990117
File /home/haron/miniconda3/envs/rsmc-env/lib/python3.11/site-packages/django/contrib/postgres/validators.py first seen with mtime 1768985464.990117
File /home/haron/miniconda3/envs/rsmc-env/lib/python3.11/site-packages/shapely/io.py first seen with mtime 1772616997.6864686
File /home/haron/miniconda3/envs/rsmc-env/lib/python3.11/site-packages/pandas/core/common.py first seen with mtime 1771408984.0
File /home/haron/miniconda3/envs/rsmc-env/lib/python3.11/site-packages/xarray/conventions.py first seen with mtime 1769665430.0
File /home/haron/kmd/kmd_web/web_service/rsmc_config/config/prod.py first seen with mtime 1774589957.2943916
File /home/haron/miniconda3/envs/rsmc-env/lib/python3.11/site-packages/matplotlib/gridspec.py first seen with mtime 1772617000.4957619
File /home/haron/miniconda3/envs/rsmc-env/lib/python3.11/unittest/signals.py first seen with mtime 1761072198.2973452
File /home/haron/miniconda3/envs/rsmc-env/lib/python3.11/site-packages/django/db/migrations/exceptions.py first seen with mtime 1768985465.5459578
File /home/haron/miniconda3/envs/rsmc-env/lib/python3.11/site-packages/django/utils/regex_helper.py first seen with mtime 1768985465.6210716
File /home/haron/miniconda3/envs/rsmc-env/lib/python3.11/site-packages/PIL/TiffTags.py first seen with mtime 1772616991.7071123
File /home/haron/miniconda3/envs/rsmc-env/lib/python3.11/site-packages/xarray/namedarray/_typing.py first seen with mtime 1769665430.0
File /home/haron/miniconda3/envs/rsmc-env/lib/python3.11/site-packages/celery/_state.py first seen with mtime 1771428721.8854864
File /home/haron/miniconda3/envs/rsmc-env/lib/python3.11/site-packages/yaml/_yaml.cpython-311-x86_64-linux-gnu.so first seen with mtime 1771170928.8931074
File /home/haron/miniconda3/envs/rsmc-env/lib/python3.11/site-packages/django/views/generic/list.py first seen with mtime 1768985465.6323385
File /home/haron/miniconda3/envs/rsmc-env/lib/python3.11/email/_encoded_words.py first seen with mtime 1761072197.1633432
File /home/haron/miniconda3/envs/rsmc-env/lib/python3.11/site-packages/pandas/io/formats/format.py first seen with mtime 1771408984.0
File /home/haron/miniconda3/envs/rsmc-env/lib/python3.11/site-packages/pandas/core/_numba/executor.py first seen with mtime 1771408984.0
File /home/haron/miniconda3/envs/rsmc-env/lib/python3.11/site-packages/django/db/backends/base/schema.py first seen with mtime 1768985465.5346909
File /home/haron/miniconda3/envs/rsmc-env/lib/python3.11/email/__init__.py first seen with mtime 1761072197.1603432
File /home/haron/miniconda3/envs/rsmc-env/lib/python3.11/site-packages/pandas/io/excel/_calamine.py first seen with mtime 1771408984.0
File /home/haron/miniconda3/envs/rsmc-env/lib/python3.11/site-packages/pandas/_config/__init__.py first seen with mtime 1771408984.0
File /home/haron/miniconda3/envs/rsmc-env/lib/python3.11/site-packages/scipy/_distributor_init.py first seen with mtime 1771171138.488204
File /home/haron/miniconda3/envs/rsmc-env/lib/python3.11/site-packages/pandas/core/ops/docstrings.py first seen with mtime 1771408984.0
File /home/haron/kmd/kmd_web/web_service/national_met_services/models.py first seen with mtime 1770369188.8186114
File /home/haron/miniconda3/envs/rsmc-env/lib/python3.11/site-packages/pandas/_libs/ops_dispatch.cpython-311-x86_64-linux-gnu.so first seen with mtime 1771408984.0
File /home/haron/miniconda3/envs/rsmc-env/lib/python3.11/xml/parsers/__init__.py first seen with mtime 1761072198.3983455
File /home/haron/miniconda3/envs/rsmc-env/lib/python3.11/site-packages/numpy/typing/__init__.py first seen with mtime 1772616992.8757653
File /home/haron/kmd/kmd_web/web_service/nwp_models/apps.py first seen with mtime 1770369220.0249817
File /home/haron/miniconda3/envs/rsmc-env/lib/python3.11/site-packages/django/template/loaders/base.py first seen with mtime 1768985465.6098044
File /home/haron/miniconda3/envs/rsmc-env/lib/python3.11/site-packages/matplotlib/textpath.py first seen with mtime 1772617000.5121188
File /home/haron/miniconda3/envs/rsmc-env/lib/python3.11/site-packages/rest_framework/utils/html.py first seen with mtime 1768985470.8309784
File /home/haron/miniconda3/envs/rsmc-env/lib/python3.11/site-packages/shapely/coords.py first seen with mtime 1772616997.6864686
File /home/haron/miniconda3/envs/rsmc-env/lib/python3.11/site-packages/scipy/_lib/_array_api.py first seen with mtime 1771171138.4922228
File /home/haron/miniconda3/envs/rsmc-env/lib/python3.11/site-packages/PIL/PaletteFile.py first seen with mtime 1772616991.7030404
File /home/haron/miniconda3/envs/rsmc-env/lib/python3.11/site-packages/matplotlib/tri/_tritools.py first seen with mtime 1772617000.7206688
File /home/haron/miniconda3/envs/rsmc-env/lib/python3.11/site-packages/django/apps/__init__.py first seen with mtime 1768985463.6568506
File /home/haron/miniconda3/envs/rsmc-env/lib/python3.11/site-packages/amqp/exceptions.py first seen with mtime 1771428721.581153
File /home/haron/miniconda3/envs/rsmc-env/lib/python3.11/xml/parsers/expat.py first seen with mtime 1761072198.4013455
File /home/haron/miniconda3/envs/rsmc-env/lib/python3.11/site-packages/numpy/lib/_utils_impl.py first seen with mtime 1772616992.7739663
File /home/haron/miniconda3/envs/rsmc-env/lib/python3.11/site-packages/numpy/polynomial/hermite.py first seen with mtime 1772616992.8187578
File /home/haron/miniconda3/envs/rsmc-env/lib/python3.11/site-packages/xarray/structure/chunks.py first seen with mtime 1769665430.0
File /home/haron/miniconda3/envs/rsmc-env/lib/python3.11/site-packages/numpy/polynomial/__init__.py first seen with mtime 1772616992.8146858
File /home/haron/miniconda3/envs/rsmc-env/lib/python3.11/site-packages/pandas/core/computation/engines.py first seen with mtime 1771408984.0
File /home/haron/miniconda3/envs/rsmc-env/lib/python3.11/site-packages/xarray/computation/arithmetic.py first seen with mtime 1769665430.0
File /home/haron/miniconda3/envs/rsmc-env/lib/python3.11/site-packages/pyproj/_sync.cpython-311-x86_64-linux-gnu.so first seen with mtime 1772616999.170855
File /home/haron/miniconda3/envs/rsmc-env/lib/python3.11/site-packages/pandas/core/accessor.py first seen with mtime 1771408984.0
File /home/haron/miniconda3/envs/rsmc-env/lib/python3.11/site-packages/django/db/backends/postgresql/compiler.py first seen with mtime 1768985465.5422022
File /home/haron/miniconda3/envs/rsmc-env/lib/python3.11/site-packages/celery/exceptions.py first seen with mtime 1771428721.889153
File /home/haron/miniconda3/envs/rsmc-env/lib/python3.11/site-packages/xarray/backends/common.py first seen with mtime 1769665430.0
File /home/haron/miniconda3/envs/rsmc-env/lib/python3.11/site-packages/xarray/backends/writers.py first seen with mtime 1769665430.0
File /home/haron/miniconda3/envs/rsmc-env/lib/python3.11/asyncio/constants.py first seen with mtime 1761072196.8943427
File /home/haron/miniconda3/envs/rsmc-env/lib/python3.11/site-packages/xarray/core/groupby.py first seen with mtime 1769665430.0
File /home/haron/miniconda3/envs/rsmc-env/lib/python3.11/site-packages/scipy/_lib/array_api_extra/__init__.py first seen with mtime 1771171138.516336
File /home/haron/miniconda3/envs/rsmc-env/lib/python3.11/site-packages/scipy/sparse/_sputils.py first seen with mtime 1771171139.0106587
File /home/haron/miniconda3/envs/rsmc-env/lib/python3.11/site-packages/scipy/sparse/base.py first seen with mtime 1771171139.0106587
File /home/haron/miniconda3/envs/rsmc-env/lib/python3.11/site-packages/shapely/measurement.py first seen with mtime 1772616997.694647
File /home/haron/miniconda3/envs/rsmc-env/lib/python3.11/site-packages/vine/abstract.py first seen with mtime 1771428720.8478198
File /home/haron/miniconda3/envs/rsmc-env/lib/python3.11/site-packages/shapely/linear.py first seen with mtime 1772616997.694647
File /home/haron/miniconda3/envs/rsmc-env/lib/python3.11/site-packages/xarray/core/nputils.py first seen with mtime 1769665430.0
File /home/haron/miniconda3/envs/rsmc-env/lib/python3.11/wsgiref/util.py first seen with mtime 1761072198.3543453
File /home/haron/miniconda3/envs/rsmc-env/lib/python3.11/site-packages/pandas/io/common.py first seen with mtime 1771408984.0
File /home/haron/miniconda3/envs/rsmc-env/lib/python3.11/site-packages/celery/platforms.py first seen with mtime 1771428721.889153
File /home/haron/miniconda3/envs/rsmc-env/lib/python3.11/site-packages/pandas/core/array_algos/replace.py first seen with mtime 1771408984.0
File /home/haron/miniconda3/envs/rsmc-env/lib/python3.11/site-packages/django/db/backends/base/validation.py first seen with mtime 1768985465.5346909
File /home/haron/miniconda3/envs/rsmc-env/lib/python3.11/site-packages/pandas/core/arrays/numpy_.py first seen with mtime 1771408984.0
File /home/haron/miniconda3/envs/rsmc-env/lib/python3.11/site-packages/shapely/coordinates.py first seen with mtime 1772616997.6864686
File /home/haron/kmd/kmd_web/web_service/news/views.py first seen with mtime 1773041383.1780374
File /home/haron/miniconda3/envs/rsmc-env/lib/python3.11/site-packages/django/core/files/__init__.py first seen with mtime 1768985465.4933784
File /home/haron/miniconda3/envs/rsmc-env/lib/python3.11/email/header.py first seen with mtime 1761072197.194343
File /home/haron/miniconda3/envs/rsmc-env/lib/python3.11/site-packages/pyparsing/helpers.py first seen with mtime 1772616991.4790826
File /home/haron/miniconda3/envs/rsmc-env/lib/python3.11/site-packages/django/core/files/uploadedfile.py first seen with mtime 1768985465.497134
File /home/haron/miniconda3/envs/rsmc-env/lib/python3.11/site-packages/pyproj/list.cpython-311-x86_64-linux-gnu.so first seen with mtime 1772616999.1953902
File /home/haron/miniconda3/envs/rsmc-env/lib/python3.11/site-packages/numexpr/necompiler.py first seen with mtime 1771147021.2713766
File /home/haron/miniconda3/envs/rsmc-env/lib/python3.11/site-packages/django/db/models/fields/files.py first seen with mtime 1768985465.557225
File /home/haron/kmd/kmd_web/web_service/home/home/apps.py first seen with mtime 1770369369.0920122
File /home/haron/miniconda3/envs/rsmc-env/lib/python3.11/site-packages/pandas/_libs/tslib.cpython-311-x86_64-linux-gnu.so first seen with mtime 1771408984.0
File /home/haron/miniconda3/envs/rsmc-env/lib/python3.11/site-packages/rest_framework/templatetags/__init__.py first seen with mtime 1768985470.8272228
File /home/haron/miniconda3/envs/rsmc-env/lib/python3.11/site-packages/shapely/geometry/linestring.py first seen with mtime 1772616997.7028255
File /home/haron/miniconda3/envs/rsmc-env/lib/python3.11/site-packages/rest_framework/checks.py first seen with mtime 1768985470.6957738
File /home/haron/miniconda3/envs/rsmc-env/lib/python3.11/uuid.py first seen with mtime 1761072196.8563426
File /home/haron/miniconda3/envs/rsmc-env/lib/python3.11/site-packages/celery/concurrency/__init__.py first seen with mtime 1771428721.9111528
File /home/haron/miniconda3/envs/rsmc-env/lib/python3.11/site-packages/matplotlib/layout_engine.py first seen with mtime 1772617000.4957619
File /home/haron/miniconda3/envs/rsmc-env/lib/python3.11/site-packages/kombu/messaging.py first seen with mtime 1771428721.6398196
File /home/haron/miniconda3/envs/rsmc-env/lib/python3.11/site-packages/numpy/lib/format.py first seen with mtime 1772616992.7780383
File /home/haron/miniconda3/envs/rsmc-env/lib/python3.11/site-packages/vine/promises.py first seen with mtime 1771428720.8478198
File /home/haron/miniconda3/envs/rsmc-env/lib/python3.11/site-packages/scipy/_cyutility.cpython-311-x86_64-linux-gnu.so first seen with mtime 1771171138.488204
File /home/haron/miniconda3/envs/rsmc-env/lib/python3.11/site-packages/django/core/checks/compatibility/django_4_0.py first seen with mtime 1768985465.4933784
File /home/haron/miniconda3/envs/rsmc-env/lib/python3.11/site-packages/pandas/core/col.py first seen with mtime 1771408984.0
File /home/haron/miniconda3/envs/rsmc-env/lib/python3.11/site-packages/rest_framework/relations.py first seen with mtime 1768985470.7032852
File /home/haron/miniconda3/envs/rsmc-env/lib/python3.11/site-packages/django/contrib/admin/checks.py first seen with mtime 1768985463.8596573
File /home/haron/miniconda3/envs/rsmc-env/lib/python3.11/site-packages/django/utils/duration.py first seen with mtime 1768985465.6210716
File /home/haron/miniconda3/envs/rsmc-env/lib/python3.11/unittest/util.py first seen with mtime 1761072198.3023453
File /home/haron/miniconda3/envs/rsmc-env/lib/python3.11/site-packages/django/middleware/security.py first seen with mtime 1768985465.602293
File /home/haron/miniconda3/envs/rsmc-env/lib/python3.11/lib-dynload/_contextvars.cpython-311-x86_64-linux-gnu.so first seen with mtime 1761072208.296364
File /home/haron/miniconda3/envs/rsmc-env/lib/python3.11/site-packages/rest_framework/apps.py first seen with mtime 1768985470.6957738
File /home/haron/miniconda3/envs/rsmc-env/lib/python3.11/site-packages/yaml/dumper.py first seen with mtime 1771170928.8931074
File /home/haron/kmd/kmd_web/web_service/forecasts/download_files.py first seen with mtime 1773920350.4351888
File /home/haron/miniconda3/envs/rsmc-env/lib/python3.11/site-packages/pandas/io/excel/_pyxlsb.py first seen with mtime 1771408984.0
File /home/haron/miniconda3/envs/rsmc-env/lib/python3.11/enum.py first seen with mtime 1761072196.600342
File /home/haron/miniconda3/envs/rsmc-env/lib/python3.11/site-packages/django/db/migrations/state.py first seen with mtime 1768985465.5497136
File /home/haron/miniconda3/envs/rsmc-env/lib/python3.11/pathlib.py first seen with mtime 1761072196.6983423
File /home/haron/miniconda3/envs/rsmc-env/lib/python3.11/site-packages/xarray/compat/dask_array_compat.py first seen with mtime 1769665430.0
File /home/haron/miniconda3/envs/rsmc-env/lib/python3.11/site-packages/celery/signals.py first seen with mtime 1771428721.8964863
File /home/haron/miniconda3/envs/rsmc-env/lib/python3.11/site-packages/matplotlib/container.py first seen with mtime 1772617000.4753158
File /home/haron/miniconda3/envs/rsmc-env/lib/python3.11/site-packages/shapely/strtree.py first seen with mtime 1772616997.694647
File /home/haron/miniconda3/envs/rsmc-env/lib/python3.11/site-packages/pandas/core/dtypes/missing.py first seen with mtime 1771408984.0
File /home/haron/miniconda3/envs/rsmc-env/lib/python3.11/site-packages/tzlocal/unix.py first seen with mtime 1771428720.8771532
File /home/haron/miniconda3/envs/rsmc-env/lib/python3.11/site-packages/kombu/exceptions.py first seen with mtime 1771428721.6398196
File /home/haron/miniconda3/envs/rsmc-env/lib/python3.11/site-packages/numpy/lib/_stride_tricks_impl.py first seen with mtime 1772616992.7739663
File /home/haron/miniconda3/envs/rsmc-env/lib/python3.11/site-packages/numpy/random/_bounded_integers.cpython-311-x86_64-linux-gnu.so first seen with mtime 1772616992.8269017
File /home/haron/miniconda3/envs/rsmc-env/lib/python3.11/site-packages/numpy/lib/stride_tricks.py first seen with mtime 1772616992.7780383
File /home/haron/kmd/kmd_web/web_service/wrfapi/apps.py first seen with mtime 1772532351.7888913
File /home/haron/miniconda3/envs/rsmc-env/lib/python3.11/site-packages/django/contrib/auth/validators.py first seen with mtime 1768985464.2577596
File /home/haron/miniconda3/envs/rsmc-env/lib/python3.11/site-packages/django/contrib/admin/apps.py first seen with mtime 1768985463.8596573
File /home/haron/miniconda3/envs/rsmc-env/lib/python3.11/site-packages/rest_framework/reverse.py first seen with mtime 1768985470.7032852
File /home/haron/miniconda3/envs/rsmc-env/lib/python3.11/site-packages/numpy/lib/_arraysetops_impl.py first seen with mtime 1772616992.7536063
File /home/haron/miniconda3/envs/rsmc-env/lib/python3.11/email/policy.py first seen with mtime 1761072197.2063432
File /home/haron/miniconda3/envs/rsmc-env/lib/python3.11/site-packages/simplejson/errors.py first seen with mtime 1771147020.9033728
File /home/haron/miniconda3/envs/rsmc-env/lib/python3.11/site-packages/pandas/core/reshape/encoding.py first seen with mtime 1771408984.0
File /home/haron/miniconda3/envs/rsmc-env/lib/python3.11/site-packages/xarray/core/datatree.py first seen with mtime 1769665430.0
File /home/haron/miniconda3/envs/rsmc-env/lib/python3.11/site-packages/celery/utils/serialization.py first seen with mtime 1771428721.9258196
File /home/haron/kmd/kmd_web/web_service/pages/urls.py first seen with mtime 1770815811.7538059
File /home/haron/miniconda3/envs/rsmc-env/lib/python3.11/site-packages/scipy/_lib/_array_api_compat_vendor.py first seen with mtime 1771171138.4922228
File /home/haron/miniconda3/envs/rsmc-env/lib/python3.11/site-packages/pandas/_libs/tslibs/vectorized.cpython-311-x86_64-linux-gnu.so first seen with mtime 1771408984.0
File /home/haron/miniconda3/envs/rsmc-env/lib/python3.11/site-packages/scipy/sparse/_lil.py first seen with mtime 1771171138.9744864
File /home/haron/kmd/kmd_web/web_service/news/alert_views.py first seen with mtime 1772730793.008246
File /home/haron/miniconda3/envs/rsmc-env/lib/python3.11/site-packages/dateutil/parser/__init__.py first seen with mtime 1772616998.4756877
File /home/haron/miniconda3/envs/rsmc-env/lib/python3.11/site-packages/urllib3/__init__.py first seen with mtime 1771147020.7233708
File /home/haron/miniconda3/envs/rsmc-env/lib/python3.11/asyncio/base_futures.py first seen with mtime 1761072196.8873425
File /home/haron/miniconda3/envs/rsmc-env/lib/python3.11/site-packages/numpy/exceptions.py first seen with mtime 1772616992.4482093
File /home/haron/miniconda3/envs/rsmc-env/lib/python3.11/unittest/case.py first seen with mtime 1761072198.2823453
File /home/haron/kmd/kmd_web/web_service/nwp_models/temparature_mapper.py first seen with mtime 1772532351.6008945
File /home/haron/miniconda3/envs/rsmc-env/lib/python3.11/site-packages/numpy/_core/_string_helpers.py first seen with mtime 1772616992.5418644
File /home/haron/kmd/kmd_web/web_service/pages/serializers.py first seen with mtime 1770782135.5970485
File /home/haron/miniconda3/envs/rsmc-env/lib/python3.11/site-packages/urllib3/util/util.py first seen with mtime 1771147020.7353709
File /home/haron/miniconda3/envs/rsmc-env/lib/python3.11/site-packages/django/core/files/storage/filesystem.py first seen with mtime 1768985465.497134
File /home/haron/miniconda3/envs/rsmc-env/lib/python3.11/logging/config.py first seen with mtime 1761072198.0723448
File /home/haron/miniconda3/envs/rsmc-env/lib/python3.11/site-packages/matplotlib/cbook.py first seen with mtime 1772617000.4712265
File /home/haron/kmd/kmd_web/web_service/swfp_evaluation/__init__.py first seen with mtime 1770369205.2038336
File /home/haron/miniconda3/envs/rsmc-env/lib/python3.11/site-packages/django/contrib/messages/storage/base.py first seen with mtime 1768985464.9863615
File /home/haron/miniconda3/envs/rsmc-env/lib/python3.11/site-packages/_distutils_hack/__init__.py first seen with mtime 1748307391.0
File /home/haron/miniconda3/envs/rsmc-env/lib/python3.11/site-packages/numpy/random/_mt19937.cpython-311-x86_64-linux-gnu.so first seen with mtime 1772616992.8391175
File /home/haron/kmd/kmd_web/web_service/forecasts/views.py first seen with mtime 1774345275.3082085
File /home/haron/miniconda3/envs/rsmc-env/lib/python3.11/site-packages/django/template/library.py first seen with mtime 1768985465.6060488
File /home/haron/miniconda3/envs/rsmc-env/lib/python3.11/ipaddress.py first seen with mtime 1761072196.653342
File /home/haron/miniconda3/envs/rsmc-env/lib/python3.11/site-packages/django/utils/functional.py first seen with mtime 1768985465.6210716
File /home/haron/miniconda3/envs/rsmc-env/lib/python3.11/site-packages/django/db/models/sql/datastructures.py first seen with mtime 1768985465.5647364
File /home/haron/miniconda3/envs/rsmc-env/lib/python3.11/site-packages/numpy/strings/__init__.py first seen with mtime 1772616992.8635492
File /home/haron/miniconda3/envs/rsmc-env/lib/python3.11/concurrent/futures/__init__.py first seen with mtime 1761072196.9673426
File /home/haron/miniconda3/envs/rsmc-env/lib/python3.11/concurrent/__init__.py first seen with mtime 1761072196.9633427
File /home/haron/miniconda3/envs/rsmc-env/lib/python3.11/site-packages/matplotlib/backend_bases.py first seen with mtime 1772617000.4671373
File /home/haron/miniconda3/envs/rsmc-env/lib/python3.11/site-packages/packaging/__init__.py first seen with mtime 1772616992.167244
File /home/haron/miniconda3/envs/rsmc-env/lib/python3.11/contextlib.py first seen with mtime 1761072196.571342
File /home/haron/miniconda3/envs/rsmc-env/lib/python3.11/site-packages/scipy/io/arff/_arffread.py first seen with mtime 1771171138.6529772
File /home/haron/miniconda3/envs/rsmc-env/lib/python3.11/site-packages/pandas/io/excel/_odswriter.py first seen with mtime 1771408984.0
File /home/haron/miniconda3/envs/rsmc-env/lib/python3.11/site-packages/sqlparse/utils.py first seen with mtime 1768985463.5066235
File /home/haron/miniconda3/envs/rsmc-env/lib/python3.11/site-packages/simplejson/__init__.py first seen with mtime 1771147020.9033728
File /home/haron/miniconda3/envs/rsmc-env/lib/python3.11/urllib/request.py first seen with mtime 1761072198.3143454
File /home/haron/miniconda3/envs/rsmc-env/lib/python3.11/site-packages/django/core/files/temp.py first seen with mtime 1768985465.497134
File /home/haron/kmd/kmd_web/web_service/user_accounts/urls.py first seen with mtime 1774775471.8546143
File /home/haron/miniconda3/envs/rsmc-env/lib/python3.11/site-packages/yaml/composer.py first seen with mtime 1771170928.8931074
File /home/haron/miniconda3/envs/rsmc-env/lib/python3.11/site-packages/django/contrib/admin/templatetags/log.py first seen with mtime 1768985464.1187994
File /home/haron/miniconda3/envs/rsmc-env/lib/python3.11/site-packages/simplejson/raw_json.py first seen with mtime 1771147020.9033728
File /home/haron/miniconda3/envs/rsmc-env/lib/python3.11/site-packages/xarray/plot/dataarray_plot.py first seen with mtime 1769665430.0
File /home/haron/miniconda3/envs/rsmc-env/lib/python3.11/site-packages/scipy/io/matlab/__init__.py first seen with mtime 1771171138.6569963
File /home/haron/miniconda3/envs/rsmc-env/lib/python3.11/site-packages/psycopg2/_ipaddress.py first seen with mtime 1770910607.486615
File /home/haron/miniconda3/envs/rsmc-env/lib/python3.11/site-packages/click/utils.py first seen with mtime 1764518652.0
File /home/haron/miniconda3/envs/rsmc-env/lib/python3.11/site-packages/shapely/_geometry.py first seen with mtime 1772616997.6619334
File /home/haron/miniconda3/envs/rsmc-env/lib/python3.11/site-packages/numpy/polynomial/polyutils.py first seen with mtime 1772616992.8228297
File /home/haron/miniconda3/envs/rsmc-env/lib/python3.11/site-packages/django/conf/global_settings.py first seen with mtime 1768985463.6568506
File /home/haron/miniconda3/envs/rsmc-env/lib/python3.11/site-packages/celery/local.py first seen with mtime 1771428721.889153
File /home/haron/miniconda3/envs/rsmc-env/lib/python3.11/site-packages/django/contrib/admindocs/views.py first seen with mtime 1768985464.1187994
File /home/haron/miniconda3/envs/rsmc-env/lib/python3.11/site-packages/django/db/models/functions/text.py first seen with mtime 1768985465.5647364
File /home/haron/miniconda3/envs/rsmc-env/lib/python3.11/site-packages/yaml/reader.py first seen with mtime 1771170928.8931074
File /home/haron/miniconda3/envs/rsmc-env/lib/python3.11/site-packages/django/urls/conf.py first seen with mtime 1768985465.6135602
File /home/haron/miniconda3/envs/rsmc-env/lib/python3.11/site-packages/numpy/random/mtrand.cpython-311-x86_64-linux-gnu.so first seen with mtime 1772616992.8472614
File /home/haron/miniconda3/envs/rsmc-env/lib/python3.11/site-packages/django/shortcuts.py first seen with mtime 1768985463.653095
File /home/haron/miniconda3/envs/rsmc-env/lib/python3.11/multiprocessing/process.py first seen with mtime 1761072198.1073449
File /home/haron/miniconda3/envs/rsmc-env/lib/python3.11/site-packages/django/db/models/base.py first seen with mtime 1768985465.5534692
File /home/haron/miniconda3/envs/rsmc-env/lib/python3.11/site-packages/xarray/core/coordinate_transform.py first seen with mtime 1769665430.0
File /home/haron/miniconda3/envs/rsmc-env/lib/python3.11/site-packages/celery/utils/log.py first seen with mtime 1771428721.922153
File /home/haron/miniconda3/envs/rsmc-env/lib/python3.11/site-packages/billiard/__init__.py first seen with mtime 1771428721.1118197
File /home/haron/miniconda3/envs/rsmc-env/lib/python3.11/site-packages/scipy/io/matlab/_mio_utils.cpython-311-x86_64-linux-gnu.so first seen with mtime 1771171138.661015
File /home/haron/miniconda3/envs/rsmc-env/lib/python3.11/site-packages/django/utils/deconstruct.py first seen with mtime 1768985465.6210716
File /home/haron/kmd/kmd_web/web_service/products/models.py first seen with mtime 1770714927.04144
File /home/haron/miniconda3/envs/rsmc-env/lib/python3.11/site-packages/django/contrib/sessions/apps.py first seen with mtime 1768985465.2229693
File /home/haron/miniconda3/envs/rsmc-env/lib/python3.11/plistlib.py first seen with mtime 1761072196.7153423
File /home/haron/kmd/kmd_web/web_service/forecasts/models.py first seen with mtime 1772977896.956343
File /home/haron/miniconda3/envs/rsmc-env/lib/python3.11/unittest/runner.py first seen with mtime 1761072198.2943451
File /home/haron/miniconda3/envs/rsmc-env/lib/python3.11/site-packages/shapely/prepared.py first seen with mtime 1772616997.694647
File /home/haron/miniconda3/envs/rsmc-env/lib/python3.11/site-packages/tzlocal/utils.py first seen with mtime 1771428720.8844864
File /home/haron/miniconda3/envs/rsmc-env/lib/python3.11/site-packages/xarray/core/eval.py first seen with mtime 1769665430.0
File /home/haron/miniconda3/envs/rsmc-env/lib/python3.11/site-packages/pandas/core/computation/ops.py first seen with mtime 1771408984.0
File /home/haron/miniconda3/envs/rsmc-env/lib/python3.11/site-packages/pandas/core/groupby/indexing.py first seen with mtime 1771408984.0
File /home/haron/miniconda3/envs/rsmc-env/lib/python3.11/site-packages/pandas/core/arrays/sparse/accessor.py first seen with mtime 1771408984.0
File /home/haron/miniconda3/envs/rsmc-env/lib/python3.11/graphlib.py first seen with mtime 1761072196.629342
File /home/haron/miniconda3/envs/rsmc-env/lib/python3.11/site-packages/matplotlib/text.py first seen with mtime 1772617000.5121188
File /home/haron/miniconda3/envs/rsmc-env/lib/python3.11/site-packages/django/core/checks/model_checks.py first seen with mtime 1768985465.4933784
File /home/haron/miniconda3/envs/rsmc-env/lib/python3.11/site-packages/pandas/_libs/groupby.cpython-311-x86_64-linux-gnu.so first seen with mtime 1771408984.0
File /home/haron/miniconda3/envs/rsmc-env/lib/python3.11/site-packages/scipy/sparse/_csr.py first seen with mtime 1771171138.9744864
File /home/haron/miniconda3/envs/rsmc-env/lib/python3.11/site-packages/psycopg2/sql.py first seen with mtime 1770910607.4944327
File /home/haron/miniconda3/envs/rsmc-env/lib/python3.11/site-packages/xarray/core/accessor_dt.py first seen with mtime 1769665430.0
File /home/haron/miniconda3/envs/rsmc-env/lib/python3.11/site-packages/django/db/models/fields/tuple_lookups.py first seen with mtime 1768985465.5609806
File /home/haron/miniconda3/envs/rsmc-env/lib/python3.11/site-packages/django/db/models/sql/compiler.py first seen with mtime 1768985465.5647364
File /home/haron/miniconda3/envs/rsmc-env/lib/python3.11/site-packages/scipy/_lib/array_api_compat/__init__.py first seen with mtime 1771171138.5002606
File /home/haron/miniconda3/envs/rsmc-env/lib/python3.11/site-packages/pyproj/_show_versions.py first seen with mtime 1772616999.170855
File /home/haron/miniconda3/envs/rsmc-env/lib/python3.11/site-packages/scipy/sparse/sparsetools.py first seen with mtime 1771171139.0106587
File /home/haron/miniconda3/envs/rsmc-env/lib/python3.11/site-packages/PIL/ExifTags.py first seen with mtime 1772616991.6867526
File /home/haron/miniconda3/envs/rsmc-env/lib/python3.11/site-packages/kombu/utils/imports.py first seen with mtime 1771428721.6544864
File /home/haron/miniconda3/envs/rsmc-env/lib/python3.11/ctypes/_endian.py first seen with mtime 1761072196.9823427
File /home/haron/miniconda3/envs/rsmc-env/lib/python3.11/site-packages/pandas/core/groupby/__init__.py first seen with mtime 1771408984.0
File /home/haron/miniconda3/envs/rsmc-env/lib/python3.11/site-packages/asgiref/__init__.py first seen with mtime 1768985463.5742257
File /home/haron/miniconda3/envs/rsmc-env/lib/python3.11/site-packages/django/template/defaulttags.py first seen with mtime 1768985465.6060488
File /home/haron/kmd/kmd_web/web_service/nwp_models/urls.py first seen with mtime 1774180913.0951831
File /home/haron/miniconda3/envs/rsmc-env/lib/python3.11/lib-dynload/_multibytecodec.cpython-311-x86_64-linux-gnu.so first seen with mtime 1761072207.9623635
File /home/haron/miniconda3/envs/rsmc-env/lib/python3.11/site-packages/django/contrib/auth/password_validation.py first seen with mtime 1768985464.2577596
File /home/haron/miniconda3/envs/rsmc-env/lib/python3.11/site-packages/django/core/handlers/asgi.py first seen with mtime 1768985465.5008898
File /home/haron/miniconda3/envs/rsmc-env/lib/python3.11/site-packages/shapely/geometry/collection.py first seen with mtime 1772616997.6987362
File /home/haron/miniconda3/envs/rsmc-env/lib/python3.11/site-packages/pandas/core/apply.py first seen with mtime 1771408984.0
File /home/haron/miniconda3/envs/rsmc-env/lib/python3.11/site-packages/kombu/utils/uuid.py first seen with mtime 1771428721.658153
File /home/haron/miniconda3/envs/rsmc-env/lib/python3.11/site-packages/amqp/protocol.py first seen with mtime 1771428721.581153
File /home/haron/miniconda3/envs/rsmc-env/lib/python3.11/site-packages/matplotlib/backends/registry.py first seen with mtime 1772617000.5448325
File /home/haron/miniconda3/envs/rsmc-env/lib/python3.11/site-packages/django/utils/decorators.py first seen with mtime 1768985465.6210716
File /home/haron/miniconda3/envs/rsmc-env/lib/python3.11/site-packages/django/urls/exceptions.py first seen with mtime 1768985465.6173158
File /home/haron/miniconda3/envs/rsmc-env/lib/python3.11/site-packages/numpy/f2py/symbolic.py first seen with mtime 1772616992.6640232
File /home/haron/miniconda3/envs/rsmc-env/lib/python3.11/site-packages/scipy/version.py first seen with mtime 1771171138.4922228
File /home/haron/miniconda3/envs/rsmc-env/lib/python3.11/site-packages/django/contrib/admin/templatetags/admin_modify.py first seen with mtime 1768985464.1187994
File /home/haron/miniconda3/envs/rsmc-env/lib/python3.11/xml/__init__.py first seen with mtime 1761072198.3603454
File /home/haron/miniconda3/envs/rsmc-env/lib/python3.11/site-packages/django/core/checks/async_checks.py first seen with mtime 1768985465.4896226
File /home/haron/miniconda3/envs/rsmc-env/lib/python3.11/site-packages/numpy/fft/_pocketfft.py first seen with mtime 1772616992.7413905
File /home/haron/miniconda3/envs/rsmc-env/lib/python3.11/site-packages/matplotlib/_enums.py first seen with mtime 1772617000.442602
File /home/haron/kmd/kmd_web/web_service/user_accounts/serializer.py first seen with mtime 1774358935.4614902
File /home/haron/miniconda3/envs/rsmc-env/lib/python3.11/site-packages/xarray/core/variable.py first seen with mtime 1769665430.0
File /home/haron/miniconda3/envs/rsmc-env/lib/python3.11/site-packages/django/template/loaders/__init__.py first seen with mtime 1768985465.6098044
File /home/haron/miniconda3/envs/rsmc-env/lib/python3.11/site-packages/celery/app/defaults.py first seen with mtime 1771428721.900153
File /home/haron/miniconda3/envs/rsmc-env/lib/python3.11/site-packages/scipy/io/matlab/mio5_utils.py first seen with mtime 1771171138.6650338
File /home/haron/miniconda3/envs/rsmc-env/lib/python3.11/site-packages/sqlparse/engine/__init__.py first seen with mtime 1768985463.5066235
File /home/haron/miniconda3/envs/rsmc-env/lib/python3.11/site-packages/numpy/testing/overrides.py first seen with mtime 1772616992.8676212
File /home/haron/miniconda3/envs/rsmc-env/lib/python3.11/site-packages/pandas/io/iceberg.py first seen with mtime 1771408984.0
File /home/haron/miniconda3/envs/rsmc-env/lib/python3.11/site-packages/pandas/_libs/tslibs/fields.cpython-311-x86_64-linux-gnu.so first seen with mtime 1771408984.0
File /home/haron/miniconda3/envs/rsmc-env/lib/python3.11/site-packages/pandas/core/methods/__init__.py first seen with mtime 1771408984.0
File /home/haron/miniconda3/envs/rsmc-env/lib/python3.11/wsgiref/__init__.py first seen with mtime 1761072198.3423452
File /home/haron/miniconda3/envs/rsmc-env/lib/python3.11/site-packages/pyproj/crs/enums.py first seen with mtime 1772616999.1994796
File /home/haron/miniconda3/envs/rsmc-env/lib/python3.11/site-packages/pyproj/crs/coordinate_system.py first seen with mtime 1772616999.1994796
File /home/haron/miniconda3/envs/rsmc-env/lib/python3.11/site-packages/django/db/backends/base/features.py first seen with mtime 1768985465.530935
File /home/haron/miniconda3/envs/rsmc-env/lib/python3.11/site-packages/numexpr/expressions.py first seen with mtime 1771147021.2593765
File /home/haron/miniconda3/envs/rsmc-env/lib/python3.11/site-packages/scipy/sparse/dok.py first seen with mtime 1771171139.0106587
File /home/haron/miniconda3/envs/rsmc-env/lib/python3.11/site-packages/matplotlib/_api/deprecation.py first seen with mtime 1772617000.516208
File /home/haron/miniconda3/envs/rsmc-env/lib/python3.11/site-packages/pandas/io/html.py first seen with mtime 1771408984.0
File /home/haron/miniconda3/envs/rsmc-env/lib/python3.11/site-packages/django/db/backends/postgresql/schema.py first seen with mtime 1768985465.5422022
File /home/haron/miniconda3/envs/rsmc-env/lib/python3.11/quopri.py first seen with mtime 1761072196.7423422
File /home/haron/miniconda3/envs/rsmc-env/lib/python3.11/site-packages/numpy/f2py/cfuncs.py first seen with mtime 1772616992.6599512
File /home/haron/miniconda3/envs/rsmc-env/lib/python3.11/site-packages/rest_framework/settings.py first seen with mtime 1768985470.707041
File /home/haron/miniconda3/envs/rsmc-env/lib/python3.11/site-packages/scipy/sparse/__init__.py first seen with mtime 1771171138.9664485
File /home/haron/miniconda3/envs/rsmc-env/lib/python3.11/site-packages/pandas/core/internals/concat.py first seen with mtime 1771408984.0
File /home/haron/miniconda3/envs/rsmc-env/lib/python3.11/site-packages/django/db/migrations/migration.py first seen with mtime 1768985465.5497136
File /home/haron/miniconda3/envs/rsmc-env/lib/python3.11/site-packages/pandas/core/computation/expressions.py first seen with mtime 1771408984.0
File /home/haron/miniconda3/envs/rsmc-env/lib/python3.11/site-packages/celery/utils/dispatch/__init__.py first seen with mtime 1771428721.9258196
File /home/haron/miniconda3/envs/rsmc-env/lib/python3.11/site-packages/xarray/testing/assertions.py first seen with mtime 1769665430.0
File /home/haron/miniconda3/envs/rsmc-env/lib/python3.11/site-packages/numpy/__config__.py first seen with mtime 1772616992.4400654
File /home/haron/miniconda3/envs/rsmc-env/lib/python3.11/site-packages/scipy/_lib/array_api_extra/_lib/_utils/_compat.py first seen with mtime 1771171138.5203547
File /home/haron/miniconda3/envs/rsmc-env/lib/python3.11/site-packages/scipy/_lib/_sparse.py first seen with mtime 1771171138.4962416
File /home/haron/miniconda3/envs/rsmc-env/lib/python3.11/site-packages/kombu/utils/__init__.py first seen with mtime 1771428721.6544864
File /home/haron/miniconda3/envs/rsmc-env/lib/python3.11/site-packages/numpy/_utils/_inspect.py first seen with mtime 1772616992.6151597
File /home/haron/miniconda3/envs/rsmc-env/lib/python3.11/asyncio/taskgroups.py first seen with mtime 1761072196.9363427
File /home/haron/miniconda3/envs/rsmc-env/lib/python3.11/site-packages/pandas/core/internals/ops.py first seen with mtime 1771408984.0
File /home/haron/miniconda3/envs/rsmc-env/lib/python3.11/site-packages/xarray/coding/times.py first seen with mtime 1769665430.0
File /home/haron/miniconda3/envs/rsmc-env/lib/python3.11/site-packages/django/template/loader_tags.py first seen with mtime 1768985465.6060488
File /home/haron/miniconda3/envs/rsmc-env/lib/python3.11/site-packages/xarray/core/_aggregations.py first seen with mtime 1769665430.0
File /home/haron/miniconda3/envs/rsmc-env/lib/python3.11/site-packages/pandas/core/tools/datetimes.py first seen with mtime 1771408984.0
File /home/haron/miniconda3/envs/rsmc-env/lib/python3.11/tempfile.py first seen with mtime 1761072196.8203425
File /home/haron/miniconda3/envs/rsmc-env/lib/python3.11/site-packages/numpy/_core/function_base.py first seen with mtime 1772616992.5459363
File /home/haron/miniconda3/envs/rsmc-env/lib/python3.11/encodings/aliases.py first seen with mtime 1761072197.2413433
File /home/haron/miniconda3/envs/rsmc-env/lib/python3.11/site-packages/pandas/core/internals/managers.py first seen with mtime 1771408984.0
File /home/haron/miniconda3/envs/rsmc-env/lib/python3.11/site-packages/requests/compat.py first seen with mtime 1771147021.8433826
File /home/haron/miniconda3/envs/rsmc-env/lib/python3.11/site-packages/matplotlib/_color_data.py first seen with mtime 1772617000.4385128
File /home/haron/miniconda3/envs/rsmc-env/lib/python3.11/site-packages/pandas/_libs/pandas_parser.cpython-311-x86_64-linux-gnu.so first seen with mtime 1771408984.0
File /home/haron/miniconda3/envs/rsmc-env/lib/python3.11/site-packages/scipy/io/matlab/miobase.py first seen with mtime 1771171138.6650338
File /home/haron/miniconda3/envs/rsmc-env/lib/python3.11/site-packages/celery/app/utils.py first seen with mtime 1771428721.900153
File /home/haron/miniconda3/envs/rsmc-env/lib/python3.11/site-packages/django/contrib/staticfiles/management/commands/runserver.py first seen with mtime 1768985465.485867
File /home/haron/miniconda3/envs/rsmc-env/lib/python3.11/unittest/__init__.py first seen with mtime 1761072198.2723453
File /home/haron/miniconda3/envs/rsmc-env/lib/python3.11/site-packages/django/urls/resolvers.py first seen with mtime 1768985465.6173158
File /home/haron/miniconda3/envs/rsmc-env/lib/python3.11/site-packages/asgiref/current_thread_executor.py first seen with mtime 1768985463.5742257
File /home/haron/miniconda3/envs/rsmc-env/lib/python3.11/site-packages/xarray/core/__init__.py first seen with mtime 1769665430.0
File /home/haron/miniconda3/envs/rsmc-env/lib/python3.11/asyncio/coroutines.py first seen with mtime 1761072196.8973427
File /home/haron/miniconda3/envs/rsmc-env/lib/python3.11/site-packages/xarray/structure/__init__.py first seen with mtime 1769665430.0
File /home/haron/miniconda3/envs/rsmc-env/lib/python3.11/site-packages/xarray/util/print_versions.py first seen with mtime 1769665430.0
File /home/haron/miniconda3/envs/rsmc-env/lib/python3.11/shutil.py first seen with mtime 1761072196.7653422
File /home/haron/miniconda3/envs/rsmc-env/lib/python3.11/site-packages/numpy/lib/_twodim_base_impl.py first seen with mtime 1772616992.7739663
File /home/haron/miniconda3/envs/rsmc-env/lib/python3.11/site-packages/django/contrib/auth/backends.py first seen with mtime 1768985464.2540038
File /home/haron/miniconda3/envs/rsmc-env/lib/python3.11/site-packages/rest_framework/serializers.py first seen with mtime 1768985470.707041
File /home/haron/miniconda3/envs/rsmc-env/lib/python3.11/site-packages/django/db/models/query.py first seen with mtime 1768985465.557225
File /home/haron/miniconda3/envs/rsmc-env/lib/python3.11/site-packages/celery/utils/time.py first seen with mtime 1771428721.9258196
File /home/haron/miniconda3/envs/rsmc-env/lib/python3.11/site-packages/numpy/lib/mixins.py first seen with mtime 1772616992.7780383
File /home/haron/miniconda3/envs/rsmc-env/lib/python3.11/site-packages/pandas/core/arrays/numeric.py first seen with mtime 1771408984.0
File /home/haron/miniconda3/envs/rsmc-env/lib/python3.11/site-packages/xarray/backends/lru_cache.py first seen with mtime 1769665430.0
File /home/haron/miniconda3/envs/rsmc-env/lib/python3.11/wsgiref/handlers.py first seen with mtime 1761072198.3443453
File /home/haron/miniconda3/envs/rsmc-env/lib/python3.11/site-packages/pandas/core/reshape/merge.py first seen with mtime 1771408984.0
File /home/haron/miniconda3/envs/rsmc-env/lib/python3.11/site-packages/dateutil/__init__.py first seen with mtime 1772616998.4715986
File /home/haron/miniconda3/envs/rsmc-env/lib/python3.11/site-packages/mpl_toolkits/mplot3d/proj3d.py first seen with mtime 1772617000.7329366
File /home/haron/miniconda3/envs/rsmc-env/lib/python3.11/site-packages/django/templatetags/static.py first seen with mtime 1768985465.6098044
File /home/haron/miniconda3/envs/rsmc-env/lib/python3.11/site-packages/sqlparse/lexer.py first seen with mtime 1768985463.5066235
File /home/haron/miniconda3/envs/rsmc-env/lib/python3.11/site-packages/numpy/_typing/_char_codes.py first seen with mtime 1772616992.6151597
File /home/haron/kmd/kmd_web/web_service/swfp_evaluation/views.py first seen with mtime 1774433297.463693
File /home/haron/miniconda3/envs/rsmc-env/lib/python3.11/site-packages/django/db/models/fields/proxy.py first seen with mtime 1768985465.5609806
File /home/haron/miniconda3/envs/rsmc-env/lib/python3.11/site-packages/matplotlib/_image.cpython-311-x86_64-linux-gnu.so first seen with mtime 1772617000.4466913
File /home/haron/miniconda3/envs/rsmc-env/lib/python3.11/site-packages/matplotlib/_version.py first seen with mtime 1772617000.4671373
File /home/haron/miniconda3/envs/rsmc-env/lib/python3.11/site-packages/pandas/_config/dates.py first seen with mtime 1771408984.0
File /home/haron/miniconda3/envs/rsmc-env/lib/python3.11/subprocess.py first seen with mtime 1761072196.8043425
File /home/haron/miniconda3/envs/rsmc-env/lib/python3.11/site-packages/django/apps/config.py first seen with mtime 1768985463.6568506
File /home/haron/miniconda3/envs/rsmc-env/lib/python3.11/site-packages/pandas/io/formats/printing.py first seen with mtime 1771408984.0
File /home/haron/miniconda3/envs/rsmc-env/lib/python3.11/site-packages/urllib3/util/__init__.py first seen with mtime 1771147020.731371
File /home/haron/miniconda3/envs/rsmc-env/lib/python3.11/site-packages/kombu/utils/collections.py first seen with mtime 1771428721.6544864
File /home/haron/miniconda3/envs/rsmc-env/lib/python3.11/site-packages/django/contrib/staticfiles/finders.py first seen with mtime 1768985465.4821112
File /home/haron/miniconda3/envs/rsmc-env/lib/python3.11/site-packages/matplotlib/style/__init__.py first seen with mtime 1772617000.683866
File /home/haron/miniconda3/envs/rsmc-env/lib/python3.11/code.py first seen with mtime 1761072196.556342
File /home/haron/miniconda3/envs/rsmc-env/lib/python3.11/lib-dynload/_bisect.cpython-311-x86_64-linux-gnu.so first seen with mtime 1761072208.3883643
File /home/haron/miniconda3/envs/rsmc-env/lib/python3.11/lib-dynload/_zoneinfo.cpython-311-x86_64-linux-gnu.so first seen with mtime 1761072208.5283647
File /home/haron/miniconda3/envs/rsmc-env/lib/python3.11/site-packages/matplotlib/category.py first seen with mtime 1772617000.4712265
File /home/haron/miniconda3/envs/rsmc-env/lib/python3.11/site-packages/shapely/algorithms/cga.py first seen with mtime 1772616997.6987362
File /home/haron/miniconda3/envs/rsmc-env/lib/python3.11/site-packages/rest_framework/authentication.py first seen with mtime 1768985470.6957738
File /home/haron/miniconda3/envs/rsmc-env/lib/python3.11/site-packages/xarray/core/indexes.py first seen with mtime 1769665430.0
File /home/haron/miniconda3/envs/rsmc-env/lib/python3.11/site-packages/yaml/error.py first seen with mtime 1771170928.8931074
File /home/haron/miniconda3/envs/rsmc-env/lib/python3.11/site-packages/numpy/lib/_scimath_impl.py first seen with mtime 1772616992.7698941
File /home/haron/miniconda3/envs/rsmc-env/lib/python3.11/site-packages/pandas/core/arrays/masked.py first seen with mtime 1771408984.0
File /home/haron/miniconda3/envs/rsmc-env/lib/python3.11/site-packages/django/template/base.py first seen with mtime 1768985465.602293
File /home/haron/miniconda3/envs/rsmc-env/lib/python3.11/site-packages/idna/idnadata.py first seen with mtime 1771147021.3713777
File /home/haron/miniconda3/envs/rsmc-env/lib/python3.11/site-packages/pandas/core/interchange/from_dataframe.py first seen with mtime 1771408984.0
File /home/haron/miniconda3/envs/rsmc-env/lib/python3.11/site-packages/scipy/sparse/_dia.py first seen with mtime 1771171138.9744864
File /home/haron/miniconda3/envs/rsmc-env/lib/python3.11/site-packages/pandas/core/dtypes/concat.py first seen with mtime 1771408984.0
File /home/haron/miniconda3/envs/rsmc-env/lib/python3.11/site-packages/django/contrib/messages/storage/__init__.py first seen with mtime 1768985464.9863615
File /home/haron/miniconda3/envs/rsmc-env/lib/python3.11/site-packages/scipy/io/_mmio.py first seen with mtime 1771171138.628864
File /home/haron/miniconda3/envs/rsmc-env/lib/python3.11/site-packages/django/contrib/auth/decorators.py first seen with mtime 1768985464.2540038
File /home/haron/kmd/kmd_web/web_service/national_met_services/admin.py first seen with mtime 1770369188.8146477
File /home/haron/miniconda3/envs/rsmc-env/lib/python3.11/site-packages/django/contrib/admin/templatetags/admin_urls.py first seen with mtime 1768985464.1187994
File /home/haron/miniconda3/envs/rsmc-env/lib/python3.11/site-packages/dateutil/_version.py first seen with mtime 1772616998.4715986
File /home/haron/miniconda3/envs/rsmc-env/lib/python3.11/lib-dynload/_socket.cpython-311-x86_64-linux-gnu.so first seen with mtime 1761072208.3673644
File /home/haron/miniconda3/envs/rsmc-env/lib/python3.11/site-packages/pandas/core/indexes/extension.py first seen with mtime 1771408984.0
File /home/haron/miniconda3/envs/rsmc-env/lib/python3.11/site-packages/pandas/core/dtypes/astype.py first seen with mtime 1771408984.0
File /home/haron/miniconda3/envs/rsmc-env/lib/python3.11/multiprocessing/util.py first seen with mtime 1761072198.128345
File /home/haron/miniconda3/envs/rsmc-env/lib/python3.11/site-packages/celery/app/registry.py first seen with mtime 1771428721.900153
File /home/haron/miniconda3/envs/rsmc-env/lib/python3.11/site-packages/pandas/core/indexers/objects.py first seen with mtime 1771408984.0
File /home/haron/miniconda3/envs/rsmc-env/lib/python3.11/site-packages/django/urls/base.py first seen with mtime 1768985465.6135602
File /home/haron/miniconda3/envs/rsmc-env/lib/python3.11/site-packages/scipy/sparse/dia.py first seen with mtime 1771171139.0106587
File /home/haron/miniconda3/envs/rsmc-env/lib/python3.11/site-packages/urllib3/util/ssl_match_hostname.py first seen with mtime 1771147020.7353709
File /home/haron/miniconda3/envs/rsmc-env/lib/python3.11/site-packages/xarray/indexes/range_index.py first seen with mtime 1769665430.0
File /home/haron/miniconda3/envs/rsmc-env/lib/python3.11/email/generator.py first seen with mtime 1761072197.191343
File /home/haron/kmd/kmd_web/web_service/news/alerts_models.py first seen with mtime 1772724815.5922422
File /home/haron/miniconda3/envs/rsmc-env/lib/python3.11/wsgiref/simple_server.py first seen with mtime 1761072198.3483453
File /home/haron/miniconda3/envs/rsmc-env/lib/python3.11/site-packages/pyparsing/results.py first seen with mtime 1772616991.4790826
File /home/haron/miniconda3/envs/rsmc-env/lib/python3.11/site-packages/cartopy/__init__.py first seen with mtime 1772617002.711118
File /home/haron/miniconda3/envs/rsmc-env/lib/python3.11/site-packages/rest_framework/compat.py first seen with mtime 1768985470.6957738
File /home/haron/miniconda3/envs/rsmc-env/lib/python3.11/site-packages/pandas/core/dtypes/dtypes.py first seen with mtime 1771408984.0
File /home/haron/miniconda3/envs/rsmc-env/lib/python3.11/site-packages/django/contrib/postgres/fields/array.py first seen with mtime 1768985464.990117
File /home/haron/miniconda3/envs/rsmc-env/lib/python3.11/site-packages/django/contrib/staticfiles/management/__init__.py first seen with mtime 1768985465.485867
File /home/haron/miniconda3/envs/rsmc-env/lib/python3.11/site-packages/PIL/_util.py first seen with mtime 1772616991.74376
File /home/haron/miniconda3/envs/rsmc-env/lib/python3.11/site-packages/django/db/models/aggregates.py first seen with mtime 1768985465.5534692
File /home/haron/miniconda3/envs/rsmc-env/lib/python3.11/site-packages/xarray/core/treenode.py first seen with mtime 1769665430.0
File /home/haron/miniconda3/envs/rsmc-env/lib/python3.11/site-packages/pandas/core/reshape/concat.py first seen with mtime 1771408984.0
File /home/haron/miniconda3/envs/rsmc-env/lib/python3.11/site-packages/pyproj/network.py first seen with mtime 1772616999.1953902
File /home/haron/miniconda3/envs/rsmc-env/lib/python3.11/site-packages/celery/__init__.py first seen with mtime 1771428721.8854864
File /home/haron/miniconda3/envs/rsmc-env/lib/python3.11/site-packages/celery/utils/text.py first seen with mtime 1771428721.9258196
File /home/haron/miniconda3/envs/rsmc-env/lib/python3.11/site-packages/yaml/resolver.py first seen with mtime 1771170928.8971062
File /home/haron/miniconda3/envs/rsmc-env/lib/python3.11/site-packages/django/utils/tree.py first seen with mtime 1768985465.6248271
File /home/haron/miniconda3/envs/rsmc-env/lib/python3.11/site-packages/yaml/cyaml.py first seen with mtime 1771170928.8931074
File /home/haron/miniconda3/envs/rsmc-env/lib/python3.11/site-packages/requests/certs.py first seen with mtime 1771147021.8433826
File /home/haron/miniconda3/envs/rsmc-env/lib/python3.11/fractions.py first seen with mtime 1761072196.609342
File /home/haron/miniconda3/envs/rsmc-env/lib/python3.11/heapq.py first seen with mtime 1761072196.637342
File /home/haron/miniconda3/envs/rsmc-env/lib/python3.11/site-packages/pandas/core/tools/timedeltas.py first seen with mtime 1771408984.0
File /home/haron/miniconda3/envs/rsmc-env/lib/python3.11/site-packages/pandas/core/tools/times.py first seen with mtime 1771408984.0
File /home/haron/miniconda3/envs/rsmc-env/lib/python3.11/site-packages/corsheaders/middleware.py first seen with mtime 1768985471.37296
File /home/haron/miniconda3/envs/rsmc-env/lib/python3.11/lib-dynload/_pickle.cpython-311-x86_64-linux-gnu.so first seen with mtime 1761072208.3033643
File /home/haron/miniconda3/envs/rsmc-env/lib/python3.11/site-packages/numpy/random/_sfc64.cpython-311-x86_64-linux-gnu.so first seen with mtime 1772616992.8431895
File /home/haron/miniconda3/envs/rsmc-env/lib/python3.11/site-packages/sqlparse/sql.py first seen with mtime 1768985463.5066235
File /home/haron/miniconda3/envs/rsmc-env/lib/python3.11/site-packages/django/db/models/__init__.py first seen with mtime 1768985465.5534692
File /home/haron/miniconda3/envs/rsmc-env/lib/python3.11/importlib/metadata/_itertools.py first seen with mtime 1761072197.8583443
File /home/haron/miniconda3/envs/rsmc-env/lib/python3.11/site-packages/requests/adapters.py first seen with mtime 1771147021.8433826
File /home/haron/miniconda3/envs/rsmc-env/lib/python3.11/site-packages/django/forms/fields.py first seen with mtime 1768985465.568492
File /home/haron/miniconda3/envs/rsmc-env/lib/python3.11/site-packages/charset_normalizer/version.py first seen with mtime 1771147021.671381
File /home/haron/miniconda3/envs/rsmc-env/lib/python3.11/site-packages/xarray/plot/utils.py first seen with mtime 1769665430.0
File /home/haron/miniconda3/envs/rsmc-env/lib/python3.11/site-packages/numpy/random/_pcg64.cpython-311-x86_64-linux-gnu.so first seen with mtime 1772616992.8391175
File /home/haron/miniconda3/envs/rsmc-env/lib/python3.11/site-packages/scipy/_lib/array_api_extra/_lib/_utils/__init__.py first seen with mtime 1771171138.5203547
File /home/haron/miniconda3/envs/rsmc-env/lib/python3.11/site-packages/django/contrib/contenttypes/apps.py first seen with mtime 1768985464.3967197
File /home/haron/miniconda3/envs/rsmc-env/lib/python3.11/site-packages/django/utils/version.py first seen with mtime 1768985465.6248271
File /home/haron/miniconda3/envs/rsmc-env/lib/python3.11/site-packages/django/utils/text.py first seen with mtime 1768985465.6248271
File /home/haron/miniconda3/envs/rsmc-env/lib/python3.11/site-packages/matplotlib/axes/_secondary_axes.py first seen with mtime 1772617000.5243864
File /home/haron/miniconda3/envs/rsmc-env/lib/python3.11/site-packages/django/core/cache/__init__.py first seen with mtime 1768985465.4896226
File /home/haron/miniconda3/envs/rsmc-env/lib/python3.11/site-packages/xarray/util/deprecation_helpers.py first seen with mtime 1769665430.0
File /home/haron/miniconda3/envs/rsmc-env/lib/python3.11/site-packages/amqp/channel.py first seen with mtime 1771428721.581153
File /home/haron/miniconda3/envs/rsmc-env/lib/python3.11/site-packages/matplotlib/dviread.py first seen with mtime 1772617000.479405
File /home/haron/miniconda3/envs/rsmc-env/lib/python3.11/site-packages/matplotlib/cm.py first seen with mtime 1772617000.4712265
File /home/haron/miniconda3/envs/rsmc-env/lib/python3.11/site-packages/pandas/io/sas/__init__.py first seen with mtime 1771408984.0
File /home/haron/miniconda3/envs/rsmc-env/lib/python3.11/site-packages/xarray/core/duck_array_ops.py first seen with mtime 1769665430.0
File /home/haron/miniconda3/envs/rsmc-env/lib/python3.11/lib-dynload/_struct.cpython-311-x86_64-linux-gnu.so first seen with mtime 1761072208.2883642
File /home/haron/miniconda3/envs/rsmc-env/lib/python3.11/importlib/metadata/_text.py first seen with mtime 1761072197.8643444
File /home/haron/miniconda3/envs/rsmc-env/lib/python3.11/site-packages/django/contrib/staticfiles/apps.py first seen with mtime 1768985465.4821112
File /home/haron/miniconda3/envs/rsmc-env/lib/python3.11/csv.py first seen with mtime 1761072196.584342
File /home/haron/miniconda3/envs/rsmc-env/lib/python3.11/site-packages/scipy/io/_harwell_boeing/hb.py first seen with mtime 1771171138.6489584
File /home/haron/miniconda3/envs/rsmc-env/lib/python3.11/site-packages/xarray/backends/scipy_.py first seen with mtime 1769665430.0
File /home/haron/miniconda3/envs/rsmc-env/lib/python3.11/socket.py first seen with mtime 1761072196.7793424
File /home/haron/miniconda3/envs/rsmc-env/lib/python3.11/site-packages/pandas/core/indexes/datetimelike.py first seen with mtime 1771408984.0
File /home/haron/miniconda3/envs/rsmc-env/lib/python3.11/site-packages/matplotlib/transforms.py first seen with mtime 1772617000.516208
File /home/haron/miniconda3/envs/rsmc-env/lib/python3.11/site-packages/xarray/core/datatree_mapping.py first seen with mtime 1769665430.0
File /home/haron/miniconda3/envs/rsmc-env/lib/python3.11/site-packages/django/db/migrations/operations/special.py first seen with mtime 1768985465.5497136
File /home/haron/miniconda3/envs/rsmc-env/lib/python3.11/site-packages/matplotlib/tri/_trifinder.py first seen with mtime 1772617000.7206688
File /home/haron/miniconda3/envs/rsmc-env/lib/python3.11/site-packages/pandas/io/pickle.py first seen with mtime 1771408984.0
File /home/haron/miniconda3/envs/rsmc-env/lib/python3.11/site-packages/django/utils/encoding.py first seen with mtime 1768985465.6210716
File /home/haron/miniconda3/envs/rsmc-env/lib/python3.11/site-packages/django/db/models/indexes.py first seen with mtime 1768985465.5534692
File /home/haron/miniconda3/envs/rsmc-env/lib/python3.11/site-packages/scipy/io/matlab/_mio5_params.py first seen with mtime 1771171138.661015
File /home/haron/miniconda3/envs/rsmc-env/lib/python3.11/site-packages/django/contrib/admin/views/main.py first seen with mtime 1768985464.1187994
File /home/haron/miniconda3/envs/rsmc-env/lib/python3.11/site-packages/numexpr/interpreter.cpython-311-x86_64-linux-gnu.so first seen with mtime 1771147021.2673767
File /home/haron/miniconda3/envs/rsmc-env/lib/python3.11/site-packages/pandas/core/frame.py first seen with mtime 1771408984.0
File /home/haron/miniconda3/envs/rsmc-env/lib/python3.11/site-packages/numpy/_typing/_nested_sequence.py first seen with mtime 1772616992.6151597
File /home/haron/miniconda3/envs/rsmc-env/lib/python3.11/site-packages/dateutil/relativedelta.py first seen with mtime 1772616998.4715986
File /home/haron/miniconda3/envs/rsmc-env/lib/python3.11/site-packages/pandas/core/window/rolling.py first seen with mtime 1771408984.0
File /home/haron/miniconda3/envs/rsmc-env/lib/python3.11/importlib/_abc.py first seen with mtime 1761072197.8043444
File /home/haron/miniconda3/envs/rsmc-env/lib/python3.11/site-packages/numpy/_core/umath.py first seen with mtime 1772616992.5540802
File /home/haron/kmd/kmd_web/web_service/pages/admin.py first seen with mtime 1770779921.9770324
File /home/haron/miniconda3/envs/rsmc-env/lib/python3.11/site-packages/numpy/lib/_format_impl.py first seen with mtime 1772616992.7576783
File /home/haron/miniconda3/envs/rsmc-env/lib/python3.11/site-packages/django/core/checks/caches.py first seen with mtime 1768985465.4896226
File /home/haron/miniconda3/envs/rsmc-env/lib/python3.11/site-packages/celery/utils/nodenames.py first seen with mtime 1771428721.9258196
File /home/haron/miniconda3/envs/rsmc-env/lib/python3.11/site-packages/sqlparse/filters/reindent.py first seen with mtime 1768985463.510379
File /home/haron/miniconda3/envs/rsmc-env/lib/python3.11/site-packages/numpy/lib/array_utils.py first seen with mtime 1772616992.7780383
File /home/haron/miniconda3/envs/rsmc-env/lib/python3.11/site-packages/pandas/core/interchange/utils.py first seen with mtime 1771408984.0
File /home/haron/miniconda3/envs/rsmc-env/lib/python3.11/site-packages/pandas/tseries/offsets.py first seen with mtime 1771408984.0
File /home/haron/miniconda3/envs/rsmc-env/lib/python3.11/site-packages/numpy/__init__.py first seen with mtime 1772616992.4441373
File /home/haron/miniconda3/envs/rsmc-env/lib/python3.11/site-packages/pandas/core/strings/__init__.py first seen with mtime 1771408984.0
File /home/haron/miniconda3/envs/rsmc-env/lib/python3.11/site-packages/pandas/_libs/hashing.cpython-311-x86_64-linux-gnu.so first seen with mtime 1771408984.0
File /home/haron/miniconda3/envs/rsmc-env/lib/python3.11/site-packages/amqp/transport.py first seen with mtime 1771428721.581153
File /home/haron/miniconda3/envs/rsmc-env/lib/python3.11/site-packages/vine/utils.py first seen with mtime 1771428720.8478198
File /home/haron/miniconda3/envs/rsmc-env/lib/python3.11/site-packages/xarray/core/coordinates.py first seen with mtime 1769665430.0
File /home/haron/miniconda3/envs/rsmc-env/lib/python3.11/site-packages/yaml/emitter.py first seen with mtime 1771170928.8931074
File /home/haron/miniconda3/envs/rsmc-env/lib/python3.11/site-packages/sqlparse/engine/filter_stack.py first seen with mtime 1768985463.5066235
File /home/haron/miniconda3/envs/rsmc-env/lib/python3.11/site-packages/pyproj/transformer.py first seen with mtime 1772616999.1953902
File /home/haron/miniconda3/envs/rsmc-env/lib/python3.11/site-packages/pandas/_libs/properties.cpython-311-x86_64-linux-gnu.so first seen with mtime 1771408984.0
File /home/haron/miniconda3/envs/rsmc-env/lib/python3.11/site-packages/pyparsing/common.py first seen with mtime 1772616991.4790826
File /home/haron/miniconda3/envs/rsmc-env/lib/python3.11/site-packages/pyproj/datadir.py first seen with mtime 1772616999.191301
File /home/haron/miniconda3/envs/rsmc-env/lib/python3.11/site-packages/matplotlib/_tight_layout.py first seen with mtime 1772617000.463048
File /home/haron/miniconda3/envs/rsmc-env/lib/python3.11/site-packages/cftime/_strptime.py first seen with mtime 1761561614.0333223
File /home/haron/miniconda3/envs/rsmc-env/lib/python3.11/site-packages/pandas/_libs/window/indexers.cpython-311-x86_64-linux-gnu.so first seen with mtime 1771408984.0
File /home/haron/miniconda3/envs/rsmc-env/lib/python3.11/platform.py first seen with mtime 1761072196.7123423
File /home/haron/miniconda3/envs/rsmc-env/lib/python3.11/site-packages/scipy/sparse/_coo.py first seen with mtime 1771171138.9704673
File /home/haron/miniconda3/envs/rsmc-env/lib/python3.11/site-packages/scipy/io/_harwell_boeing/_fortran_format_parser.py first seen with mtime 1771171138.6489584
File /home/haron/miniconda3/envs/rsmc-env/lib/python3.11/site-packages/pandas/core/ops/dispatch.py first seen with mtime 1771408984.0
File /home/haron/miniconda3/envs/rsmc-env/lib/python3.11/site-packages/simplejson/scanner.py first seen with mtime 1771147020.9033728
File /home/haron/miniconda3/envs/rsmc-env/lib/python3.11/site-packages/numpy/rec/__init__.py first seen with mtime 1772616992.8635492
File /home/haron/miniconda3/envs/rsmc-env/lib/python3.11/site-packages/pandas/core/arrays/datetimes.py first seen with mtime 1771408984.0
File /home/haron/miniconda3/envs/rsmc-env/lib/python3.11/site-packages/psycopg2/_range.py first seen with mtime 1770910607.4905238
File /home/haron/miniconda3/envs/rsmc-env/lib/python3.11/site-packages/django/utils/translation/trans_real.py first seen with mtime 1768985465.6248271
File /home/haron/miniconda3/envs/rsmc-env/lib/python3.11/site-packages/pandas/core/array_algos/transforms.py first seen with mtime 1771408984.0
File /home/haron/miniconda3/envs/rsmc-env/lib/python3.11/urllib/response.py first seen with mtime 1761072198.3163452
File /home/haron/miniconda3/envs/rsmc-env/lib/python3.11/site-packages/pandas/core/missing.py first seen with mtime 1771408984.0
File /home/haron/kmd/kmd_web/web_service/user_accounts/admin.py first seen with mtime 1772736010.4522908
File /home/haron/kmd/kmd_web/web_service/national_met_services/__init__.py first seen with mtime 1770369188.8146477
File /home/haron/miniconda3/envs/rsmc-env/lib/python3.11/site-packages/urllib3/util/request.py first seen with mtime 1771147020.731371
File /home/haron/miniconda3/envs/rsmc-env/lib/python3.11/site-packages/django/core/handlers/base.py first seen with mtime 1768985465.5008898
File /home/haron/miniconda3/envs/rsmc-env/lib/python3.11/site-packages/charset_normalizer/utils.py first seen with mtime 1771147021.671381
File /home/haron/miniconda3/envs/rsmc-env/lib/python3.11/site-packages/numpy/_core/_internal.py first seen with mtime 1772616992.4522812
File /home/haron/miniconda3/envs/rsmc-env/lib/python3.11/urllib/parse.py first seen with mtime 1761072198.3113453
File /home/haron/miniconda3/envs/rsmc-env/lib/python3.11/site-packages/numpy/_typing/_shape.py first seen with mtime 1772616992.6151597
File /home/haron/miniconda3/envs/rsmc-env/lib/python3.11/site-packages/scipy/sparse/_matrix_io.py first seen with mtime 1771171138.9744864
File /home/haron/miniconda3/envs/rsmc-env/lib/python3.11/site-packages/rest_framework/decorators.py first seen with mtime 1768985470.6957738
File /home/haron/miniconda3/envs/rsmc-env/lib/python3.11/site-packages/matplotlib/tri/_triplot.py first seen with mtime 1772617000.7206688
File /home/haron/miniconda3/envs/rsmc-env/lib/python3.11/site-packages/numpy/lib/_npyio_impl.py first seen with mtime 1772616992.7658222
File /home/haron/miniconda3/envs/rsmc-env/lib/python3.11/site-packages/pandas/core/indexes/base.py first seen with mtime 1771408984.0
File /home/haron/miniconda3/envs/rsmc-env/lib/python3.11/site-packages/xarray/backends/store.py first seen with mtime 1769665430.0
File /home/haron/miniconda3/envs/rsmc-env/lib/python3.11/site-packages/pandas/_libs/tslibs/np_datetime.cpython-311-x86_64-linux-gnu.so first seen with mtime 1771408984.0
File /home/haron/miniconda3/envs/rsmc-env/lib/python3.11/site-packages/pandas/core/indexing.py first seen with mtime 1771408984.0
File /home/haron/miniconda3/envs/rsmc-env/lib/python3.11/site-packages/urllib3/util/timeout.py first seen with mtime 1771147020.7353709
File /home/haron/miniconda3/envs/rsmc-env/lib/python3.11/site-packages/django/contrib/postgres/utils.py first seen with mtime 1768985464.990117
File /home/haron/miniconda3/envs/rsmc-env/lib/python3.11/asyncio/mixins.py first seen with mtime 1761072196.9133427
File /home/haron/miniconda3/envs/rsmc-env/lib/python3.11/site-packages/numpy/_core/shape_base.py first seen with mtime 1772616992.5540802
File /home/haron/miniconda3/envs/rsmc-env/lib/python3.11/site-packages/pandas/core/ops/invalid.py first seen with mtime 1771408984.0
File /home/haron/miniconda3/envs/rsmc-env/lib/python3.11/site-packages/sqlparse/exceptions.py first seen with mtime 1768985463.5028677
File /home/haron/miniconda3/envs/rsmc-env/lib/python3.11/site-packages/xarray/coding/common.py first seen with mtime 1769665430.0
File /home/haron/miniconda3/envs/rsmc-env/lib/python3.11/site-packages/django/contrib/admin/decorators.py first seen with mtime 1768985463.8596573
File /home/haron/miniconda3/envs/rsmc-env/lib/python3.11/site-packages/django/views/decorators/csrf.py first seen with mtime 1768985465.628583
File /home/haron/miniconda3/envs/rsmc-env/lib/python3.11/site-packages/django/utils/cache.py first seen with mtime 1768985465.6173158
File /home/haron/miniconda3/envs/rsmc-env/lib/python3.11/site-packages/numpy/ctypeslib/_ctypeslib.py first seen with mtime 1772616992.6192317
File /home/haron/miniconda3/envs/rsmc-env/lib/python3.11/hmac.py first seen with mtime 1761072196.639342
File /home/haron/miniconda3/envs/rsmc-env/lib/python3.11/site-packages/django/db/backends/base/operations.py first seen with mtime 1768985465.5346909
File /home/haron/miniconda3/envs/rsmc-env/lib/python3.11/site-packages/scipy/sparse/_matrix.py first seen with mtime 1771171138.9744864
File /home/haron/miniconda3/envs/rsmc-env/lib/python3.11/site-packages/django/contrib/contenttypes/forms.py first seen with mtime 1768985464.3967197
File /home/haron/miniconda3/envs/rsmc-env/lib/python3.11/site-packages/mpl_toolkits/mplot3d/axes3d.py first seen with mtime 1772617000.7329366
File /home/haron/miniconda3/envs/rsmc-env/lib/python3.11/site-packages/django/utils/safestring.py first seen with mtime 1768985465.6248271
File /home/haron/miniconda3/envs/rsmc-env/lib/python3.11/site-packages/amqp/sasl.py first seen with mtime 1771428721.581153
File /home/haron/miniconda3/envs/rsmc-env/lib/python3.11/site-packages/pandas/io/json/_json.py first seen with mtime 1771408984.0
File /home/haron/miniconda3/envs/rsmc-env/lib/python3.11/site-packages/shapely/geometry/base.py first seen with mtime 1772616997.6987362
File /home/haron/miniconda3/envs/rsmc-env/lib/python3.11/site-packages/numpy/lib/introspect.py first seen with mtime 1772616992.7780383
File /home/haron/miniconda3/envs/rsmc-env/lib/python3.11/site-packages/urllib3/util/wait.py first seen with mtime 1771147020.7353709
File /home/haron/miniconda3/envs/rsmc-env/lib/python3.11/site-packages/matplotlib/_blocking_input.py first seen with mtime 1772617000.4303343
File /home/haron/miniconda3/envs/rsmc-env/lib/python3.11/site-packages/scipy/io/matlab/mio4.py first seen with mtime 1771171138.6650338
File /home/haron/miniconda3/envs/rsmc-env/lib/python3.11/site-packages/rest_framework/utils/representation.py first seen with mtime 1768985470.8309784
File /home/haron/miniconda3/envs/rsmc-env/lib/python3.11/site-packages/numpy/ctypeslib/__init__.py first seen with mtime 1772616992.6192317
File /home/haron/miniconda3/envs/rsmc-env/lib/python3.11/site-packages/django/template/engine.py first seen with mtime 1768985465.6060488
File /home/haron/miniconda3/envs/rsmc-env/lib/python3.11/site-packages/xarray/plot/dataset_plot.py first seen with mtime 1769665430.0
File /home/haron/miniconda3/envs/rsmc-env/lib/python3.11/site-packages/click/exceptions.py first seen with mtime 1764518652.0
File /home/haron/miniconda3/envs/rsmc-env/lib/python3.11/site-packages/matplotlib/mathtext.py first seen with mtime 1772617000.499851
File /home/haron/miniconda3/envs/rsmc-env/lib/python3.11/site-packages/xarray/backends/plugins.py first seen with mtime 1769665430.0
File /home/haron/miniconda3/envs/rsmc-env/lib/python3.11/site-packages/pandas/core/ops/__init__.py first seen with mtime 1771408984.0
File /home/haron/miniconda3/envs/rsmc-env/lib/python3.11/site-packages/pandas/_config/localization.py first seen with mtime 1771408984.0
File /home/haron/miniconda3/envs/rsmc-env/lib/python3.11/site-packages/numpy/_core/arrayprint.py first seen with mtime 1772616992.5418644
File /home/haron/miniconda3/envs/rsmc-env/lib/python3.11/ast.py first seen with mtime 1761072196.525342
File /home/haron/miniconda3/envs/rsmc-env/lib/python3.11/site-packages/numpy/_core/_ufunc_config.py first seen with mtime 1772616992.5418644
File /home/haron/miniconda3/envs/rsmc-env/lib/python3.11/site-packages/numpy/_typing/_nbit.py first seen with mtime 1772616992.6151597
File /home/haron/miniconda3/envs/rsmc-env/lib/python3.11/site-packages/pandas/core/computation/align.py first seen with mtime 1771408984.0
File /home/haron/miniconda3/envs/rsmc-env/lib/python3.11/site-packages/django/template/__init__.py first seen with mtime 1768985465.602293
File /home/haron/kmd/kmd_web/web_service/nwp_models/admin.py first seen with mtime 1772019912.590855
File /home/haron/miniconda3/envs/rsmc-env/lib/python3.11/site-packages/django/http/__init__.py first seen with mtime 1768985465.5985374
File /home/haron/miniconda3/envs/rsmc-env/lib/python3.11/multiprocessing/__init__.py first seen with mtime 1761072198.0793447
File /home/haron/miniconda3/envs/rsmc-env/lib/python3.11/site-packages/pandas/io/parsers/readers.py first seen with mtime 1771408984.0
File /home/haron/miniconda3/envs/rsmc-env/lib/python3.11/site-packages/requests/__version__.py first seen with mtime 1771147021.8433826
File /home/haron/miniconda3/envs/rsmc-env/lib/python3.11/site-packages/matplotlib/axes/_axes.py first seen with mtime 1772617000.520297
File /home/haron/miniconda3/envs/rsmc-env/lib/python3.11/site-packages/django/contrib/messages/api.py first seen with mtime 1768985464.982606
File /home/haron/miniconda3/envs/rsmc-env/lib/python3.11/site-packages/pyproj/crs/crs.py first seen with mtime 1772616999.1994796
File /home/haron/miniconda3/envs/rsmc-env/lib/python3.11/site-packages/scipy/_lib/array_api_extra/_lib/_at.py first seen with mtime 1771171138.516336
File /home/haron/miniconda3/envs/rsmc-env/lib/python3.11/site-packages/celery/utils/dispatch/signal.py first seen with mtime 1771428721.9258196
File /home/haron/miniconda3/envs/rsmc-env/lib/python3.11/site-packages/numpy/_core/_methods.py first seen with mtime 1772616992.4563532
File /home/haron/miniconda3/envs/rsmc-env/lib/python3.11/site-packages/numpy/lib/_polynomial_impl.py first seen with mtime 1772616992.7698941
File /home/haron/miniconda3/envs/rsmc-env/lib/python3.11/site-packages/kiwisolver/exceptions.py first seen with mtime 1772616995.768625
File /home/haron/miniconda3/envs/rsmc-env/lib/python3.11/site-packages/pandas/core/resample.py first seen with mtime 1771408984.0
File /home/haron/miniconda3/envs/rsmc-env/lib/python3.11/site-packages/matplotlib/style/core.py first seen with mtime 1772617000.683866
File /home/haron/miniconda3/envs/rsmc-env/lib/python3.11/site-packages/numpy/lib/_array_utils_impl.py first seen with mtime 1772616992.7536063
File /home/haron/miniconda3/envs/rsmc-env/lib/python3.11/site-packages/PIL/ImagePalette.py first seen with mtime 1772616991.6948965
File /home/haron/miniconda3/envs/rsmc-env/lib/python3.11/site-packages/scipy/_lib/array_api_compat/numpy/linalg.py first seen with mtime 1771171138.5123172
File /home/haron/miniconda3/envs/rsmc-env/lib/python3.11/site-packages/django/urls/__init__.py first seen with mtime 1768985465.6135602
File /home/haron/miniconda3/envs/rsmc-env/lib/python3.11/site-packages/scipy/_lib/array_api_compat/common/_typing.py first seen with mtime 1771171138.5042794
File /home/haron/miniconda3/envs/rsmc-env/lib/python3.11/site-packages/rest_framework/fields.py first seen with mtime 1768985470.6957738
File /home/haron/miniconda3/envs/rsmc-env/lib/python3.11/site-packages/kombu/common.py first seen with mtime 1771428721.636153
File /home/haron/miniconda3/envs/rsmc-env/lib/python3.11/site-packages/pandas/core/groupby/categorical.py first seen with mtime 1771408984.0
File /home/haron/miniconda3/envs/rsmc-env/lib/python3.11/types.py first seen with mtime 1761072196.8493426
File /home/haron/miniconda3/envs/rsmc-env/lib/python3.11/site-packages/matplotlib/_fontconfig_pattern.py first seen with mtime 1772617000.442602
File /home/haron/miniconda3/envs/rsmc-env/lib/python3.11/site-packages/pandas/api/indexers/__init__.py first seen with mtime 1771408984.0
File /home/haron/miniconda3/envs/rsmc-env/lib/python3.11/concurrent/futures/_base.py first seen with mtime 1761072196.9693427
File /home/haron/miniconda3/envs/rsmc-env/lib/python3.11/site-packages/pandas/core/window/online.py first seen with mtime 1771408984.0
File /home/haron/kmd/kmd_web/web_service/news/apps.py first seen with mtime 1772532351.520896
File /home/haron/miniconda3/envs/rsmc-env/lib/python3.11/importlib/metadata/_collections.py first seen with mtime 1761072197.8533444
File /home/haron/miniconda3/envs/rsmc-env/lib/python3.11/site-packages/scipy/io/_harwell_boeing/__init__.py first seen with mtime 1771171138.6489584
File /home/haron/miniconda3/envs/rsmc-env/lib/python3.11/site-packages/rest_framework/utils/urls.py first seen with mtime 1768985470.8309784
File /home/haron/miniconda3/envs/rsmc-env/lib/python3.11/site-packages/matplotlib/streamplot.py first seen with mtime 1772617000.5080295
File /home/haron/miniconda3/envs/rsmc-env/lib/python3.11/site-packages/pandas/core/util/__init__.py first seen with mtime 1771408984.0
File /home/haron/miniconda3/envs/rsmc-env/lib/python3.11/site-packages/pandas/_libs/tslibs/dtypes.cpython-311-x86_64-linux-gnu.so first seen with mtime 1771408984.0
File /home/haron/miniconda3/envs/rsmc-env/lib/python3.11/site-packages/django/utils/autoreload.py first seen with mtime 1768985465.6173158
File /home/haron/kmd/kmd_web/web_service/pages/__init__.py first seen with mtime 1770775411.8335738
File /home/haron/miniconda3/envs/rsmc-env/lib/python3.11/site-packages/pandas/core/window/__init__.py first seen with mtime 1771408984.0
File /home/haron/miniconda3/envs/rsmc-env/lib/python3.11/site-packages/pandas/io/spss.py first seen with mtime 1771408984.0
File /home/haron/miniconda3/envs/rsmc-env/lib/python3.11/site-packages/rest_framework/templatetags/rest_framework.py first seen with mtime 1768985470.8272228
File /home/haron/miniconda3/envs/rsmc-env/lib/python3.11/site-packages/corsheaders/defaults.py first seen with mtime 1768985471.37296
File /home/haron/miniconda3/envs/rsmc-env/lib/python3.11/site-packages/numexpr/version.py first seen with mtime 1771147021.2713766
File /home/haron/miniconda3/envs/rsmc-env/lib/python3.11/site-packages/pandas/core/computation/eval.py first seen with mtime 1771408984.0
File /home/haron/miniconda3/envs/rsmc-env/lib/python3.11/email/iterators.py first seen with mtime 1761072197.198343
File /home/haron/miniconda3/envs/rsmc-env/lib/python3.11/asyncio/runners.py first seen with mtime 1761072196.9223425
File /home/haron/miniconda3/envs/rsmc-env/lib/python3.11/site-packages/django/forms/utils.py first seen with mtime 1768985465.568492
File /home/haron/miniconda3/envs/rsmc-env/lib/python3.11/site-packages/django/utils/translation/reloader.py first seen with mtime 1768985465.6248271
File /home/haron/miniconda3/envs/rsmc-env/lib/python3.11/site-packages/xarray/plot/facetgrid.py first seen with mtime 1769665430.0
File /home/haron/miniconda3/envs/rsmc-env/lib/python3.11/site-packages/click/decorators.py first seen with mtime 1764518652.0
File /home/haron/miniconda3/envs/rsmc-env/lib/python3.11/site-packages/matplotlib/tri/_tricontour.py first seen with mtime 1772617000.7206688
File /home/haron/miniconda3/envs/rsmc-env/lib/python3.11/site-packages/numpy/lib/npyio.py first seen with mtime 1772616992.7780383
File /home/haron/miniconda3/envs/rsmc-env/lib/python3.11/site-packages/sqlparse/tokens.py first seen with mtime 1768985463.5066235
File /home/haron/miniconda3/envs/rsmc-env/lib/python3.11/site-packages/numpy/polynomial/laguerre.py first seen with mtime 1772616992.8187578
File /home/haron/miniconda3/envs/rsmc-env/lib/python3.11/site-packages/psycopg2/errors.py first seen with mtime 1770910607.4944327
File /home/haron/miniconda3/envs/rsmc-env/lib/python3.11/site-packages/numpy/_core/__init__.py first seen with mtime 1772616992.4482093
File /home/haron/miniconda3/envs/rsmc-env/lib/python3.11/site-packages/matplotlib/ft2font.cpython-311-x86_64-linux-gnu.so first seen with mtime 1772617000.4916725
File /home/haron/miniconda3/envs/rsmc-env/lib/python3.11/site-packages/scipy/_lib/array_api_compat/numpy/_aliases.py first seen with mtime 1771171138.5082982
File /home/haron/miniconda3/envs/rsmc-env/lib/python3.11/site-packages/idna/intranges.py first seen with mtime 1771147021.3713777
File /home/haron/miniconda3/envs/rsmc-env/lib/python3.11/site-packages/scipy/sparse/_index.py first seen with mtime 1771171138.9744864
File /home/haron/miniconda3/envs/rsmc-env/lib/python3.11/site-packages/pyproj/_network.cpython-311-x86_64-linux-gnu.so first seen with mtime 1772616999.170855
File /home/haron/miniconda3/envs/rsmc-env/lib/python3.11/site-packages/xarray/backends/zarr.py first seen with mtime 1769665430.0
File /home/haron/miniconda3/envs/rsmc-env/lib/python3.11/site-packages/yaml/events.py first seen with mtime 1771170928.8931074
File /home/haron/miniconda3/envs/rsmc-env/lib/python3.11/site-packages/django/contrib/sessions/middleware.py first seen with mtime 1768985465.2229693
File /home/haron/miniconda3/envs/rsmc-env/lib/python3.11/site-packages/dateutil/parser/_parser.py first seen with mtime 1772616998.4756877
File /home/haron/miniconda3/envs/rsmc-env/lib/python3.11/bdb.py first seen with mtime 1761072196.5343418
File /home/haron/miniconda3/envs/rsmc-env/lib/python3.11/site-packages/scipy/sparse/_bsr.py first seen with mtime 1771171138.9664485
File /home/haron/miniconda3/envs/rsmc-env/lib/python3.11/pickle.py first seen with mtime 1761072196.7033422
File /home/haron/miniconda3/envs/rsmc-env/lib/python3.11/site-packages/pandas/core/reshape/tile.py first seen with mtime 1771408984.0
File /home/haron/miniconda3/envs/rsmc-env/lib/python3.11/site-packages/django/contrib/auth/checks.py first seen with mtime 1768985464.2540038
File /home/haron/miniconda3/envs/rsmc-env/lib/python3.11/site-packages/psycopg2/extras.py first seen with mtime 1770910607.4944327
File /home/haron/miniconda3/envs/rsmc-env/lib/python3.11/codeop.py first seen with mtime 1761072196.561342
File /home/haron/miniconda3/envs/rsmc-env/lib/python3.11/site-packages/yaml/representer.py first seen with mtime 1771170928.8931074
File /home/haron/miniconda3/envs/rsmc-env/lib/python3.11/site-packages/rest_framework/schemas/__init__.py first seen with mtime 1768985470.7821546
File /home/haron/kmd/kmd_web/web_service/users/apps.py first seen with mtime 1770369246.6366746
File /home/haron/miniconda3/envs/rsmc-env/lib/python3.11/lib-dynload/_bz2.cpython-311-x86_64-linux-gnu.so first seen with mtime 1761072208.1313639
File /home/haron/miniconda3/envs/rsmc-env/lib/python3.11/site-packages/numpy/random/bit_generator.cpython-311-x86_64-linux-gnu.so first seen with mtime 1772616992.8431895
File /home/haron/miniconda3/envs/rsmc-env/lib/python3.11/site-packages/pandas/core/dtypes/base.py first seen with mtime 1771408984.0
File /home/haron/miniconda3/envs/rsmc-env/lib/python3.11/site-packages/django/core/paginator.py first seen with mtime 1768985465.485867
File /home/haron/miniconda3/envs/rsmc-env/lib/python3.11/site-packages/charset_normalizer/constant.py first seen with mtime 1771147021.667381
File /home/haron/miniconda3/envs/rsmc-env/lib/python3.11/site-packages/django/contrib/messages/constants.py first seen with mtime 1768985464.982606
File /home/haron/miniconda3/envs/rsmc-env/lib/python3.11/site-packages/django/db/models/sql/subqueries.py first seen with mtime 1768985465.5647364
File /home/haron/miniconda3/envs/rsmc-env/lib/python3.11/site-packages/scipy/sparse/sputils.py first seen with mtime 1771171139.0106587
File /home/haron/kmd/kmd_web/web_service/user_accounts/__init__.py first seen with mtime 1772532351.7888913
File /home/haron/miniconda3/envs/rsmc-env/lib/python3.11/site-packages/django/views/defaults.py first seen with mtime 1768985465.628583
File /home/haron/miniconda3/envs/rsmc-env/lib/python3.11/site-packages/kombu/compression.py first seen with mtime 1771428721.636153
File /home/haron/miniconda3/envs/rsmc-env/lib/python3.11/site-packages/xarray/namedarray/daskmanager.py first seen with mtime 1769665430.0
File /home/haron/miniconda3/envs/rsmc-env/lib/python3.11/site-packages/scipy/sparse/construct.py first seen with mtime 1771171139.0106587
File /home/haron/miniconda3/envs/rsmc-env/lib/python3.11/site-packages/django/contrib/admin/views/decorators.py first seen with mtime 1768985464.1187994
File /home/haron/miniconda3/envs/rsmc-env/lib/python3.11/email/mime/__init__.py first seen with mtime 1761072197.2153432
File /home/haron/miniconda3/envs/rsmc-env/lib/python3.11/site-packages/pandas/core/_numba/__init__.py first seen with mtime 1771408984.0
File /home/haron/miniconda3/envs/rsmc-env/lib/python3.11/site-packages/pandas/core/arrays/floating.py first seen with mtime 1771408984.0
File /home/haron/miniconda3/envs/rsmc-env/lib/python3.11/site-packages/django/template/autoreload.py first seen with mtime 1768985465.602293
File /home/haron/miniconda3/envs/rsmc-env/lib/python3.11/site-packages/django/db/models/functions/json.py first seen with mtime 1768985465.5609806
File /home/haron/miniconda3/envs/rsmc-env/lib/python3.11/site-packages/numpy/_core/printoptions.py first seen with mtime 1772616992.5500083
File /home/haron/miniconda3/envs/rsmc-env/lib/python3.11/site-packages/numpy/polynomial/chebyshev.py first seen with mtime 1772616992.8187578
File /home/haron/miniconda3/envs/rsmc-env/lib/python3.11/site-packages/pandas/api/typing/__init__.py first seen with mtime 1771408984.0
File /home/haron/miniconda3/envs/rsmc-env/lib/python3.11/site-packages/django/core/servers/basehttp.py first seen with mtime 1768985465.5234237
File /home/haron/miniconda3/envs/rsmc-env/lib/python3.11/encodings/idna.py first seen with mtime 1761072197.3813436
File /home/haron/kmd/kmd_web/web_service/rsmc_config/config/celery.py first seen with mtime 1774589043.1422849
File /home/haron/miniconda3/envs/rsmc-env/lib/python3.11/site-packages/vine/funtools.py first seen with mtime 1771428720.8478198
File /home/haron/miniconda3/envs/rsmc-env/lib/python3.11/site-packages/psycopg2/__init__.py first seen with mtime 1770910607.486615
File /home/haron/miniconda3/envs/rsmc-env/lib/python3.11/site-packages/scipy/io/wavfile.py first seen with mtime 1771171138.632883
File /home/haron/miniconda3/envs/rsmc-env/lib/python3.11/site-packages/pandas/__init__.py first seen with mtime 1771408984.0
File /home/haron/miniconda3/envs/rsmc-env/lib/python3.11/site-packages/scipy/_lib/__init__.py first seen with mtime 1771171138.4922228
File /home/haron/miniconda3/envs/rsmc-env/lib/python3.11/site-packages/amqp/spec.py first seen with mtime 1771428721.581153
File /home/haron/miniconda3/envs/rsmc-env/lib/python3.11/site-packages/numpy/_core/_dtype_ctypes.py first seen with mtime 1772616992.4522812
File /home/haron/miniconda3/envs/rsmc-env/lib/python3.11/site-packages/corsheaders/apps.py first seen with mtime 1768985471.3690884
File /home/haron/miniconda3/envs/rsmc-env/lib/python3.11/site-packages/rest_framework/templates/rest_framework first seen with mtime 1768985470.8272228
File /home/haron/miniconda3/envs/rsmc-env/lib/python3.11/site-packages/rest_framework/templates/rest_framework/admin.html first seen with mtime 1768985470.8084443
File /home/haron/miniconda3/envs/rsmc-env/lib/python3.11/site-packages/rest_framework/templates/rest_framework/login_base.html first seen with mtime 1768985470.8084443
File /home/haron/miniconda3/envs/rsmc-env/lib/python3.11/site-packages/rest_framework/templates/rest_framework/pagination first seen with mtime 1768985470.8197114
File /home/haron/miniconda3/envs/rsmc-env/lib/python3.11/site-packages/rest_framework/templates/rest_framework/api.html first seen with mtime 1768985470.8084443
File /home/haron/miniconda3/envs/rsmc-env/lib/python3.11/site-packages/rest_framework/templates/rest_framework/schema.js first seen with mtime 1768985470.8122
File /home/haron/miniconda3/envs/rsmc-env/lib/python3.11/site-packages/rest_framework/templates/rest_framework/login.html first seen with mtime 1768985470.8084443
File /home/haron/miniconda3/envs/rsmc-env/lib/python3.11/site-packages/rest_framework/templates/rest_framework/filters first seen with mtime 1768985470.8159556
File /home/haron/miniconda3/envs/rsmc-env/lib/python3.11/site-packages/rest_framework/templates/rest_framework/horizontal first seen with mtime 1768985470.8197114
File /home/haron/miniconda3/envs/rsmc-env/lib/python3.11/site-packages/rest_framework/templates/rest_framework/docs first seen with mtime 1768985470.8159556
File /home/haron/miniconda3/envs/rsmc-env/lib/python3.11/site-packages/rest_framework/templates/rest_framework/inline first seen with mtime 1768985470.8197114
File /home/haron/miniconda3/envs/rsmc-env/lib/python3.11/site-packages/rest_framework/templates/rest_framework/base.html first seen with mtime 1768985470.8084443
File /home/haron/miniconda3/envs/rsmc-env/lib/python3.11/site-packages/rest_framework/templates/rest_framework/raw_data_form.html first seen with mtime 1768985470.8084443
File /home/haron/miniconda3/envs/rsmc-env/lib/python3.11/site-packages/rest_framework/templates/rest_framework/admin first seen with mtime 1768985470.8122
File /home/haron/miniconda3/envs/rsmc-env/lib/python3.11/site-packages/rest_framework/templates/rest_framework/vertical first seen with mtime 1768985470.8272228
File /home/haron/miniconda3/envs/rsmc-env/lib/python3.11/site-packages/rest_framework/templates/rest_framework/pagination/numbers.html first seen with mtime 1768985470.8197114
File /home/haron/miniconda3/envs/rsmc-env/lib/python3.11/site-packages/rest_framework/templates/rest_framework/pagination/previous_and_next.html first seen with mtime 1768985470.8272228
File /home/haron/miniconda3/envs/rsmc-env/lib/python3.11/site-packages/rest_framework/templates/rest_framework/filters/search.html first seen with mtime 1768985470.8159556
File /home/haron/miniconda3/envs/rsmc-env/lib/python3.11/site-packages/rest_framework/templates/rest_framework/filters/ordering.html first seen with mtime 1768985470.8159556
File /home/haron/miniconda3/envs/rsmc-env/lib/python3.11/site-packages/rest_framework/templates/rest_framework/filters/base.html first seen with mtime 1768985470.8159556
File /home/haron/miniconda3/envs/rsmc-env/lib/python3.11/site-packages/rest_framework/templates/rest_framework/horizontal/textarea.html first seen with mtime 1768985470.8197114
File /home/haron/miniconda3/envs/rsmc-env/lib/python3.11/site-packages/rest_framework/templates/rest_framework/horizontal/radio.html first seen with mtime 1768985470.8197114
File /home/haron/miniconda3/envs/rsmc-env/lib/python3.11/site-packages/rest_framework/templates/rest_framework/horizontal/dict_field.html first seen with mtime 1768985470.8159556
File /home/haron/miniconda3/envs/rsmc-env/lib/python3.11/site-packages/rest_framework/templates/rest_framework/horizontal/select.html first seen with mtime 1768985470.8197114
File /home/haron/miniconda3/envs/rsmc-env/lib/python3.11/site-packages/rest_framework/templates/rest_framework/horizontal/checkbox_multiple.html first seen with mtime 1768985470.8159556
File /home/haron/miniconda3/envs/rsmc-env/lib/python3.11/site-packages/rest_framework/templates/rest_framework/horizontal/list_fieldset.html first seen with mtime 1768985470.8159556
File /home/haron/miniconda3/envs/rsmc-env/lib/python3.11/site-packages/rest_framework/templates/rest_framework/horizontal/fieldset.html first seen with mtime 1768985470.8159556
File /home/haron/miniconda3/envs/rsmc-env/lib/python3.11/site-packages/rest_framework/templates/rest_framework/horizontal/input.html first seen with mtime 1768985470.8159556
File /home/haron/miniconda3/envs/rsmc-env/lib/python3.11/site-packages/rest_framework/templates/rest_framework/horizontal/select_multiple.html first seen with mtime 1768985470.8197114
File /home/haron/miniconda3/envs/rsmc-env/lib/python3.11/site-packages/rest_framework/templates/rest_framework/horizontal/form.html first seen with mtime 1768985470.8159556
File /home/haron/miniconda3/envs/rsmc-env/lib/python3.11/site-packages/rest_framework/templates/rest_framework/horizontal/checkbox.html first seen with mtime 1768985470.8159556
File /home/haron/miniconda3/envs/rsmc-env/lib/python3.11/site-packages/rest_framework/templates/rest_framework/horizontal/list_field.html first seen with mtime 1768985470.8159556
File /home/haron/miniconda3/envs/rsmc-env/lib/python3.11/site-packages/rest_framework/templates/rest_framework/docs/document.html first seen with mtime 1768985470.8122
File /home/haron/miniconda3/envs/rsmc-env/lib/python3.11/site-packages/rest_framework/templates/rest_framework/docs/langs first seen with mtime 1768985470.8159556
File /home/haron/miniconda3/envs/rsmc-env/lib/python3.11/site-packages/rest_framework/templates/rest_framework/docs/auth first seen with mtime 1768985470.8122
File /home/haron/miniconda3/envs/rsmc-env/lib/python3.11/site-packages/rest_framework/templates/rest_framework/docs/interact.html first seen with mtime 1768985470.8122
File /home/haron/miniconda3/envs/rsmc-env/lib/python3.11/site-packages/rest_framework/templates/rest_framework/docs/sidebar.html first seen with mtime 1768985470.8122
File /home/haron/miniconda3/envs/rsmc-env/lib/python3.11/site-packages/rest_framework/templates/rest_framework/docs/link.html first seen with mtime 1768985470.8122
File /home/haron/miniconda3/envs/rsmc-env/lib/python3.11/site-packages/rest_framework/templates/rest_framework/docs/error.html first seen with mtime 1768985470.8122
File /home/haron/miniconda3/envs/rsmc-env/lib/python3.11/site-packages/rest_framework/templates/rest_framework/docs/index.html first seen with mtime 1768985470.8122
File /home/haron/miniconda3/envs/rsmc-env/lib/python3.11/site-packages/rest_framework/templates/rest_framework/docs/langs/javascript.html first seen with mtime 1768985470.8159556
File /home/haron/miniconda3/envs/rsmc-env/lib/python3.11/site-packages/rest_framework/templates/rest_framework/docs/langs/python.html first seen with mtime 1768985470.8159556
File /home/haron/miniconda3/envs/rsmc-env/lib/python3.11/site-packages/rest_framework/templates/rest_framework/docs/langs/python-intro.html first seen with mtime 1768985470.8159556
File /home/haron/miniconda3/envs/rsmc-env/lib/python3.11/site-packages/rest_framework/templates/rest_framework/docs/langs/javascript-intro.html first seen with mtime 1768985470.8159556
File /home/haron/miniconda3/envs/rsmc-env/lib/python3.11/site-packages/rest_framework/templates/rest_framework/docs/langs/shell.html first seen with mtime 1768985470.8159556
File /home/haron/miniconda3/envs/rsmc-env/lib/python3.11/site-packages/rest_framework/templates/rest_framework/docs/langs/shell-intro.html first seen with mtime 1768985470.8159556
File /home/haron/miniconda3/envs/rsmc-env/lib/python3.11/site-packages/rest_framework/templates/rest_framework/docs/auth/basic.html first seen with mtime 1768985470.8122
File /home/haron/miniconda3/envs/rsmc-env/lib/python3.11/site-packages/rest_framework/templates/rest_framework/docs/auth/session.html first seen with mtime 1768985470.8122
File /home/haron/miniconda3/envs/rsmc-env/lib/python3.11/site-packages/rest_framework/templates/rest_framework/docs/auth/token.html first seen with mtime 1768985470.8122
File /home/haron/miniconda3/envs/rsmc-env/lib/python3.11/site-packages/rest_framework/templates/rest_framework/inline/textarea.html first seen with mtime 1768985470.8197114
File /home/haron/miniconda3/envs/rsmc-env/lib/python3.11/site-packages/rest_framework/templates/rest_framework/inline/radio.html first seen with mtime 1768985470.8197114
File /home/haron/miniconda3/envs/rsmc-env/lib/python3.11/site-packages/rest_framework/templates/rest_framework/inline/dict_field.html first seen with mtime 1768985470.8197114
File /home/haron/miniconda3/envs/rsmc-env/lib/python3.11/site-packages/rest_framework/templates/rest_framework/inline/select.html first seen with mtime 1768985470.8197114
File /home/haron/miniconda3/envs/rsmc-env/lib/python3.11/site-packages/rest_framework/templates/rest_framework/inline/checkbox_multiple.html first seen with mtime 1768985470.8197114
File /home/haron/miniconda3/envs/rsmc-env/lib/python3.11/site-packages/rest_framework/templates/rest_framework/inline/list_fieldset.html first seen with mtime 1768985470.8197114
File /home/haron/miniconda3/envs/rsmc-env/lib/python3.11/site-packages/rest_framework/templates/rest_framework/inline/fieldset.html first seen with mtime 1768985470.8197114
File /home/haron/miniconda3/envs/rsmc-env/lib/python3.11/site-packages/rest_framework/templates/rest_framework/inline/input.html first seen with mtime 1768985470.8197114
File /home/haron/miniconda3/envs/rsmc-env/lib/python3.11/site-packages/rest_framework/templates/rest_framework/inline/select_multiple.html first seen with mtime 1768985470.8197114
File /home/haron/miniconda3/envs/rsmc-env/lib/python3.11/site-packages/rest_framework/templates/rest_framework/inline/form.html first seen with mtime 1768985470.8197114
File /home/haron/miniconda3/envs/rsmc-env/lib/python3.11/site-packages/rest_framework/templates/rest_framework/inline/checkbox.html first seen with mtime 1768985470.8197114
File /home/haron/miniconda3/envs/rsmc-env/lib/python3.11/site-packages/rest_framework/templates/rest_framework/inline/list_field.html first seen with mtime 1768985470.8197114
File /home/haron/miniconda3/envs/rsmc-env/lib/python3.11/site-packages/rest_framework/templates/rest_framework/admin/dict_value.html first seen with mtime 1768985470.8122
File /home/haron/miniconda3/envs/rsmc-env/lib/python3.11/site-packages/rest_framework/templates/rest_framework/admin/list_value.html first seen with mtime 1768985470.8122
File /home/haron/miniconda3/envs/rsmc-env/lib/python3.11/site-packages/rest_framework/templates/rest_framework/admin/list.html first seen with mtime 1768985470.8122
File /home/haron/miniconda3/envs/rsmc-env/lib/python3.11/site-packages/rest_framework/templates/rest_framework/admin/detail.html first seen with mtime 1768985470.8122
File /home/haron/miniconda3/envs/rsmc-env/lib/python3.11/site-packages/rest_framework/templates/rest_framework/admin/simple_list_value.html first seen with mtime 1768985470.8122
File /home/haron/miniconda3/envs/rsmc-env/lib/python3.11/site-packages/rest_framework/templates/rest_framework/vertical/textarea.html first seen with mtime 1768985470.8272228
File /home/haron/miniconda3/envs/rsmc-env/lib/python3.11/site-packages/rest_framework/templates/rest_framework/vertical/radio.html first seen with mtime 1768985470.8272228
File /home/haron/miniconda3/envs/rsmc-env/lib/python3.11/site-packages/rest_framework/templates/rest_framework/vertical/dict_field.html first seen with mtime 1768985470.8272228
File /home/haron/miniconda3/envs/rsmc-env/lib/python3.11/site-packages/rest_framework/templates/rest_framework/vertical/select.html first seen with mtime 1768985470.8272228
File /home/haron/miniconda3/envs/rsmc-env/lib/python3.11/site-packages/rest_framework/templates/rest_framework/vertical/checkbox_multiple.html first seen with mtime 1768985470.8272228
File /home/haron/miniconda3/envs/rsmc-env/lib/python3.11/site-packages/rest_framework/templates/rest_framework/vertical/list_fieldset.html first seen with mtime 1768985470.8272228
File /home/haron/miniconda3/envs/rsmc-env/lib/python3.11/site-packages/rest_framework/templates/rest_framework/vertical/fieldset.html first seen with mtime 1768985470.8272228
File /home/haron/miniconda3/envs/rsmc-env/lib/python3.11/site-packages/rest_framework/templates/rest_framework/vertical/input.html first seen with mtime 1768985470.8272228
File /home/haron/miniconda3/envs/rsmc-env/lib/python3.11/site-packages/rest_framework/templates/rest_framework/vertical/select_multiple.html first seen with mtime 1768985470.8272228
File /home/haron/miniconda3/envs/rsmc-env/lib/python3.11/site-packages/rest_framework/templates/rest_framework/vertical/form.html first seen with mtime 1768985470.8272228
File /home/haron/miniconda3/envs/rsmc-env/lib/python3.11/site-packages/rest_framework/templates/rest_framework/vertical/checkbox.html first seen with mtime 1768985470.8272228
File /home/haron/miniconda3/envs/rsmc-env/lib/python3.11/site-packages/rest_framework/templates/rest_framework/vertical/list_field.html first seen with mtime 1768985470.8272228
File /home/haron/miniconda3/envs/rsmc-env/lib/python3.11/site-packages/rest_framework/locale/tr_TR/LC_MESSAGES/django.mo first seen with mtime 1768985470.7746432
File /home/haron/miniconda3/envs/rsmc-env/lib/python3.11/site-packages/rest_framework/locale/fi/LC_MESSAGES/django.mo first seen with mtime 1768985470.7333307
File /home/haron/miniconda3/envs/rsmc-env/lib/python3.11/site-packages/rest_framework/locale/tr/LC_MESSAGES/django.mo first seen with mtime 1768985470.7746432
File /home/haron/miniconda3/envs/rsmc-env/lib/python3.11/site-packages/rest_framework/locale/fr_CA/LC_MESSAGES/django.mo first seen with mtime 1768985470.7370863
File /home/haron/miniconda3/envs/rsmc-env/lib/python3.11/site-packages/rest_framework/locale/et/LC_MESSAGES/django.mo first seen with mtime 1768985470.7333307
File /home/haron/miniconda3/envs/rsmc-env/lib/python3.11/site-packages/rest_framework/locale/en_AU/LC_MESSAGES/django.mo first seen with mtime 1768985470.729575
File /home/haron/miniconda3/envs/rsmc-env/lib/python3.11/site-packages/rest_framework/locale/ach/LC_MESSAGES/django.mo first seen with mtime 1768985470.7107966
File /home/haron/miniconda3/envs/rsmc-env/lib/python3.11/site-packages/rest_framework/locale/uk/LC_MESSAGES/django.mo first seen with mtime 1768985470.7746432
File /home/haron/miniconda3/envs/rsmc-env/lib/python3.11/site-packages/rest_framework/locale/he_IL/LC_MESSAGES/django.mo first seen with mtime 1768985470.740842
File /home/haron/miniconda3/envs/rsmc-env/lib/python3.11/site-packages/rest_framework/locale/nb/LC_MESSAGES/django.mo first seen with mtime 1768985470.752109
File /home/haron/miniconda3/envs/rsmc-env/lib/python3.11/site-packages/rest_framework/locale/zh_Hans/LC_MESSAGES/django.mo first seen with mtime 1768985470.778399
File /home/haron/miniconda3/envs/rsmc-env/lib/python3.11/site-packages/rest_framework/locale/ko_KR/LC_MESSAGES/django.mo first seen with mtime 1768985470.7483535
File /home/haron/miniconda3/envs/rsmc-env/lib/python3.11/site-packages/rest_framework/locale/lv/LC_MESSAGES/django.mo first seen with mtime 1768985470.7483535
File /home/haron/miniconda3/envs/rsmc-env/lib/python3.11/site-packages/rest_framework/locale/hy/LC_MESSAGES/django.mo first seen with mtime 1768985470.7445977
File /home/haron/miniconda3/envs/rsmc-env/lib/python3.11/site-packages/rest_framework/locale/pt_BR/LC_MESSAGES/django.mo first seen with mtime 1768985470.7633762
File /home/haron/miniconda3/envs/rsmc-env/lib/python3.11/site-packages/rest_framework/locale/lt/LC_MESSAGES/django.mo first seen with mtime 1768985470.7483535
File /home/haron/miniconda3/envs/rsmc-env/lib/python3.11/site-packages/rest_framework/locale/ro/LC_MESSAGES/django.mo first seen with mtime 1768985470.7671318
File /home/haron/miniconda3/envs/rsmc-env/lib/python3.11/site-packages/rest_framework/locale/zh_TW/LC_MESSAGES/django.mo first seen with mtime 1768985470.7821546
File /home/haron/miniconda3/envs/rsmc-env/lib/python3.11/site-packages/rest_framework/locale/be/LC_MESSAGES/django.mo first seen with mtime 1768985470.7145524
File /home/haron/miniconda3/envs/rsmc-env/lib/python3.11/site-packages/rest_framework/locale/nl/LC_MESSAGES/django.mo first seen with mtime 1768985470.7558649
File /home/haron/miniconda3/envs/rsmc-env/lib/python3.11/site-packages/rest_framework/locale/de/LC_MESSAGES/django.mo first seen with mtime 1768985470.7258193
File /home/haron/miniconda3/envs/rsmc-env/lib/python3.11/site-packages/rest_framework/locale/fa_IR/LC_MESSAGES/django.mo first seen with mtime 1768985470.7333307
File /home/haron/miniconda3/envs/rsmc-env/lib/python3.11/site-packages/rest_framework/locale/bg/LC_MESSAGES/django.mo first seen with mtime 1768985470.7145524
File /home/haron/miniconda3/envs/rsmc-env/lib/python3.11/site-packages/rest_framework/locale/cs/LC_MESSAGES/django.mo first seen with mtime 1768985470.7220638
File /home/haron/miniconda3/envs/rsmc-env/lib/python3.11/site-packages/rest_framework/locale/hu/LC_MESSAGES/django.mo first seen with mtime 1768985470.740842
File /home/haron/miniconda3/envs/rsmc-env/lib/python3.11/site-packages/rest_framework/locale/ja/LC_MESSAGES/django.mo first seen with mtime 1768985470.7445977
File /home/haron/miniconda3/envs/rsmc-env/lib/python3.11/site-packages/rest_framework/locale/zh_Hant/LC_MESSAGES/django.mo first seen with mtime 1768985470.778399
File /home/haron/miniconda3/envs/rsmc-env/lib/python3.11/site-packages/rest_framework/locale/sl/LC_MESSAGES/django.mo first seen with mtime 1768985470.7708876
File /home/haron/miniconda3/envs/rsmc-env/lib/python3.11/site-packages/rest_framework/locale/vi/LC_MESSAGES/django.mo first seen with mtime 1768985470.778399
File /home/haron/miniconda3/envs/rsmc-env/lib/python3.11/site-packages/rest_framework/locale/zh_CN/LC_MESSAGES/django.mo first seen with mtime 1768985470.778399
File /home/haron/miniconda3/envs/rsmc-env/lib/python3.11/site-packages/rest_framework/locale/mk/LC_MESSAGES/django.mo first seen with mtime 1768985470.752109
File /home/haron/miniconda3/envs/rsmc-env/lib/python3.11/site-packages/rest_framework/locale/pt_PT/LC_MESSAGES/django.mo first seen with mtime 1768985470.7633762
File /home/haron/miniconda3/envs/rsmc-env/lib/python3.11/site-packages/rest_framework/locale/it/LC_MESSAGES/django.mo first seen with mtime 1768985470.7445977
File /home/haron/miniconda3/envs/rsmc-env/lib/python3.11/site-packages/rest_framework/locale/es/LC_MESSAGES/django.mo first seen with mtime 1768985470.729575
File /home/haron/miniconda3/envs/rsmc-env/lib/python3.11/site-packages/rest_framework/locale/en_CA/LC_MESSAGES/django.mo first seen with mtime 1768985470.729575
File /home/haron/miniconda3/envs/rsmc-env/lib/python3.11/site-packages/rest_framework/locale/ru_RU/LC_MESSAGES/django.mo first seen with mtime 1768985470.7671318
File /home/haron/miniconda3/envs/rsmc-env/lib/python3.11/site-packages/rest_framework/locale/sv/LC_MESSAGES/django.mo first seen with mtime 1768985470.7708876
File /home/haron/miniconda3/envs/rsmc-env/lib/python3.11/site-packages/rest_framework/locale/da/LC_MESSAGES/django.mo first seen with mtime 1768985470.7220638
File /home/haron/miniconda3/envs/rsmc-env/lib/python3.11/site-packages/rest_framework/locale/id/LC_MESSAGES/django.mo first seen with mtime 1768985470.7445977
File /home/haron/miniconda3/envs/rsmc-env/lib/python3.11/site-packages/rest_framework/locale/el/LC_MESSAGES/django.mo first seen with mtime 1768985470.7258193
File /home/haron/miniconda3/envs/rsmc-env/lib/python3.11/site-packages/rest_framework/locale/ca_ES/LC_MESSAGES/django.mo first seen with mtime 1768985470.7220638
File /home/haron/miniconda3/envs/rsmc-env/lib/python3.11/site-packages/rest_framework/locale/gl/LC_MESSAGES/django.mo first seen with mtime 1768985470.7370863
File /home/haron/miniconda3/envs/rsmc-env/lib/python3.11/site-packages/rest_framework/locale/no/LC_MESSAGES/django.mo first seen with mtime 1768985470.7558649
File /home/haron/miniconda3/envs/rsmc-env/lib/python3.11/site-packages/rest_framework/locale/ar/LC_MESSAGES/django.mo first seen with mtime 1768985470.7145524
File /home/haron/miniconda3/envs/rsmc-env/lib/python3.11/site-packages/rest_framework/locale/fa/LC_MESSAGES/django.mo first seen with mtime 1768985470.7333307
File /home/haron/miniconda3/envs/rsmc-env/lib/python3.11/site-packages/rest_framework/locale/el_GR/LC_MESSAGES/django.mo first seen with mtime 1768985470.7258193
File /home/haron/miniconda3/envs/rsmc-env/lib/python3.11/site-packages/rest_framework/locale/ru/LC_MESSAGES/django.mo first seen with mtime 1768985470.7671318
File /home/haron/miniconda3/envs/rsmc-env/lib/python3.11/site-packages/rest_framework/locale/gl_ES/LC_MESSAGES/django.mo first seen with mtime 1768985470.740842
File /home/haron/miniconda3/envs/rsmc-env/lib/python3.11/site-packages/rest_framework/locale/kk/LC_MESSAGES/django.mo first seen with mtime 1768985470.7483535
File /home/haron/miniconda3/envs/rsmc-env/lib/python3.11/site-packages/rest_framework/locale/fr/LC_MESSAGES/django.mo first seen with mtime 1768985470.7370863
File /home/haron/miniconda3/envs/rsmc-env/lib/python3.11/site-packages/rest_framework/locale/ne_NP/LC_MESSAGES/django.mo first seen with mtime 1768985470.7558649
File /home/haron/miniconda3/envs/rsmc-env/lib/python3.11/site-packages/rest_framework/locale/sk/LC_MESSAGES/django.mo first seen with mtime 1768985470.7671318
File /home/haron/miniconda3/envs/rsmc-env/lib/python3.11/site-packages/rest_framework/locale/en_US/LC_MESSAGES/django.mo first seen with mtime 1768985470.729575
File /home/haron/miniconda3/envs/rsmc-env/lib/python3.11/site-packages/rest_framework/locale/th/LC_MESSAGES/django.mo first seen with mtime 1768985470.7708876
File /home/haron/miniconda3/envs/rsmc-env/lib/python3.11/site-packages/rest_framework/locale/pl/LC_MESSAGES/django.mo first seen with mtime 1768985470.7633762
File /home/haron/miniconda3/envs/rsmc-env/lib/python3.11/site-packages/rest_framework/locale/nn/LC_MESSAGES/django.mo first seen with mtime 1768985470.7558649
File /home/haron/miniconda3/envs/rsmc-env/lib/python3.11/site-packages/rest_framework/locale/pt/LC_MESSAGES/django.mo first seen with mtime 1768985470.7633762
File /home/haron/miniconda3/envs/rsmc-env/lib/python3.11/site-packages/rest_framework/locale/ca/LC_MESSAGES/django.mo first seen with mtime 1768985470.718308
File /home/haron/miniconda3/envs/rsmc-env/lib/python3.11/site-packages/rest_framework/locale/en/LC_MESSAGES/django.mo first seen with mtime 1768985470.7258193
File /home/haron/miniconda3/envs/rsmc-env/lib/python3.11/site-packages/rest_framework/locale/az/LC_MESSAGES/django.mo first seen with mtime 1768985470.7145524
(0.060) 
            SELECT
                c.relname,
                CASE
                    WHEN c.relispartition THEN 'p'
                    WHEN c.relkind IN ('m', 'v') THEN 'v'
                    ELSE 't'
                END,
                obj_description(c.oid, 'pg_class')
            FROM pg_catalog.pg_class c
            LEFT JOIN pg_catalog.pg_namespace n ON n.oid = c.relnamespace
            WHERE c.relkind IN ('f', 'm', 'p', 'r', 'v')
                AND n.nspname NOT IN ('pg_catalog', 'pg_toast')
                AND pg_catalog.pg_table_is_visible(c.oid)
        ; args=None; alias=default
(0.005) SELECT "django_migrations"."id", "django_migrations"."app", "django_migrations"."name", "django_migrations"."applied" FROM "django_migrations"; args=(); alias=default
File /home/haron/kmd/kmd_web/web_service/forecasts/migrations/0001_initial.py first seen with mtime 1772532351.4728966
File /home/haron/miniconda3/envs/rsmc-env/lib/python3.11/site-packages/redis/_parsers/resp2.py first seen with mtime 1771146569.3469007
File /home/haron/miniconda3/envs/rsmc-env/lib/python3.11/site-packages/django/contrib/sessions/migrations/__init__.py first seen with mtime 1768985465.3581738
File /home/haron/miniconda3/envs/rsmc-env/lib/python3.11/site-packages/redis/commands/helpers.py first seen with mtime 1771146569.3709009
File /home/haron/miniconda3/envs/rsmc-env/lib/python3.11/site-packages/django/db/migrations/optimizer.py first seen with mtime 1768985465.5497136
File /home/haron/miniconda3/envs/rsmc-env/lib/python3.11/site-packages/django/contrib/contenttypes/migrations/0002_remove_content_type_name.py first seen with mtime 1768985464.5169015
File /home/haron/miniconda3/envs/rsmc-env/lib/python3.11/site-packages/django/contrib/auth/migrations/0005_alter_user_last_login_null.py first seen with mtime 1768985464.3929641
File /home/haron/kmd/kmd_web/web_service/user_accounts/migrations/0004_emaillog.py first seen with mtime 1774345485.5836384
File /home/haron/miniconda3/envs/rsmc-env/lib/python3.11/site-packages/django/db/migrations/graph.py first seen with mtime 1768985465.5459578
File /home/haron/miniconda3/envs/rsmc-env/lib/python3.11/site-packages/django/db/migrations/recorder.py first seen with mtime 1768985465.5497136
File /home/haron/miniconda3/envs/rsmc-env/lib/python3.11/site-packages/redis/retry.py first seen with mtime 1771146569.3309007
File /home/haron/miniconda3/envs/rsmc-env/lib/python3.11/site-packages/django/db/migrations/loader.py first seen with mtime 1768985465.5459578
File /home/haron/miniconda3/envs/rsmc-env/lib/python3.11/site-packages/redis/asyncio/sentinel.py first seen with mtime 1771146569.3549008
File /home/haron/miniconda3/envs/rsmc-env/lib/python3.11/site-packages/django/contrib/messages/middleware.py first seen with mtime 1768985464.982606
File /home/haron/miniconda3/envs/rsmc-env/lib/python3.11/site-packages/django/contrib/auth/migrations/0011_update_proxy_permissions.py first seen with mtime 1768985464.3929641
File /home/haron/miniconda3/envs/rsmc-env/lib/python3.11/site-packages/redis/_parsers/__init__.py first seen with mtime 1771146569.3349006
File /home/haron/miniconda3/envs/rsmc-env/lib/python3.11/site-packages/django/contrib/admin/migrations/0001_initial.py first seen with mtime 1768985464.0624642
File /home/haron/miniconda3/envs/rsmc-env/lib/python3.11/site-packages/redis/crc.py first seen with mtime 1771146569.3309007
File /home/haron/kmd/kmd_web/web_service/users/migrations/__init__.py first seen with mtime 1770369246.6366746
File /home/haron/miniconda3/envs/rsmc-env/lib/python3.11/site-packages/redis/_parsers/encoders.py first seen with mtime 1771146569.3469007
File /home/haron/miniconda3/envs/rsmc-env/lib/python3.11/site-packages/redis/auth/err.py first seen with mtime 1771146569.366901
File /home/haron/miniconda3/envs/rsmc-env/lib/python3.11/site-packages/django/contrib/auth/migrations/0008_alter_user_username_max_length.py first seen with mtime 1768985464.3929641
File /home/haron/kmd/kmd_web/web_service/news/migrations/0003_warning.py first seen with mtime 1772726753.4882276
File /home/haron/kmd/kmd_web/web_service/swfp_evaluation/migrations/__init__.py first seen with mtime 1771830629.5490937
File /home/haron/miniconda3/envs/rsmc-env/lib/python3.11/site-packages/redis/connection.py first seen with mtime 1771146569.3309007
File /home/haron/miniconda3/envs/rsmc-env/lib/python3.11/site-packages/django/middleware/clickjacking.py first seen with mtime 1768985465.602293
File /home/haron/kmd/kmd_web/web_service/home/migrations/__init__.py first seen with mtime 1769069307.1811097
File /home/haron/miniconda3/envs/rsmc-env/lib/python3.11/site-packages/django/contrib/auth/migrations/0012_alter_user_first_name_max_length.py first seen with mtime 1768985464.3929641
File /home/haron/miniconda3/envs/rsmc-env/lib/python3.11/site-packages/django/contrib/auth/migrations/0007_alter_validators_add_error_messages.py first seen with mtime 1768985464.3929641
File /home/haron/miniconda3/envs/rsmc-env/lib/python3.11/site-packages/django/db/migrations/writer.py first seen with mtime 1768985465.5497136
File /home/haron/miniconda3/envs/rsmc-env/lib/python3.11/site-packages/django/contrib/auth/migrations/0002_alter_permission_name_max_length.py first seen with mtime 1768985464.3929641
File /home/haron/miniconda3/envs/rsmc-env/lib/python3.11/site-packages/django/contrib/sessions/migrations/0001_initial.py first seen with mtime 1768985465.3581738
File /home/haron/miniconda3/envs/rsmc-env/lib/python3.11/site-packages/django/contrib/auth/migrations/0003_alter_user_email_max_length.py first seen with mtime 1768985464.3929641
File /home/haron/miniconda3/envs/rsmc-env/lib/python3.11/site-packages/django/db/migrations/executor.py first seen with mtime 1768985465.5459578
File /home/haron/kmd/kmd_web/web_service/products/migrations/__init__.py first seen with mtime 1770714927.04144
File /home/haron/kmd/kmd_web/web_service/user_accounts/migrations/__init__.py first seen with mtime 1772532351.7888913
File /home/haron/miniconda3/envs/rsmc-env/lib/python3.11/site-packages/redis/commands/sentinel.py first seen with mtime 1771146569.3709009
File /home/haron/miniconda3/envs/rsmc-env/lib/python3.11/site-packages/django/db/migrations/autodetector.py first seen with mtime 1768985465.5459578
File /home/haron/miniconda3/envs/rsmc-env/lib/python3.11/site-packages/redis/asyncio/lock.py first seen with mtime 1771146569.350901
File /home/haron/miniconda3/envs/rsmc-env/lib/python3.11/site-packages/redis/commands/policies.py first seen with mtime 1771146569.3709009
File /home/haron/miniconda3/envs/rsmc-env/lib/python3.11/site-packages/redis/auth/__init__.py first seen with mtime 1771146569.366901
File /home/haron/miniconda3/envs/rsmc-env/lib/python3.11/site-packages/redis/commands/redismodules.py first seen with mtime 1771146569.3709009
File /home/haron/miniconda3/envs/rsmc-env/lib/python3.11/site-packages/redis/asyncio/utils.py first seen with mtime 1771146569.3549008
File /home/haron/kmd/kmd_web/web_service/home/migrations/0001_initial.py first seen with mtime 1772532351.520896
File /home/haron/kmd/kmd_web/web_service/news/migrations/0001_initial.py first seen with mtime 1772532351.520896
File /home/haron/miniconda3/envs/rsmc-env/lib/python3.11/site-packages/django/contrib/auth/migrations/__init__.py first seen with mtime 1768985464.3929641
File /home/haron/kmd/kmd_web/web_service/user_accounts/migrations/0001_initial.py first seen with mtime 1772532351.7888913
File /home/haron/miniconda3/envs/rsmc-env/lib/python3.11/site-packages/redis/asyncio/cluster.py first seen with mtime 1771146569.350901
File /home/haron/miniconda3/envs/rsmc-env/lib/python3.11/site-packages/django/contrib/contenttypes/migrations/__init__.py first seen with mtime 1768985464.5169015
File /home/haron/miniconda3/envs/rsmc-env/lib/python3.11/site-packages/redis/credentials.py first seen with mtime 1771146569.3309007
File /home/haron/miniconda3/envs/rsmc-env/lib/python3.11/site-packages/django/middleware/common.py first seen with mtime 1768985465.602293
File /home/haron/miniconda3/envs/rsmc-env/lib/python3.11/site-packages/django/contrib/admin/migrations/0003_logentry_add_action_flag_choices.py first seen with mtime 1768985464.0662198
File /home/haron/kmd/kmd_web/web_service/pages/migrations/0001_initial.py first seen with mtime 1772532351.6008945
File /home/haron/kmd/kmd_web/web_service/forecasts/migrations/0002_remove_forecast_file_forecast_file_path_and_more.py first seen with mtime 1772979188.3957527
File /home/haron/miniconda3/envs/rsmc-env/lib/python3.11/site-packages/django/core/management/commands/migrate.py first seen with mtime 1768985465.5084012
File /home/haron/miniconda3/envs/rsmc-env/lib/python3.11/site-packages/django/contrib/sessions/backends/db.py first seen with mtime 1768985465.226725
File /home/haron/miniconda3/envs/rsmc-env/lib/python3.11/site-packages/redis/lock.py first seen with mtime 1771146569.3309007
File /home/haron/miniconda3/envs/rsmc-env/lib/python3.11/site-packages/redis/_parsers/hiredis.py first seen with mtime 1771146569.3469007
File /home/haron/miniconda3/envs/rsmc-env/lib/python3.11/site-packages/redis/asyncio/retry.py first seen with mtime 1771146569.3549008
File /home/haron/miniconda3/envs/rsmc-env/lib/python3.11/site-packages/django/contrib/auth/migrations/0004_alter_user_username_opts.py first seen with mtime 1768985464.3929641
File /home/haron/kmd/kmd_web/web_service/user_accounts/middleware.py first seen with mtime 1774589568.18774
File /home/haron/miniconda3/envs/rsmc-env/lib/python3.11/site-packages/redis/typing.py first seen with mtime 1771146569.3349006
File /home/haron/miniconda3/envs/rsmc-env/lib/python3.11/site-packages/redis/utils.py first seen with mtime 1771146569.3349006
File /home/haron/miniconda3/envs/rsmc-env/lib/python3.11/site-packages/redis/_parsers/resp3.py first seen with mtime 1771146569.3469007
File /home/haron/miniconda3/envs/rsmc-env/lib/python3.11/site-packages/redis/_parsers/socket.py first seen with mtime 1771146569.3469007
File /home/haron/miniconda3/envs/rsmc-env/lib/python3.11/site-packages/django/contrib/admin/migrations/__init__.py first seen with mtime 1768985464.0662198
File /home/haron/miniconda3/envs/rsmc-env/lib/python3.11/site-packages/redis/backoff.py first seen with mtime 1771146569.3189006
File /home/haron/miniconda3/envs/rsmc-env/lib/python3.11/site-packages/redis/commands/core.py first seen with mtime 1771146569.3709009
File /home/haron/miniconda3/envs/rsmc-env/lib/python3.11/site-packages/django/contrib/sessions/exceptions.py first seen with mtime 1768985465.2229693
File /home/haron/miniconda3/envs/rsmc-env/lib/python3.11/site-packages/redis/maint_notifications.py first seen with mtime 1771146569.3309007
File /home/haron/miniconda3/envs/rsmc-env/lib/python3.11/site-packages/redis/sentinel.py first seen with mtime 1771146569.3349006
File /home/haron/miniconda3/envs/rsmc-env/lib/python3.11/site-packages/redis/_parsers/helpers.py first seen with mtime 1771146569.3469007
File /home/haron/miniconda3/envs/rsmc-env/lib/python3.11/site-packages/django/contrib/auth/migrations/0010_alter_group_name_max_length.py first seen with mtime 1768985464.3929641
File /home/haron/miniconda3/envs/rsmc-env/lib/python3.11/site-packages/django/db/migrations/serializer.py first seen with mtime 1768985465.5497136
File /home/haron/kmd/kmd_web/web_service/swfp_evaluation/migrations/0001_initial.py first seen with mtime 1772532351.760892
File /home/haron/miniconda3/envs/rsmc-env/lib/python3.11/site-packages/redis/asyncio/__init__.py first seen with mtime 1771146569.350901
File /home/haron/miniconda3/envs/rsmc-env/lib/python3.11/site-packages/redis/asyncio/client.py first seen with mtime 1771146569.350901
File /home/haron/miniconda3/envs/rsmc-env/lib/python3.11/site-packages/redis/exceptions.py first seen with mtime 1771146569.3309007
File /home/haron/miniconda3/envs/rsmc-env/lib/python3.11/site-packages/django/contrib/auth/migrations/0006_require_contenttypes_0002.py first seen with mtime 1768985464.3929641
File /home/haron/kmd/kmd_web/web_service/news/migrations/0004_event.py first seen with mtime 1773040256.0340326
File /home/haron/miniconda3/envs/rsmc-env/lib/python3.11/site-packages/django/core/management/utils.py first seen with mtime 1768985465.5046453
File /home/haron/miniconda3/envs/rsmc-env/lib/python3.11/site-packages/django/contrib/sessions/backends/base.py first seen with mtime 1768985465.226725
File /home/haron/miniconda3/envs/rsmc-env/lib/python3.11/site-packages/redis/auth/token.py first seen with mtime 1771146569.366901
File /home/haron/miniconda3/envs/rsmc-env/lib/python3.11/site-packages/redis/_parsers/commands.py first seen with mtime 1771146569.3349006
File /home/haron/miniconda3/envs/rsmc-env/lib/python3.11/site-packages/redis/commands/__init__.py first seen with mtime 1771146569.3709009
File /home/haron/kmd/kmd_web/web_service/news/migrations/__init__.py first seen with mtime 1772532351.520896
File /home/haron/kmd/kmd_web/web_service/forecasts/migrations/__init__.py first seen with mtime 1770369164.953356
File /home/haron/kmd/kmd_web/web_service/national_met_services/migrations/__init__.py first seen with mtime 1770369188.8186114
File /home/haron/kmd/kmd_web/web_service/wrfapi/migrations/__init__.py first seen with mtime 1772532351.7888913
File /home/haron/kmd/kmd_web/web_service/news/migrations/0002_announcement_slug.py first seen with mtime 1772532351.520896
File /home/haron/miniconda3/envs/rsmc-env/lib/python3.11/site-packages/django/db/migrations/questioner.py first seen with mtime 1768985465.5497136
File /home/haron/miniconda3/envs/rsmc-env/lib/python3.11/site-packages/django/contrib/auth/migrations/0009_alter_user_last_name_max_length.py first seen with mtime 1768985464.3929641
File /home/haron/miniconda3/envs/rsmc-env/lib/python3.11/site-packages/django/core/management/commands/makemigrations.py first seen with mtime 1768985465.5084012
File /home/haron/miniconda3/envs/rsmc-env/lib/python3.11/site-packages/django/contrib/auth/migrations/0001_initial.py first seen with mtime 1768985464.3929641
File /home/haron/miniconda3/envs/rsmc-env/lib/python3.11/site-packages/django/contrib/admin/migrations/0002_logentry_remove_auto_add.py first seen with mtime 1768985464.0624642
File /home/haron/miniconda3/envs/rsmc-env/lib/python3.11/site-packages/redis/__init__.py first seen with mtime 1771146569.3189006
File /home/haron/miniconda3/envs/rsmc-env/lib/python3.11/site-packages/django/contrib/sessions/backends/__init__.py first seen with mtime 1768985465.226725
File /home/haron/miniconda3/envs/rsmc-env/lib/python3.11/site-packages/redis/commands/cluster.py first seen with mtime 1771146569.3709009
File /home/haron/miniconda3/envs/rsmc-env/lib/python3.11/site-packages/django/core/cache/backends/redis.py first seen with mtime 1768985465.4896226
File /home/haron/miniconda3/envs/rsmc-env/lib/python3.11/site-packages/redis/cache.py first seen with mtime 1771146569.3189006
File /home/haron/miniconda3/envs/rsmc-env/lib/python3.11/site-packages/django/core/management/sql.py first seen with mtime 1768985465.5046453
File /home/haron/kmd/kmd_web/web_service/nwp_models/migrations/__init__.py first seen with mtime 1770369220.0249817
File /home/haron/miniconda3/envs/rsmc-env/lib/python3.11/site-packages/redis/client.py first seen with mtime 1771146569.3189006
File /home/haron/kmd/kmd_web/web_service/pages/migrations/__init__.py first seen with mtime 1770775411.8415775
File /home/haron/miniconda3/envs/rsmc-env/lib/python3.11/site-packages/django/contrib/contenttypes/migrations/0001_initial.py first seen with mtime 1768985464.5169015
File /home/haron/miniconda3/envs/rsmc-env/lib/python3.11/site-packages/redis/asyncio/connection.py first seen with mtime 1771146569.350901
File /home/haron/kmd/kmd_web/web_service/user_accounts/migrations/0003_emailverification_used_at_and_more.py first seen with mtime 1773740050.1333005
File /home/haron/kmd/kmd_web/web_service/rsmc_config/config/wsgi.py first seen with mtime 1773329428.4075077
File /home/haron/miniconda3/envs/rsmc-env/lib/python3.11/site-packages/django/views/csrf.py first seen with mtime 1768985465.6248271
File /home/haron/miniconda3/envs/rsmc-env/lib/python3.11/site-packages/redis/cluster.py first seen with mtime 1771146569.3269005
File /home/haron/miniconda3/envs/rsmc-env/lib/python3.11/site-packages/redis/_parsers/base.py first seen with mtime 1771146569.3349006
File /home/haron/miniconda3/envs/rsmc-env/lib/python3.11/site-packages/redis/event.py first seen with mtime 1771146569.3309007
File /home/haron/kmd/kmd_web/web_service/user_accounts/migrations/0002_emaildelivery.py first seen with mtime 1773666611.4724307
